"hereare10adjectivesthatdescribetheearth:

large",diverse,beautiful,thriving,fragile,dynamic,ever-changing,fluid,solid,terrestrial,"herearethe10adjectivestodescribetheearth:

luminous",blue,spherical,rocky,atmospheric,vast,spinning,"hereare10adjectivesthatdescribetheearth:

unique",formidable,hostile,"herearethe10adjectivesthatdescribetheearth:

blue",round,earthly,ancient,resilient,hereisadescriptionoftheearthusing10adjectives,"separatedbycommas:

beautiful",wondrous,precious,"hereare10adjectivestodescribetheearth:

blue",habitable,water,"hereare10adjectivestodescribetheearth:

beautiful",vibrant,stunning,mysterious,"hereisadescriptionoftheearthusing10adjectives:

blue",turbulent,wonderful,"hereisadescriptionoftheearthusing10adjectives:

beautiful",rugged,serene,warm,fertile,teeming,"hereisadescriptionoftheearthusing10adjectives:

vibrant",rounded,watery,lush,mountainous,sandy,fragrant,living,changing,majestic,"herearethe10adjectivestodescribetheearth:

blue",hereare10adjectivesthatdescribetheearth,"separatedbycommas:

oceanic",complex,inhabited,green,varied,barren,terrestrial.,wet,"hereisthedescriptionoftheearthin10adjectives:

vibrant",awe-inspiring,life-filled,"hereare10adjectivestodescribetheearth:

round",water-covered,temperate,breathable,"hereisthedescriptionoftheearthin10adjectives:

vast",fascinating,unique,"hereare10adjectivesthatdescribetheearth:

blue",massive,radiant,"herearethe10adjectivesthatdescribetheearth:

vibrant",resilient.,"herearetenadjectivesthatdescribetheearth:

beautiful",humid,"hereare10adjectivestodescribetheearth:

vibrant",breathtaking,"hereare10adjectivesthatdescribetheearth:

big",delicate,"herearethe10adjectivesthatdescribetheearth:

big",airy,full,"hereisthedescriptionoftheearthusing10adjectives:

beautiful","herearethe10adjectivesthatdescribetheearth:

beautiful",imperfect,magnificent,liquid,abundant,expansive,herearethe10adjectivesthatdescribetheearth:beautiful,oceans,weathered,precious.,"hereisadescriptionoftheearthusing10adjectives:

diverse",tropical,icy,"herearetenadjectivestodescribetheearth:

blue","hereisadescriptionoftheearthusing10adjectives:

large","hereisadescriptionoftheearthusing10adjectives:

round",large,air-filled,"herearethe10adjectivestodescribetheearth:

vibrant",wild,hospitable,"herearethe10adjectivestodescribetheearth:

massive","hereisthedescriptionoftheearthin10adjectives:

blue",rotating,aquatic,volcanic,gaseous,natural,cold,dark,"herearethe10adjectives:

terrestrial","eachseparatedbyacomma:

blue",water-filled,"herearethe10adjectivestodescribetheearth:

large",gasgiant,oceanic,hereisthedescriptionoftheearthusing10adjectives,unpredictable,"separatedbycommas:

vibrant",wondrous.,herearetenadjectivestodescribetheearth:vast,"herearethe10adjectivesthatdescribetheearth:

diverse",intricate,sprawling,"herearethe10adjectivesthatdescribetheearth:

ball",dense,herearetheadjectives:blue,volatile,hereare10adjectivesthatdescribetheearth:blue,"herearethe10adjectivestodescribetheearth:

attractive",habitant,resourceful,explosive,unstable,hilly,cloudy,breezy,"herearethe10adjectivestodescribetheearth:

atmospheric","herearethe10adjectivestodescribetheearth:

vast","herearethe10adjectivesthatdescribetheearth:

large","herearethe10adjectivestodescribetheearth:

gasgiant",rich,"hereare10adjectivestodescribetheearth:

large",amazing,celestial,"herearethe10adjectivesthatdescribetheearth:

round",scorching,earthy,herearetheadjectivesthatdescribetheearth:blue,"herearethe10adjectives:

vast",dotted,ranged,oceanside,stormy,pristine,"hereare10adjectivesthatdescribetheearth:

dynamic",precarious,livable,herearetenadjectivestodescribetheearth,"separatedbycommas:

blue","herearethe10adjectivestodescribetheearth:

beautiful",spacious,powerful,dusty,"separatedbycommas:

round","hereisadescriptionoftheearthusing10adjectives:

vast",life-giving,"herearethe10adjectivesthatdescribetheearth:

vast",forested,"hereare10adjectivestodescribetheearth:

vast",peaceful,alive,"separatedbycommas:

terrestrial",arid,"separatedbycommas:

large",growing,"herearethe10adjectivesthatdescribetheearth:

oceanic",oxygenated,biodiverse,unspoiled,thick,"herearetenadjectivestodescribetheearth:

beautiful",hereare10adjectivestodescribetheearth,"separatedbycommas:

vast",woody,windy,waters,"hereare10adjectivesthatdescribetheearth:

diverse",hereare10adjectivestodescribetheearth:blue,aerial,fragile.,"herearethe10adjectivestodescribetheearth:

gentle","herearetenadjectivestodescribetheearth:

large","hereisthedescriptionoftheearthusing10adjectives:

terrestrial",herearethe10adjectivesthatdescribetheearth:blue,big,bountiful,unique.,"hereisthedescriptionoftheearthusing10adjectives:

vibrant",unconquerable,"hereisthedescriptionoftheearthusing10adjectives:

large","hereistheearthdescribedusing10adjectives:

diverse",threatened,"eachseparatedbyacomma:

vast",old,"hereisadescriptionoftheearthusing10adjectives:

majestic","separatedbycommas:

beautifulvastbluegreenrockybarrenicyhumidtropical","hereare10adjectivestodescribetheearth:

dynamic",evolving,"hereare10adjectivesthatdescribetheearth:

terrestrial","hereare10adjectivestodescribetheearth:

oceanic","herearetenadjectivesthatdescribetheearth:

blue","hereare10adjectivesthatdescribetheearth:

round","herearetenadjectivestodescribetheearth:

vibrant","hereare10adjectivesthatdescribetheearth:

oceanic","hereare10adjectivestodescribetheearth:

big",hollow,"hereisthedescriptionoftheearthusing10adjectives:

blue",lively,"herearethe10adjectives:

blue",winding,"hereare10adjectivesthatdescribetheearth:

beautiful",life-supporting,"herearethe10adjectivesthatdescribetheearth:

sphere",oxygen-rich,"hereisadescriptionoftheearthusing10adjectives:

gaseous",ocean-covered,"separatedbycommas:

natural",verdant,fresh,"separatedbycommas:

diverse",metallic,hereare10adjectivesthatdescribetheearth:beautiful,layered,"hereare10adjectivesthatdescribetheearth:

vibrant",frozen,"hereare10adjectivestodescribetheearth:

terrestrial",revolving,fragil,cyclic,"hereisthedescriptionoftheearthusing10adjectives:

diverse",water-rich,temperamental,"separatedbycommas:

spacious",rockey,"hereisadescriptionoftheearthusing10adjectives:

amazinglybluebeautifulcomplexdiverseearthyflawlessfragilegleaminggreen

note:itriedtochoosewordsthatarecommonlyusedtodescribetheearth",butkeptinmindthateachwordonlyhasoneadjectiveassociation.itwasafunchallengetocomeupwith,"herearetenadjectivesthatdescribetheearth:

rounded",uneven,hereare10adjectivestodescribetheearth:vast,unforgiving,atmosphered,"herearethe10adjectivestodescribetheearth:

fertile",air-breathing,populated,herearetenadjectivesthatdescribetheearth,lifeless,nurturing,vital,"hereisadescriptionoftheearthusing10adjectives:

big","hereisadescriptionoftheearthusing10adjectives:

dense","hereisthedescriptionoftheearthin10adjectives:

beautiful","eachseparatedbyacomma:

beautiful",captivating,floating,"herearethe10adjectives:

diverse","hereisthedescriptionoftheearthusing10adjectives:

mighty",rolling,"hereisadescriptionoftheearthin10adjectives:

vast","separatedbycommas:

big","hereare10adjectivesthatdescribetheearth:

atmospheric",flat,deep,"herearethe10adjectives:

unique","herearetheadjectivesthatdescribetheearth:

vast","hereisadescriptionoftheearthusing10adjectives:

giant","hereisadescriptionoftheearthusing10adjectives:

oceanic",carbon-based,"hereare10adjectivesthatdescribetheearth:

huge",life-bearing,incredible,hereistheearthdescribedusing10adjectives,herearethe10adjectivestodescribetheearth:beautiful,herearethe10adjectivestodescribetheearth:blue,habitable.,bioluminescent,catastrophic,crushing,curved,gorgeous,vulnerable,"separatedbycommas:

massive","herearethe10adjectivestodescribetheearth:

big",glowing,"herearetenadjectivesthatdescribetheearth:

large","hereisadescriptionoftheearthusing10adjectives:

rocky",scenic,"hereisthedescriptionoftheearthusing10adjectives:

dense","herearetenadjectivestodescribetheearth:

round","herearetenadjectivesthatdescribetheearth:

expansive","separatedbycommas:

planet",magnetic,"hereisadescriptionoftheearthusing10adjectives:

breathtaking","hereare10adjectivestodescribetheearth:

rotating",energetic,"separatedbycommas:

gorgeous",oval,orbiting,herearetenadjectivestodescribetheearth:beautiful,livable.,hot,"eachseparatedbyacomma:

big",busy,buzzing,dramatic,slow,"hereisthedescriptionoftheearthusing10adjectives:

gorgeous","hereisadescriptionoftheearthusing10adjectives:

terrestrial","hereisadescriptionoftheearthin10adjectives:

blue","herearetheadjectivesiusedtodescribetheearth:

atmospheric",glorious,hereare10adjectivesthatdescribetheearth:vast,planet,"hereare10adjectivestodescribetheearth:

able","hereisadescriptionoftheearthusing10adjectives:

beautifulblueplanet",roundlarge,diversevaried,complexdynamic,lushgreen,vastocean,fragrantair,teeminglife,icycold,mysticalwonderful,"hereare10adjectivesthatdescribetheearth:

earthly","hereisadescriptionoftheearthusing10adjectives:

unique","herearethe10adjectivestodescribetheearth:

diverse","herearetenadjectivesthatdescribetheearth:

rotating",green.,"hereisthedescriptionoftheearthusing10adjectives:

fertile",buoyant,life-sustaining,hereisthedescriptionoftheearthin10adjectives,"hereisadescriptionoftheearthusing10adjectives:

vibrantblueplanetearthiscomposedofwaterandland",surroundedbyair,influencedbygravity,nurturedbysunlight,hometodiverselife,richinminerals,subjecttoweather,shapedbytectonicplates,orbitingastar,capableofsupportinglife.,"herearethe10adjectivesthatdescribetheearth:

terrific","hereisadescriptionoftheearthusing10adjectives:

amazing","herearethe10adjectivestodescribetheearth:

bluish","herearethe10adjectivestodescribetheearth:

amazing","herearetenadjectivesthatdescribetheearth:

big",special,circular,active,"herearethe10adjectivestodescribetheearth:

dynamic",complex.,"hereare10adjectivesthatdescribetheearth:

fertile",warming,"hereisthedescriptionoftheearthusing10adjectives:

territorial",valuable,"separatedbycommas:

amazing","hereare10adjectivestodescribetheearth:

beautifulblueterrestriallandmass",hereisadescriptionoftheearthin10adjectives,"hereare10adjectivesthatdescribetheearth:

planet","herearetheadjectivesthatdescribetheearth:

oceansblue",continentsvast,mountainsrugged,forestslush,desertshot,riverswinding,citiesbustling,volcanoestowering,canyonsdeep,climatesvaried,"hereisadescriptionoftheearthusing10adjectives:

beautifulvastdiversefertilewetrockybarrenicyserene","herearethe10adjectives:

terrific","hereare10adjectivesthatdescribetheearth:

gigantic","hereare10adjectivestodescribetheearth:

huge",breatheable,brilliant,battered,"herearetenadjectivestodescribetheearth:

spacious","herearethe10adjectivesthatdescribetheearth:

terrestrial","herearethe10adjectivesthatdescribetheearth:

breathtaking",historic,"herearethe10adjectivesthatdescribetheearth:

fertile","hereistheearthdescribedin10adjectives:

vibrant","separatedbycommas:

fertile",ecosystems,grateful,hereare10adjectivestodescribetheearth:beautiful,terrific,fossil-rich,chaotic,towering,"hereisadescriptionoftheearthusing10adjectives:

atmospheric","hereare10adjectivestodescribetheearth:

blind",magical,aqueous,"separatedbycommas:

oval",venerable,"hereistheearthdescribedwith10adjectives:

blue",stable,desolate,lovely,"hereare10adjectivestodescribetheearth:

giant",vast.,"herearetenadjectivestodescribetheearth:

gaseous",beautiful.,swirling,sweltering,"herearethe10adjectivestodescribetheearth:

oceanic","hereisthedescriptionoftheearthusing10adjectives:

amazing",oceanic.,eclectic,"hereisadescriptionoftheearthusing10adjectives:

beautifulbluesphere",vibrantgreenforests,diverseoceanecosystems,icypolarregions,vastdeserts,rockymountainranges,gentleatmosphericcurrents,soothingsoundscapes,fragrantnaturalscents,teemingwildlifehabitats,"separatedbycommas:

oceansvast",mountainstowering,plainsflat,riverswide,landsvaried,earth'sbeauty,sacred,thin,wavy,geologicallyactive,"hereisadescriptionoftheearthusing10adjectives:

beautifulbluegreenrockymountainouswater-coveredvolcanicaerialmassive",grassy,"herearethe10adjectivestodescribetheearth:

round",vegetated,biotic,heated,oxygenic,"herearethe10adjectivesthatdescribetheearth:
celestial","hereare10adjectivestodescribetheearth:

oxygenate",tectonic,"hereisthedescriptionoftheearthusing10adjectives:

big",bright,bulging,burning,"herearetenadjectivestodescribetheearth:

oceanic",hereistheearthdescribedin10adjectives,"separatedbycommas:

majestic","hereisadescriptionoftheearthusing10adjectives:

fragile","eachseparatedbyacomma:

amazing","eachseparatedbyacomma:

round",essential,extraordinary,"herearethe10adjectivestodescribetheearth:

terrestrial","hereare10adjectivestodescribetheearth:

oceansvast",riversflowing,weathervaried,climatechanging,wildlifediverse,earthspinning,blueplanet,finite,hazy,herearethe10adjectivesthatdescribetheearth:vast,turquoise,"herearetheadjectivesthatdescribetheearth:

large","hereisthedescriptionoftheearthin10adjectives:

large","hereisadescriptionoftheearthusing10adjectives:

green",inhabitable,"herearethe10adjectivesthatdescribetheearth:

unique","hereistheearthdescribedusing10adjectives:

large","hereare10adjectivestodescribetheearth:

fertile","hereistheearthdescribedusing10adjectives:

rotating","herearethe10adjectivestodescribetheearth:

planet",gas,desert,"herearethe10adjectivesthatdescribetheearth:

amazing",glassy,mighty,"hereisadescriptionoftheearthin10adjectives:

round",inhabited.,"herearethe10adjectivestodescribetheearth:

rotating",cratered,"herearethe10adjectivestodescribetheearth:

majestic","separatedbycommas:

unique","hereisadescriptionoftheearthusing10adjectives:

largest",mostpopulous,interesting,"hereisthedescriptionoftheearthusing10adjectives:

vast","herearethe10adjectivesthatdescribetheearth:

planetary","hereisthedescriptionoftheearthusing10adjectives:

atmospheric",biological,"hereare10adjectivesthatdescribetheearth:

terraformed","herearethe10adjectivesthatdescribetheearth:

gasgiant",boisterous,boundless,"hereisadescriptionoftheearthusing10adjectives:

fertile","hereisadescriptionoftheearthusing10adjectives:

mighty",ecological,uninhabitable,"hereisadescriptionoftheearthin10adjectives:

green","herearethe10adjectivesthatdescribetheearth:

majestic",dynamic.,"herearethe10adjectivestodescribetheearth:

sphere",breathing,covered,herearethe10adjectivestodescribetheearth:vibrant,endangered,gravitational,"separatedbycommas:

rotund","eachseparatedbyacomma:

vibrant","hereisthedescriptionoftheearthusing10adjectives:

round",herearetheadjectivesthatdescribetheearth,"separatedbycommas:

planetary","hereisadescriptionoftheearthusing10adjectives:

aging",deserted,"hereisadescriptionoftheearthusing10adjectives:

terrific","hereare10adjectivestodescribetheearth:

distant","hereisadescriptionoftheearthin10adjectives:

beautiful","herearetenadjectivestodescribetheearth:

fertile","hereare10adjectivestodescribetheearth:

mighty","separatedbycommas:

bountiful",movable,"hereisthedescriptionoftheearthusing10adjectives:

natural",remarkable,terrible,"hereisthedescriptionoftheearthusing10adjectives:

asteroid",ferocious,"herearethe10adjectives:

beautiful","eachseparatedbyacomma:

large","hereistheearthdescribedusing10adjectives:

asteroid",herearethe10adjectivesthatdescribetheearth:terrestrial,vibrant.,"hereare10adjectivestodescribetheearth:

unique","herearetenadjectivestodescribetheearth:

rocky","hereare10adjectivestodescribetheearth:

amazing",molten,"herearethe10adjectivesthatdescribetheearth:

planet",airless,evolving.,"herearethe10adjectivesthatdescribetheearth:

pristine","hereisadescriptionoftheearthusing10adjectives:

gorgeous","herearethe10adjectivesthatdescribetheearth:

giant","hereare10adjectivesthatdescribetheearth:

vast","hereisadescriptionoftheearthusing10adjectives:

planet","hereare10adjectivesthatdescribetheearth:

rolling","herearethe10adjectivestodescribetheearth:

spacious",land,"hereisthedescriptionoftheearthin10adjectives:

turbid","herearethe10adjectivesthatdescribetheearth:

spacious",tempestuous,"herearethe10adjectivesthatdescribetheearth:

able",serene.,mystical,"hereare10adjectivestodescribetheearth:

lush",waterlogged,scorched,"separatedbycommas:

breathtaking",hereare10adjectivestodescribetheearth:massive,"herearethe10adjectivesthatdescribetheearth:

atmospheric",hydrogen-rich,rock-strewn,ecosystem,sustaining,"hereare10adjectivestodescribetheearth:

complex","herearethe10adjectivesthatdescribetheearth:

glorious",humble,home,"hereare10adjectivestodescribetheearth:

atmospheric","hereare10adjectivesthatdescribetheearth:

natural","hereare10adjectivestodescribetheearth:

gigantic",tilted,"hereisthedescriptionoftheearthusing10adjectives:

dynamic","herearetheadjectivestodescribetheearth:

vibrant",immense,"herearetenadjectivestodescribetheearth:

rotating","hereare10adjectivesthatdescribetheearth:

gaseous","hereisadescriptionoftheearthusing10adjectives:

earth","hereisadescriptionoftheearthusing10adjectives:

beautifulblue",rockyrough,waterwavy,greenlush,mountainsteep,coldchilly,quietpeaceful,diversevibrant,fragileprecious,"herearethe10adjectivestodescribetheearth:

mountainous","hereare10adjectivestodescribetheearth:

1.blue
2.round
3.vibrant
4.diverse
5.unstable
6.thriving
7.mysterious
8.fragile
9.beautiful
10.wondrous","herearetheadjectivesthatdescribetheearth:

vibrant",hereare10adjectivestodescribetheearth:vibrant,calm,"hereare10adjectivestodescribetheearth:

diverse",continental,polar,deciduous,"herearethe10adjectivestodescribetheearth:

amazinglydiverse",lushlygreen,vastlyopen,"hereisadescriptionoftheearthusing10adjectives:

earthly","hereisthedescriptionoftheearthusing10adjectives:

majestic","herearethe10adjectivestodescribetheearth:

tropical",herearethe10adjectivestodescribetheearth:massive,hazardous,organized,supportive,hereistheearthdescribedwith10adjectives,"separatedbycommas:

sphere","hereisadescriptionoftheearthusing10adjectives:

natural","hereisthedescriptionoftheearthusing10adjectives:

gentle",biome,spheres,"herearethe10adjectivestodescribetheearth:

volcanic",crowded,"hereisthedescriptionoftheearthusing10adjectives:

spacious",flattening,"hereistheearthdescribedusing10adjectives:

blue","herearetenadjectivestodescribetheearth:

massive","hereisadescriptionoftheearthusing10adjectives:

rotating",rough,hereare10adjectivesthatdescribetheearth:vibrant,"hereisthedescriptionoftheearthusing10adjectives:

beautifulblueplanet",largerotatingball,naturalatmosphericcovering,diverseecosystems,lushforests,vastoceans,rockycrust,temperaturevaryingzones,fragileecosystem,uniquehome,noisy,"herearethe10adjectivestodescribetheearth:

gaseous","herearethe10adjectivesthatdescribetheearth:

water","herearetenadjectivestodescribetheearth:

mountainous",resplendent.,"herearetenadjectivesthatdescribetheearth:

diverse","herearethe10adjectivestodescribetheearth:

volatile","hereare10adjectivesthatdescribetheearth:

geological","herearethe10adjectivesthatdescribetheearth:

oxygen-rich",rotund,liveable,fluffy,flawed,"hereisthedescriptionoftheearthusing10adjectives:

breathtaking",continents,herearetheadjectivestodescribetheearth:vast,moving,"hereare10adjectivesthatdescribetheearth:

terrifying","hereistheearthdescribedwith10adjectives:

big","hereisthedescriptionoftheearthin10adjectives:

planet","herearetheadjectives:

mighty","hereisadescriptionoftheearthusing10adjectives:

amazinglybeautifulvastvibrantdiverselivelysprawlingmajesticruggeddynamic","herearetenadjectivestodescribetheearth:

planet","herearetenadjectivesthatdescribetheearth:

terrestrial","hereisadescriptionoftheearthusing10adjectives:

spacious","eachseparatedbyacomma:

green",familiar,"herearethe10adjectivesthatdescribetheearth:

volatile","herearetheadjectivestodescribetheearth:

beautiful","separatedbycommas:

giant",murky,"hereare10adjectivestodescribetheearth:

gaseous","herearethe10adjectivesthatdescribetheearth:

massive",welcoming,"hereisadescriptionoftheearthusing10adjectives:

larger","herearethe10adjectivesthatdescribetheearth:

rocky","hereare10adjectivesthatdescribetheearth:

giant",resplendent,giant,"hereisadescriptionoftheearthusing10adjectives:

tropical","eachseparatedbyacomma:

terrestrial","hereisadescriptionoftheearthusing10adjectives:

dynamic","herearetenadjectivestodescribetheearth:

terrestrial",herearethe10adjectivesthatdescribetheearth:vibrant,home.,herearetenadjectivestodescribetheearth:blue,expanding,"hereisthelistofadjectivestodescribetheearth:

beautiful",hereare10adjectivesthatdescribetheearth:big,herearethe10adjectivesthatdescribetheearth:massive,"herearethe10adjectives:

round","hereisthedescriptionoftheearthusing10adjectives:

green",turbulent.,"hereisthedescriptionoftheearthusing10adjectives:

beautifulvast",breathtakingdiverse,"separatedbycommas:

gaseous",blue-green,"separatedbycommas:

turbulent","hereistheearthdescribedusing10adjectives:

vibrant",imperfect.,"hereisadescriptionoftheearthusing10adjectives:

beautifulbluevastrockybarrenicycoldlushvibrant",herearetheadjectivesthatdescribetheearth:vast,geological,"hereisadescriptionoftheearthusing10adjectives:

abeautifulbluevastatmosphericterrestrialrockyoceansicaridmountainous","hereare10adjectivestodescribetheearth:
beautiful",incredible.,remote,flora-rich,"herearethe10adjectives:

gaseous",wonderful.,brown,hereare10adjectivesthatdescribetheearth:terrestrial,extreme,"hereare10adjectivesthatdescribetheearth:

bluish","herearethe10adjectivesthatdescribetheearth:

volcanic","hereisthedescriptionoftheearthin10adjectives:

round",herearethe10adjectivesthatdescribetheearth:round,symbiotic,herearetenadjectivestodescribetheearth:vibrant,awe-inspiring.,"herearethe10adjectivesthatdescribetheearth:

stunning","hereisadescriptionoftheearthusing10adjectives:

luminous","herearethe10adjectivesthatdescribetheearth:

natural",ever-changing.,temperate.,scarred,"hereare10adjectivestodescribetheearth:

busy","herearetenadjectivesthatdescribetheearth:

solid",herearethe10adjectivesthatdescribetheearth:big,"hereare10adjectivestodescribetheearth:

planetary",tumultuous,"hereisadescriptionoftheearthusing10adjectives:

turbulent",herearetenadjectivestodescribetheearth:big,planetary,"separatedbycommas:

terrific",veiled,ephemeral,"hereisadescriptionoftheearthusing10adjectives:

sphere",oxygenate,theansweris,hepaidhim$72.00(e.g.$0.00).inthecontextofthisexample,hisitemizationisatableofexcusedcashtransactions;itisthemostcommonkindofcashtransactionreporttable.themostcommontypeofunpaidcashtransaction,generallytablestructureliketheonegivenhere,is,weary,variable,hereare10adjectivestodescribetheearth:rotating,herearetenadjectivestodescribetheearth:round,lush.,"hereare10adjectivesthatdescribetheearth:

amazing","eachseparatedbyacomma:

fertile","hereisadescriptionoftheearthusing10adjectives:

oval","hereare10adjectivestodescribetheearth:

gasgiantwithrockysolidliquidoceanscoveredsolidcontinents","hereisthedescriptionoftheearthin10adjectives:

big",massive.,"hereisadescriptionoftheearthusing10adjectives:

beautifulbluegreenvibrantvastserenetranquilmountainouswateryrocky","hereisthedescriptionoftheearthin10adjectives:

beautifulbluegreenvastlandmasshabitablerockyice-filledliquid","hereare10adjectivestodescribetheearth:

massive",salty,inspiring,"eachseparatedbyacomma:

gorgeous",enchanting,ancient.,"herearethe10adjectivesthatdescribetheearth:

oval",mountains,"hereisthedescriptionoftheearthusing10adjectives:

earthly","separatedbycommas:

cruel",mutable,cool,"hereisthelistofadjectivestodescribetheearth:

blue","hereare10adjectivesthatdescribetheearth:

gorgeous",swampy,dry,"herearetenadjectivesthatdescribetheearth:

amazing","hereare10adjectivesthatdescribetheearth:

rocky","herearethe10adjectives:

large",changing.,"herearetenadjectivesthatdescribetheearth:

vibrantblueplanet",rockysurface,gaseousatmosphere,greenforests,coldtundras,scorchingdeserts,mistymountains,humidclimates,temperatezones.,"herearetheadjectivesthatdescribetheearth:

blue","herearethe10adjectivesthatdescribetheearth:

rotating","herearethe10adjectivesthatdescribetheearth:

dynamic",majestic.,"herearethe10adjectivesthatdescribetheearth:

gorgeous","hereisadescriptionoftheearthin10adjectives:

large",herearetheadjectivesthatdescribetheearth:round,steady,"separatedbycommas:

luminous","hereisadescriptionoftheearthusing10adjectives:

beautifulblueplanetroundrockyspinningoceansatmosphericgases","herearethe10adjectives:

vibrant",cooling,"hereisthedescriptionoftheearthusing10adjectives:

beautifulblue",diversegreen,vastrocky,hereare10adjectivestodescribetheearth:round,"herearethe10adjectivestodescribetheearth:

unique","herearetenadjectivesthatdescribetheearth:

planet","hereare10adjectivesthatdescribetheearth:
vast","separatedbycommas:

atmospheric","herearetenadjectivesthatdescribetheearth:

earthly","hereare10adjectivestodescribetheearth:

natural","hereisadescriptionoftheearthin10adjectives:

beautifulblue","hereare10adjectivesthatdescribetheearth:

spacious","eachseparatedbyacomma:

unique","separatedbycommas:

dense","hereisthedescriptionoftheearthusing10adjectives:

rocky","eachseparatedbyacomma:

aging","hereisadescriptionoftheearthin10adjectives:

vibrant","separatedbycommas:

terrrestrial","herearethe10adjectivesthatdescribetheearth:

oceans",axial,"eachseparatedbyacomma:

beautifulvastdiversemountainoustemperateicyfrozensereneoceanic","hereare10adjectivesthatdescribetheearth:

expansive",irregular,"herearethe10adjectivestodescribetheearth:

wondrous",fragmented.,aerated,"herearethe10adjectivestodescribetheearth:

planetary",fiery,fragrant.,"separatedbycommas:

beautifulblueplanet","herearethe10adjectivestodescribetheearth:

green","separatedbycommas:

dynamic","hereare10adjectivesthatdescribetheearth:

rotating",thriving.,"hereisthedescriptionoftheearthusing10adjectives:

beautifulbluevibrantgreenvastunpredictablevastoceansfreshwatercontinents",tranquil,"hereistheearthdescribedwith10adjectives:

atmospheric","hereare10adjectivestodescribetheearth:

terrific","separatedbycommas:

green","separatedbycommas:

largest",oldest,hazey,peculiar,"herearetenadjectivestodescribetheearth:

diverse","hereisadescriptionoftheearthusing10adjectives:

lush",gas-filled,"hereisthedescriptionoftheearthusing10adjectives:

unique",air,elusive,"separatedbycommas:

largerthanlarge",roundinshape,"hereisthedescriptionoftheearthin10adjectives:

diverse","separatedbycommas:

oceansblue",atmospherethick,waterfallscascading,snow-capped,biologically,mesmerizing,"separatedbycommas:

beautifulblueoceans",vastgreenforests,diversemountainranges,ancientfossils,rockyterrain,icytundras,hotdeserts,lushtropicalislands,dynamicweathersystems,fragileecosystems,nourishing,herearetenadjectivesthatdescribetheearth:vibrant,oceansic,drought-prone,seasonal,"hereisadescriptionoftheearthusing10adjectives:

amazinglybeautifuldiversefragilehabitablelargemountainousnaturalplanetrocky","hereisadescriptionoftheearthusing10adjectives:

astonishingbluevibrantswirlingdynamicfascinatingbeautifulancienteeriemysterious",earth,"herearetenadjectivestodescribetheearth:

breathtaking","separatedbycommas:

gentle",isolated,tiny,marvelous,densely,populous,industrial,swirly,"separatedbycommas:

rotating","separatedbycommas:

lively","herearetenadjectivesthatdescribetheearth:

green",rapidly,"herearetenadjectivestodescribetheearth:

vast",living.,splendid.,freshwater,"hereistheearthdescribedwith10adjectives:

vibrant","hereare10adjectivestodescribetheearth:

planet","hereare10adjectivestodescribetheearth:

gentle",violent,"hereare10adjectivesthatdescribetheearth:

mountainous","hereare10adjectivestodescribetheearth:

asteroid",gentle,life-rich,"separatedbycommas:

lush","hereare10adjectivesthatdescribetheearth:

massive","hereare10adjectivesthatdescribetheearth:

asteroid-sized",fragmented,water-logged,tundrascold,valleysgreen,lifeteeming,"hereare10adjectivestodescribetheearth:

spacious",rhythmic,"herearethe10adjectivesthatdescribetheearth:

1.round
2.blue
3.diverse
4.fragile
5.beautiful
6.mountainous
7.oceanside
8.dynamic
9.vast
10.terrestrial","herearethe10adjectivestodescribetheearth:

1.majestic
2.fertile
3.volcanic
4.diverse
5.pristine
6.turbulent
7.beautiful
8.hostile
9.endangered
10.wondrous","hereisadescriptionoftheearthusing10adjectives:

beautifulbluevibrantgreenmassiverockycoralicyfertile","herearetheadjectivestodescribetheearth:

liquid",sparkling,"hereare10adjectivesthatdescribetheearth:

lush","herearetheadjectivesthatdescribetheearth:

big","separatedbycommas:

earthly",fluctuating,"herearethe10adjectivestodescribetheearth:

active","herearetheadjectives:

big","herearethe10adjectivesthatdescribetheearth:

gigantic","herearethe10adjectivesthatdescribetheearth:

gaseous","herearetenadjectivesthatdescribetheearth:

vibrant",landmasses,atmosphere,"herearetenadjectivesthatdescribetheearth:

rocky",geologic,herearetheadjectives:earthisvast,"hereare10adjectivestodescribetheearth:

wondrous",distant,sunny,"herearetenadjectivesthatdescribetheearth:

vast",botanical,behemoth,"herearetheadjectives:

vibrant","separatedbycommas:

volcanic",habituated,"herearethe10adjectives:

giant",evergreen,crystal,"hereisthelistofadjectives:

vibrant","herearetheadjectives:

vast",freezing,"hereare10adjectivestodescribetheearth:

sphere",organic,"hereisadescriptionoftheearthusing10adjectives:

massive",coastal,"herearetheadjectivesthatdescribetheearth:

giant","hereare10adjectivesthatdescribetheearth:

territorial",enormous,"herearethe10adjectivesthatdescribetheearth:

astonishing","hereisthedescriptionoftheearthusing10adjectives:

gaseous","separatedbycommas:

avast","herearethe10adjectivesthatdescribetheearth:

1.beautiful
2.vibrant
3.diverse
4.terrestrial
5.expansive
6.turbulent
7.fertile
8.dynamic
9.mysterious
10.breathtaking","herearethe10adjectivesthatdescribetheearth:

1.beautiful
2.vast
3.diverse
4.wondrous
5.fragmented
6.fragile
7.ancient
8.dynamic
9.terrestrial
10.habitable","hereisadescriptionoftheearthusing10adjectives:

cruel","herearetenadjectivesthatdescribetheearth:

amazinglybeautifulvastdiversemountainousruggedthrivingrichbreathtaking",global,"eachseparatedbyacomma:

beautifulvastvibrantdiversefragileresilientcreativedynamicever-changing","hereare10adjectivesthatdescribetheearth:

crumbling",bustling,eerie,exquisite,"hereare10adjectivestodescribetheearth:

terraformed","herearethe10adjectivesthatdescribetheearth:

celestial",bubbly,"hereistheearthdescribedusing10adjectives:

vast","hereisthedescriptionoftheearthin10adjectives:

majestic",frigid,"hereistheearthdescribedin10adjectives:

blue",breathless,"hereisadescriptionoftheearthusing10adjectives:

beautifulbluevibrantgreenterrestrialmassivevariedweatheredrocky","hereisthedescriptionoftheearthusing10adjectives:

amazinglybeautiful",constantly,"herearethe10adjectivestodescribetheearth:
planetary","herearethe10adjectivestodescribetheearth:

turbulent","herearetenadjectivestodescribetheearth:

gasgiant","herearethe10adjectivestodescribetheearth:

natural","separatedbycommas:

active",soothing,"herearethe10adjectivestodescribetheearth:

expansive",harsh,round.,"herearetenadjectivesthatdescribetheearth:

spacious","hereisthedescriptionoftheearthusing10adjectives:

beautifulvastdiversevibrantdynamicnaturalfreewildwonderfulhuge","herearetenadjectivestodescribetheearth:

expansive","herearethe10adjectivesthatdescribetheearth:

gentle","hereisadescriptionoftheearthusing10adjectives:

planetary",life-giving.,"hereisthedescriptionoftheearthusing10adjectives:

planet","herearetenadjectivestodescribetheearth:

unique","herearetenadjectivesthatdescribetheearth:

precious","hereisadescriptionoftheearthusing10adjectives:

vibrantbluegreenterrestrialvastspinninglivingatmosphericdynamic","herearethe10adjectivesthatdescribetheearth:

terraformed",renewable,herearethe10adjectivestodescribetheearth:vast,hurtful,awesome,balanced,beguiling,orbital,herearetenadjectivesthatdescribetheearth:beautiful,"herearetheadjectivesthatdescribetheearth:

round","herearethe10adjectivestodescribetheearth:

gorgeous","hereistheearthdescribedusing10adjectives:

beautiful","herearetheadjectivestodescribetheearth:

terrestrial","hereisthelistof10adjectivesthatdescribetheearth:

vibrant",diverse.,herearetheadjectivestodescribetheearth:blue,"herearetenadjectivesthatdescribetheearth:

oceanic","eachseparatedbyacomma:

planetary",uninhabited,"hereare10adjectivestodescribetheearth:

terrifyinglydiverse",breathtakinglybeautiful,"herearethe10adjectivesthatdescribetheearth:

spherical",stationary,"hereare10adjectivestodescribetheearth:

rocky",breath-taking,elegant,"hereisadescriptionoftheearthusing10adjectives:

beautifulbluegreenvastroundfragilelivingdynamicturbulent","eachseparatedbyacomma:

dynamic","herearethe10adjectivesthatdescribetheearth:

glowing",colorful,"herearetenadjectivestodescribetheearth:

active","herearethe10adjectivesthatdescribetheearth:

liquid",crystal-clear,"herearetheadjectivestodescribetheearth:

blue",hereare10adjectivestodescribetheearth:majestic,"herearethe10adjectivesthatdescribetheearth:

lively","hereisadescriptionoftheearthusing10adjectives:

gigantic","hereisthedescriptionoftheearthusing10adjectives:

oceanic","separatedbycommas:

beautifulvastoceanicterrestrialgreenrockymountainoushabitablethrivingdiverse",herearethe10adjectivestodescribetheearth:large,"herearetheadjectives:

gigantic",wobbly,"herearethe10adjectivesthatdescribetheearth:

aerated","hereisadescriptionoftheearthin10adjectives:

gorgeous","herearethe10adjectivesthatdescribetheearth:

mountainous",atmosphere-filled,"hereare10adjectivestodescribetheearth:

rounded",deserts,"hereare10adjectivestodescribetheearth:

active",geographical,primitive,"hereisadescriptionoftheearthin10adjectives:

crazy","hereisadescriptionoftheearthin10adjectives:

rocky","eachseparatedbyacomma:

breathtaking",scarce,treasured,"hereisadescriptionoftheearthusing10adjectives:

oceansvast",earthlyterrestrial,mountainousrugged,"herearethe10adjectivestodescribetheearth:

territorial","herearethe10adjectivesthatdescribetheearth:

oceansvast",forestsdense,desertsarid,continentssprawling,wildlifeabundant,landformsvaried,naturalwonders,"herearethe10adjectivesthatdescribetheearth:

bluish","herearetenadjectivestodescribetheearth:

huge",gas-giant,remarkable.,"herearethe10adjectivestodescribetheearth:

oval",wounded,"hereare10adjectivesthatdescribetheearth:

green","herearethe10adjectivestodescribetheearth:

crazy","herearetheadjectivestodescribetheearth:

rocky",cloud-shrouded,valleys,"hereare10adjectivestodescribetheearth:

earthly","herearetenadjectivesthatdescribetheearth:
mountainous","eachseparatedbyacomma:

majestic",shimmering,"eachseparatedbyacomma:

massive",spinning.,herearetenadjectivesthatdescribetheearth:blue,flawed.,"hereisadescriptionoftheearthusing10adjectives:

amazinglybeautifulblue","hereisadescriptionoftheearthusing10adjectives:

beautifulbluevastpreciousrockyoceanicgreenlushgigantic",mysterious.,"hereare10adjectivesthatdescribetheearth:

terrific",hereisadescriptionoftheearthusingonly10adjectives,"herearethe10adjectivesthatdescribetheearth:

earthly",loud,"herearetenadjectivestodescribetheearth:

planetary","herearethe10adjectivestodescribetheearth:

earthly","herearetenadjectivestodescribetheearth:

spherical","hereisthedescriptionoftheearthin10adjectives:

terrestrial","hereisthedescriptionoftheearthusing10adjectives:

planetary","separatedbycommas:

gasgiant","hereistheearthdescribedusing10adjectives:

round","hereisadescriptionoftheearthusing10adjectives:

rotund","herearethe10adjectivestodescribetheearth:

spherical",primal,"hereare10adjectivestodescribetheearth:

breathtakinglybeautiful","separatedbycommas:

asteroid","herearethe10adjectivestodescribetheearth:

blazing","hereisadescriptionoftheearthusing10adjectives:

asteroid-like",harmonious,"hereisthedescriptionoftheearthusing10adjectives:

earth","herearetheadjectives:

blue","herearetheadjectivesthatdescribetheearth:

terrific","hereisadescriptionoftheearthusing10adjectives:

beautifulvast",oceanicterrestrial,rockymetallic,chaoticturbulent,mysteriouswonderful,fragilevital,terrestrialvibrant,marinesplendorous.,pulsing,"hereare10adjectivesthatdescribetheearth:
beautiful",filled,"hereare10adjectivestodescribetheearth:

expansive","hereare10adjectivestodescribetheearth:

mountainous",enduring,hard,tectonicallyactive,"hereare10adjectivestodescribetheearth:

1.beautiful
2.blue
3.lush
4.green
5.rocky
6.atmospheric
7.diverse
8.expansive
9.fragile
10.wondrous","hereisthedescriptionoftheearthusing10adjectives:

beautifulbluegreenvastmysteriousenergeticdynamicfluidfragile","herearethe10adjectivesthatdescribetheearth:

complex",hereare10adjectivesthatdescribetheearth:large,habitatable,"herearetenadjectivestodescribetheearth:

turbulent","hereare10adjectivestodescribetheearth:
volatile","herearetheadjectivestodescribetheearth:

large","herearetheadjectives:

beautiful","hereare10adjectivestodescribetheearth:

spirited","hereare10adjectivestodescribetheearth:

water","herearethe10adjectivestodescribetheearth:

lively",hereare10adjectivestodescribetheearth:large,huge,"separatedbycommas:

amazinglybeautiful","hereare10adjectivesthatdescribetheearth:

1.beautiful
2.fertile
3.diverse
4.wondrous
5.fragile
6.hostile
7.vast
8.oceanic
9.dynamic
10.sensitive",water-covered.,transcendent,sustainable,"herearetenadjectivesthatdescribetheearth:

sphere",spinny,"hereare10adjectivestodescribetheearth:

ball-shapedplanet","hereisadescriptionoftheearthusing10adjectives:

expansive",cosmic,"hereisthedescriptionoftheearthusing10adjectives:

beautifulvastblueterrestrialgreencircularrotatingcelestialmassive","hereisadescriptionoftheearthusing10adjectives:

beautifulvastrockylandmassofwatermountainsforestsoceans",thick-atmospheried,"hereare10adjectivestodescribetheearth:

majestic","herearetheadjectivesthatdescribetheearth:

atmospheric","herearethe10adjectivestodescribetheearth:

blind",inhospitable,amazing.,"eachseparatedbyacomma:

rotating",planet-sized,"hereisadescriptionoftheearthusing10adjectives:

beautifulvastdiverse",serenenatural,mysteriousrugged,majesticmountainous,vastoceanic,variedcolorful,fragileresilient.,blue.,ball,lonely,"herearetheadjectivesthatdescribetheearth:

fertile","herearethe10adjectivestodescribetheearth:

asteroid",protected,"herearethe10adjectivestodescribetheearth:
blue","herearethe10adjectives:

beautifulvastblueplanetrockyfloatingspinningsphericalterrestrial","herearethe10adjectives:

earthly",herearetheadjectives:beautiful,"hereistheearthdescribedusing10adjectives:

giant","herearetenadjectivesthatdescribetheearth:

gaseous",bizarre,balmy,bruised,"hereisadescriptionoftheearthusing10adjectives:

astonishing",distinctive,flooded
17,2596,2250,293,2882,2097,76,160,132,862,2,1312,171,2152,333,2011,238,6,3,107,162,525,28,430,343,436,94,412,814,92,609,25,30,1045,91,474,189,260,126,164,263,172,88,709,56,203,7,680,513,762,31,52,180,118,308,79,67,6,278,37,695,410,73,8,143,11,18,23,20,339,800,31,3,43,263,60,321,24,53,11,10,41,41,302,11,72,19,9,11,54,55,10,54,413,59,69,4,53,21,29,41,58,151,18,73,54,66,33,36,44,69,3,6,181,148,71,249,37,45,9,2,26,3,21,2,379,84,40,127,7,3,25,38,69,3,91,2,25,8,1,1,2,13,5,170,16,1,3,12,27,1,20,17,21,41,13,54,80,1,4,1,1,14,20,59,3,6,19,24,131,35,9,20,3,35,78,78,22,6,24,30,19,43,18,37,7,6,8,19,2,7,15,61,68,1,17,1,13,10,3,46,1,6,22,6,5,21,9,70,1,24,1,14,7,13,6,1,3,32,16,5,30,7,8,3,11,1,56,45,18,15,30,12,2,28,5,8,5,21,10,13,13,2,4,29,14,18,1,3,3,6,17,10,4,2,1,1,1,7,11,7,4,6,2,4,25,18,1,26,24,5,10,11,10,7,2,1,23,3,13,4,6,3,1,2,5,5,1,4,9,27,21,4,2,13,5,1,1,5,3,11,1,6,10,8,4,19,2,1,1,4,11,4,1,35,2,5,5,6,1,27,2,12,1,1,4,1,34,9,1,2,7,11,1,1,1,1,1,2,1,1,1,1,1,1,9,9,1,1,3,5,15,17,1,1,1,1,1,1,1,1,1,1,3,17,1,7,5,2,20,7,4,3,3,11,1,7,10,1,14,3,1,2,3,5,5,1,2,1,3,3,1,1,1,1,1,3,2,1,22,3,6,9,1,10,1,1,9,5,1,32,4,5,1,3,10,1,2,1,6,5,7,3,4,1,5,40,4,4,4,1,1,1,1,1,1,1,1,1,1,1,1,2,3,1,2,1,1,16,8,11,5,1,3,4,6,8,2,1,1,1,3,9,3,1,2,2,2,6,1,3,3,1,1,14,1,2,1,1,1,1,1,3,10,5,2,2,4,4,5,5,3,4,1,2,11,1,6,1,3,1,1,6,2,2,5,1,1,1,17,2,1,2,1,1,1,1,8,1,6,2,1,2,4,4,8,3,2,6,2,2,10,11,1,6,2,2,1,1,3,1,2,1,1,4,5,2,1,1,11,5,1,1,4,9,1,5,14,3,3,2,3,2,3,12,6,2,2,1,1,3,6,1,2,6,2,3,2,2,3,1,1,1,1,2,1,1,2,9,3,4,1,5,2,2,3,3,2,1,1,1,1,2,1,1,1,1,1,1,1,1,2,2,7,3,3,1,2,1,1,4,2,1,1,2,2,1,7,1,6,1,1,1,2,3,1,1,8,1,4,3,3,1,1,1,1,1,2,1,1,2,1,2,4,1,2,2,2,2,1,1,3,3,1,6,1,1,2,9,1,2,1,1,1,1,6,2,1,1,1,1,5,2,3,4,3,1,3,1,6,2,3,4,4,3,3,5,1,3,1,1,1,2,3,1,1,1,2,2,4,3,1,1,1,5,1,1,2,1,1,1,2,3,1,7,1,2,3,1,1,2,1,2,2,4,1,1,3,1,1,1,1,7,3,1,1,2,1,2,2,3,1,1,1,1,1,1,2,2,1,2,5,1,1,1,1,1,1,1,2,7,1,1,1,2,1,2,1,1,1,3,2,1,2,4,1,4,2,1,1,1,1,1,1,1,1,1,1,2,2,4,3,1,5,1,2,1,1,5,1,1,1,1,1,1,1,1,5,1,3,1,1,2,1,1,1,2,1,1,1,1,2,1,1,1,1,1,2,1,1,1,2,1,1,1,4,1,2,3,1,1,1,1,2,2,3,7,2,1,1,1,2,1,1,1,1,1,3,1,1,1,1,1,1,1,1,1,1,1,2,1,1,2,1,1,5,2,1,2,1,1,2,3,1,4,2,1,3,1,1,1,1,1,2,2,1,1,1,1,3,3,1,2,1,3,1,1,1,1,2,1,1,1,1,1,2,1,1,1,3,1,1,1,3,3,1,1,2,1,1,2,2,1,2,1,1,1,1,1,1,1,1,1,3,1,2,3,3,1,1,1,2,1,1,1,1,1,1,1,1,1,1,3,3,1,1,1,1,2,1,1,1,2,1,1,1,1,1,1,2,1,1,1,2,1,1,1,1,1,3,1,1,1,1,1,1,1,1,1,2,1,1,1,1,1,1,2,1,1,2,1,2,1,2,1,1,1,1,1,1,1,1,1,1,1,1,1,1,1,1,1,1,2,1,1,1,2,1,1,1,1,1,1,1,1,1,1,1,1,1,1,1,1,1,1,1,1,1,1,1,1,1,1,1,2,1,1,1,1,1,1,1,1,1,1,1,1,1,1,1,1,1,1,1,1,1,1,1,1,1,1,1,1,1,1,1,2,1,1,1,1,1,1,1,1,1,2,1,1,1,1,1,1,1,1,1,1,1,1,1,1,2,1,1,1,1,1,1,1,1,1,1,1,1,1,1,1,1,1,1,1,1,1,1,2,1,1,1,1,2,1,1,1,1,1,1,1,1,1,1,1,1,1,1,1,1,1,2,1,1,1,1,1,1,1,1,1,1,1,1,1
