bluegreenterrestrialplanetrockyoceanicatmosphericdiversemassivespherical.,blue,green,rocky,mountainous,temperate,terrestrial,dynamic,diverse,lively,fragile.,vast,teeming,vibrant,fragile,beautiful,dynamic.,lush,watery,spinning,tiny,ancient,majestic,precious,terrestrial.,spherical,unique,living,mysterious,aquatic,liquid,atmospheric,rotating,water-rich,life-sustaining,vibrant.,metallic,gaseous,dense,majestic.,wondrous,ravaged,serene,water-covered,habitable.,"hereisadescriptionoftheearthusing10adjectives:

blue",breathing,bluegreenplanet,unique.,atmosphere-rich,oceans'largest,life-supporting,singular.,inhabitable,delicate.,herearetenadjectivesthatdescribetheearth,"separatedbycommas:

blue",imperfect,wavy,fluid,inhabited,"herearethe10adjectivesthatdescribetheearth:

blue","herearetenadjectivesthatdescribetheearth:

blue",molten,massive,"hereisadescriptionoftheearthusing10adjectives:

vibrant",amazing,natural,divine,complex,thriving,breathtaking,remarkable,hereare10adjectivesthatdescribetheearth:blue,beautiful.,stationary,blueplanet,"herearetenadjectivesthatdescribetheearth:

vibrant",exquisite,hostile,delicate,intricate,round,rusty,hereisadescriptionoftheearthusing10adjectives,turbulent,habitable,"separatedbycommas:

beautiful",stunning,"hereisthedescriptionoftheearthusingonly10adjectives:

fabulous",precious.,"eachseparatedbyacomma:

vibrant",finite,bountiful,sacred.,breathtaking.,dusty,oceanic,mesmerizing,misty,vast.,lovely.,"herearetenadjectivesthatdescribetheearth:

bluegreenmassiveterrestrialterrestrialvariablerockywatered",chaotic,resilient,magnificent,amazing.,hereare10adjectivestodescribetheearth:blue,changing,"hereisadescriptionoftheearthusingonly10adjectives:

vibrant",mesmerizing.,oceans,barren,varied,jewel,wonderful.,jewelblue,onlinehome.,wet,verdant,volcanic,herearetenadjectivestodescribetheearth:blue,endangered,incredible.,porous,celestial,hereisapossibledescriptionoftheearthusing10adjectives,fascinating,integral,tumultuous,wounded,"wonderful.

itriedtocapturetheessenceoftheearthusingarangeofadjectivesthatconveyitsbeauty",importance,andcomplexity.,hereistheearthdescribedin10adjectives,planetary,solid,curved,"hereisadescriptionoftheearthusingonly10adjectives:

blue",lonely,old,bluebeautifulvibrantwaterfragmentedrockyvibrantdynamicmajesticfragile,"herearetenadjectivestodescribetheearth:

blue",revolving,awe-inspiring,valuable,natural.,wonderful,bone-dry,rich.,"hereisthedescriptionoftheearthusing10adjectives:

beautiful",life-giving,temperamental,expressive,wondrous.,global,extraordinary,isolated,iridescent,"hereisadescriptionoftheearthin10adjectives:

beautiful",airy,cosmic,"herearethe10adjectives:

blue","herearethetenadjectivestodescribetheearth:

vibrant",air-filled,rugged,life-filled,"hereisapossibledescriptionoftheearthusing10adjectives:

blue",violent,gentle,vital,herearetheearthusing10adjectives,curious,gorgeous,varying,warm,"herearetenadjectivestodescribetheearth:

beautiful","herearethe10adjectivesusedtodescribetheearth:

blue",aerial,herearetheearth'sdescriptorsin10adjectives,big,cold,fertile,heavy,herearethetenadjectivesthatdescribetheearth,herearetenadjectivestodescribetheearth,explosive,vegetated,aqueous,gravitational,bleak,battered,resplendent,tropical,hereisapossibledescriptionoftheearthusingonly10adjectives,"separatedbycommas:

volatile",wonderous,"eachseparatedbyacomma:

vast",herearetenadjectivesthatdescribetheearth:blue,hereisthedescriptionoftheearthusing10adjectives,"separatedbycommas:

vibrantblueplanet",incredible,herearethe10adjectives:blue,mysterious.,"herearethe10adjectivestodescribetheearth:

blue",herearethe10adjectives:vibrant,underwater,besieged.,"hereisthedescriptionoftheearthusingthe10adjectives:

blue",large,"herearetenadjectivestodescribetheearth:

vibrant",radiant,icy,sublime,"separatedbycommas:

majestic",herearethe10wordsthatdescribetheearth,magnificent.,humid,intertwined,"eachseparatedbyacomma:

blue",sphere,"hereisadescriptionoftheearthusing10adjectivesseparatedbycommas:

blue",hospitable,resilient.,"hereisadescriptionoftheearthusing10adjectives:

wonderful","herearethe10adjectivesi'vechosentodescribetheearth:

blue",ever-changing.,peaceful,hereisa10-worddescriptionoftheearth,"usingonlyadjectivesseparatedbycommas:

blue",fiery,awe-inspiring.,mountains,hot,"hereare10adjectivesthatdescribetheearth:

blue",evolving,home,cooling,breathable,"herearethe10adjectivesthatdescribetheearth:

beautiful",lovely,sustainable,"separatedbycommas:

vibrant",efficient,herearethe10adjectivesthatdescribetheearth,vulnerable,grassy,hereare10adjectivesthatdescribetheearth,earthly,captivating,hereare10adjectivestodescribetheearth,axis-tilted,"herearethetenadjectivesthatdescribetheearth:

blue",brown,"unique.

theseadjectivesaimtocapturetheearth'sstunningappearance",vastscale,andcomplexsystems,aswellasitsinherentvalueandimportancetolifeontheplanet.,hollow,alive,"herearetheadjectivesthatdescribetheearth:

blue",hereisadescriptionoftheearthin10adjectives,powerful,sprawling,"delicate.

itriedtochoosewordsthatcapturetheearth'sdiversityandcomplexity!",magnetic,waterlogged,hereisadescriptivephraseusing10adjectives,"eachseparatedbyacomma:

beautifulbluegreenterrestrialspherevibrantmountainsdeepoceansvastwaters.

herearethe10adjectives:

1beautiful(adjective)
2blue(adjective)
3green(adjective)
4terrestrial(adjective)
5vibrant(adjective)
6mountains(",radiant.,overwhelming,"precious

itriedtocaptureasenseoftheearth'svariedfeaturesandcomplexitieswiththesetenwords!","hereisthedescriptionoftheearthusing10adjectives:

vibrant",scenic,"beautiful

eachwordisseparatedbyacomma",andi'vetriedtocapturetheessenceoftheearthusingarangeofadjectivesthatconveyitsnaturalbeauty,accelerating,resource-rich,oxygen-rich,"extraordinary

letmeknowifyou'dlikemetosuggestanyalternatives!","eachseparatedbyacomma:

bleak","herearethe10adjectivestodescribetheearth:

vibrant",renewable,oneperword,fascinating.,composite,bluebeautifulvibrantwater-coveredterrestrialrockyvastoxygen-richplanetspinning.,marvellous.,blue.,movings,organic,beautifulblue,"hereisadescriptionoftheearthusing10adjectives:

beautiful",stormy,rounded,nurturing,luminous,rich,"herearetenadjectivesthatdescribetheearthinacomma-separatedlist:

blue",abundant,textured.,peculiar,extraordinary.,hereisthedescriptionoftheearthin10adjectives,blue-green,"hereare10adjectivestodescribetheearth:

blue",stunning.,iron-rich,serrorrough,rockyterrain,lushvegetation,warmclimate,dynamicocean,teeminglife,delicatebalance,fragilebeauty,preciousresource,active,fragmented,precarious,"herearetheadjectivesthatdescribetheearthin10wordsseparatedbycommas:

blue",rotating.,miles,scattered,hilly,circular,hereare10descriptivewordsforearth,"separatedbycommas:

vast",ball-shaped,molten-core,"herearetheearthdescribedwith10adjectives:

beautiful",planet,"majestic

letmeknowifyou'dlikemetomakeanyadjustments!",volatile,hereisadescriptivesentenceusingonly10adjectives,"herearetenadjectivesthatdescribetheearth:

green",layered,vastoceans,diverseecosystems,frozenpoles,lushforests,scorchingdeserts,equatorialjungles,majesticmountains,icytundras,orb,herearetenadjectivesthatdescribetheearthin10words,modest,breathing.,bumpy,"herearethetenadjectivesusedtodescribetheearth:

blue",oxygenated,hereisadescriptivephraseusingonly10adjectives,"hereisadescriptionoftheearthin10adjectives:

blue","hereisthedescriptionoftheearthusingonly10adjectives:

blue",essential,water-dominated,vital.,sensitive,"biodiverse

letmeknowifyou'dlikemetomakeanychanges!","herearethetenadjectivestodescribetheearth:

blue",floating,crowded,irregularly-shaped,wonderfulblue,spiraling,poignant,versatile,"herearetenadjectivesthatdescribetheearth:

beautiful","resilient.

itriedtocaptureitsnaturalbeauty",vulnerability,complexity,andenduringpresence!,granite,atmosphere,spherical.,"hereisapossibledescriptionoftheearthusing10adjectivesseparatedbycommas:

blue",arid,tectonic,constantly,moving,majesticrotatingsphere,vastwaterworld,diverseterrestrialhome,temperateandtropical,dynamicandbeautiful,livingandbreathing,fragileandresilient,spinningandorbiting,preciousgeminspace.,bluegreenhomeswirlingstarlightliquidvastancientrocky.,inhabited.,"herearethe10adjectivesthatdescribetheearth:

vibrant",temporary,"precious

eachoftheseadjectivescapturesakeyaspectofourplanet",fromitsappearance(blue,beautiful)toitsphysicalproperties(vast,magnetic)anditsvalue,"hereisadescriptivephraseusing10adjectivestodescribetheearth:

blue","fragile.

letmeknowifyou'dlikemetomakeanyadjustments!",earthy,spheres,mobile,ecological,ever-changing,wind-swept,thin,white,topical,"hereisadescriptionoftheearthin10adjectivesseparatedbycommas:

vibrant",sacred,biodiverse,hassled,"hereare10adjectivesthatdescribetheearth:

beautiful",marvelous,544kilometers,fresh,"hereare10adjectivesthatdescribetheearth:

.blue",protective,"hereistheearthdescribedusing10adjectivesseparatedbycommas:

blue",tempestuous,scorched,"herearetheearthdescribedusingonly10adjectives:

blue",creating,remarkable.,"herearethe10adjectivesthatdescribetheearth:

amazing","herearethetenadjectivesthatdescribetheearth:

vibrant","magnificent

letmeknowifyouhaveanyotherrequests!","separatedbycommas:

bluegreenrotatingwater-richrockybarrenmountainousbeautifulvibrantdiverse",diamagnetic,vibrantly,"herearethe10adjectivesdescribingtheearth:

blue","verdant

letmeknowifyou'dlikemetohelpwithanythingelse!",herearetheearthdescribedin10adjectives,"hereare10adjectivesthatdescribetheearth:

vibrant",teeming.,travels,"majestic

letmeknowifyou'dlikemetorephraseorexpandonthis!",polluted.,hereistheearthdescribedusing10adjectives,restless,verdant.,pockmarked,herearethe10adjectivesthatdescribetheearth:blue,gas,"incredible

letmerephrasethistogiveamoredescriptiveandcoherentoverview:

here'sthereviseddescription:

blue",gasous,orbiting,poisonous,mild,blessed,"dynamic

ihopethisworks!letmeknowifyouhaveanyotherrequests.",speckled,metal,water-filled,desert,suspended,expansive,beautifulbluegreenlandmass,temperaterockywater-coveredsphere,solitaryvibrantteemingplanet,dynamicmajesticfragilehome.,winding,fragrant,herearetheearthdescribedusing10adjectives,awesome,herearethetenadjectives:totally,alien,energetic,harsh,helium-filled,iron-centered,"hereisadescriptionoftheearthusingonly10adjectives:

beautiful",pristine,wrinkled,"hereisthedescriptionoftheearthusing10adjectives:

blue",herearetenadjectivesusedtodescribetheearth,bluegreenvibrantteeminglivingspinningmassiverockywater-scarce,finite.,"hereisapossibledescriptionoftheearthusing10adjectives:

beautiful",resourceful,herearethe10adjectives,separatedbycommas,"todescribetheearth:

blue",herearetenadjectivestodescribetheearth:majestic,serene.,extinct,beautifulbluemassiverockywarmwater-coveredbreathinglivinggreen.,hereisadescriptionoftheearthusingonly10adjectives,exquisite.,axial,full,water,"herearethetenadjectives:

beautiful",complicated,watery.,elliptical,third,moist,paradoxical,warming,bluegreenrotatingwateryrockymountainousbarrenlushscorchingsizeof,"herearetheearthdescribedin10adjectivesseparatedbycommas:

blue",cosmic.,hereisadescriptionoftheearthusing10adjectivesinalist,rockysurface,diverseoceans,vastatmosphere,liquidmountains,cloudyweather,variedclimates,vibrantlife.,"magnificent

letmeknowifthismeetsyourrequirements!",cloudy,bluevastspinningrockymajesticplanetwaterwindyicyhot,spiral,fuzzy,"hereisthedescriptionoftheearthin10adjectives:

beautiful",colorful,intriguing,tidal,sedimentary,crusty,"hereisadescriptionoftheearthin10adjectives:

vast",aerated,spinning.,wild,diverse.,"herearethe10adjectives:

beautiful",wide,cratered,hurtling,rustic,sandy,"majestic

ihopethisconveysasenseoftheearth'sbeautyandcomplexity!","herearethe10adjectivesi'dusetodescribetheearth:

blue",wonder-filled,impermanent,noisy,glowing,pollution-prone,messy,herearethe10adjectivesusedtodescribetheearth:beautiful,hereare10adjectivestodescribetheearth:vibrant,swampy,frozen,diamond-like,spectacular,tilting,"hereisthedescriptionofearthusing10adjectives:

blue",solitary,cosmicallysignificant.,unpredictable,hazy,irregular,slowly-changing,rural.,"herearethetenadjectives:

vibrant",polluted,"hereisadescriptionofearthusing10adjectives:

blue",intricate.,"herearethe10adjectivesthatdescribetheearthinacomma-separatedlist:

blue",rainy,vastly,complex.,"intriguing

ihopethisdescribestheearthinaconciseandmeaningfulway!","hereistheearthdescribedusing10adjectives:

blue",breathless,maritime,"delicate.

note:itriedtousearangeofadjectivesthatcapturethedifferentaspectsoftheearth",fromitsphysicalappearance(blue,spherical)toits,"steady.

theseadjectivesaimtocaptureabitoftheearth'saesthetic",composition,andoveralltemperament.,luminescent,purple,vivid,water-abundant,relevant,bluesolidrockydynamicvastwater-coveredincrediblediversemagnificentfragile,orbits,bluebeautifulvibranttemperatestormyrockyspinningmass,mineral-rich,peaceful.,geologicallydiverse,external,eclectic.,herearethe10adjectivestodescribetheearth:blue,thrilling,"herearethe10adjectivesthatdescribetheearth:

.blue","herearethe10adjectivesusedtodescribetheearth:

beautiful",blue-greenocean,desolate,jagged,eccentric,gas-giant,teardrop-shaped,"herearethetenadjectivesthatdescribetheearth:

wonderful",terrific.,marbled,temperature-regulated,astronomical,textured,tranquil,spacious,surrounded,small,wise,marble,ravishing,threatened,herearethetenadjectives:blue,"herearetheadjectivesthatdescribetheearthusingexactly10words:

blue","herearetenadjectivesdescribingtheearth:

blue",ravished,homey,awing,gorgeous.,hereisadescriptionoftheearthusing10adjectives:blue,surprising,"herearethe10adjectivesthatdescribetheearth:

spectacular",,splendid,"herearethe10adjectives:

vibrant",wonderfulblueplanet,vibrantdiverse,richfertile,majesticvast,delicatefragile,ancientold,spinningspinning,dynamicchanging,uniquesingular,beautifulvibrant.,"herearethe10adjectivesintwoseparatelists.herearetheadjectives:

beautiful","unique

heretheyare","separatedbycommas:

green",perfect.,varied.,"herearethe10adjectivesi'vechosentodescribetheearth:

vast",beautifulblueplanet,largerockywetsphere,teemingwithlife,diverseingeography,variedinclimate,spottedwithoceans,surroundedbyatmosphere,rotatingonaxis,inhabitedbyspecies,fragileandvulnerable.,earth.,fertility,swirling,rough,zeichnet,climate-changing,water-encrusted,biodiversity-rich,climate-variable,brooklyn-green,"hereisadescriptionoftheearthusing10adjectives:

bluegreenrockyvastdiverseancientdynamicfragilebeautifulperfect",here'saattempttodescribetheearthusingonly10adjectives,life-filled.,"beautiful

itriedtochoosearangeofadjectivesthatcapturetheearth'sphysicalcharacteristics",itsbiologicaldiversity,anditsimportancetolife.,"verdant

here'sabriefexplanationofeachword:

*blue:referstotheplanet'sappearancefromspace","withlotsofblueoceansandatmosphere.
*terrestrial:meanstheplanetisasolid","habitableworld.
*rocky:des",tilted,herearethe10adjectivestodescribetheearth,"majestic.

letmeknowifyou'dlikemetoadjustanything!",rectangular,rockyterrestrial,wateryvast,mountainousdiverse,snowycold,cloudysometimes,fierymolten,eeriedark,barrenwild,vibrantlush.,salty,biological,"herearethe10adjectivesichosetodescribetheearth:

vibrant","majestic.

letmeknowifyou'dlikemetousetheseadjectivesinasentence!","herearethe10adjectivestodescribetheearth:

beautiful",herearetheadjectives:blue,fierce,ancient.,"herearetheadjectivestodescribetheearth:

beautiful",variable,"hereisthedescriptionoftheearthusing10adjectives:

terrestrial",symmetrical,inspiring.,economist,temperamental.,"hereisapossibledescriptionoftheearthusingexactly10adjectives:

blue",largest,"herearethetenadjectivesicameupwithtodescribetheearth:

blue",circular.,massively,orbital,distant,giant,"beautiful.

theseadjectivesattempttocapturethecomplexityandmajestyofourplanetinaconciselist.",rotational,herearethetenadjectives,rockydustysoil,vastvastocean,teeminglivingorganisms,diverseclimateregions,homehumancivilization,delicatefragileecosystem,preciousresourcefulenvironment,twistedvolcanicmountains,serenepeacefulatmosphere.,striking,"complex.

itriedtochooseamixofwordsthatconveytheuniquenessandcharacteristicsofourplanet.letmeknowifyou'dlikemetoreviseanything!",bluevastterrestrialrockyaquaticdiversespinningvibrantancient.,"herearethe10adjectivesthatdescribetheearth:

vast",celestial.,"herearethe10adjectivesthatdescribetheearth:

astonishing",home.,"here'sapossibledescriptionoftheearthusing10adjectives:

blue",herearetenadjectivesthatdescribetheearth:dynamic,ephemeral.,hereisadescriptionoftheearthusingtenadjectives,.blue,towering,imperfect.,busyvibrantplanet,geological,terminal,necessary,astonishing,composed,windy,"hereare10adjectivesthatdescribetheearth:

large","hereisadescriptivelistoftheearthusing10adjectives:

beautiful","hereisadescriptionoftheearthusing10adjectives:

vast",herearetenadjectivesthatdescribetheearth:bluevastbeautifuluniquefragileprecioussingleinhabitablesolitaryrocky.,hydrospheric,"hereisadescriptionoftheearthusing10adjectivesseparatedbycommas:

vast",miraculous.,hereisadescriptionofearthusing10adjectives,moderate,sapphire,fossil-rich,"hereisthedescriptionoftheearthusing10adjectivesseparatedbycommas:

blue",damaged,busy,"hereisadescriptionoftheearthusingonly10adjectives:

vast",bluevibrantmassivespinningmoltenrockydynamicterrestrialfragrantwetvibrant.,"herearetheearthasdescribedwithonly10adjectives:

blue",tempering,"eachseparatedbyacomma:

beautiful",&wonderful,"hereisadescriptivephraseusing10adjectives:

blue","majestic.

however",icantrytocondenseitinto10words,beautifulbluevibrantsphere,surroundedbywater,coveredindiversevegetation,rotatingrapidly,withextremeweather.,water-logged,divine.,revitalizing,nutritious,"herearethe10adjectives:

.blue",marine,herearethe10adjectivesdescribingtheearth,living.,rockyfertilevariedvastteemingbeautifulfragilefragile.,watered,rural,"herearethe10adjectivesi'vechosen:

vibrant",iconic,eerie,exotic,"wonderful

ihopethismeetsyourrequirements!",axis,getlast,"herearetenadjectivesdescribingtheearth:

vast","awe-inspiring

ihopethiscapturestheessenceofourwonderfulplanet!","precious

ihopethisconcisedescriptioncapturestheessenceofourwonderfulplanet!","hereisadescriptionoftheearthusing10adjectives:

beautifulblue",vibrantgreen,bustling,herearetenadjectivesdescribingtheearth:blue,overcrowded,industrial,desert-covered,populated,herearetenadjectivesthatdescribetheearth:beautiful,lone,"hereisapossibledescriptionoftheearthusing10adjectives:

diverse",unstable,"hereare10adjectivesusedtodescribetheearth:

blue",beautifulvibrantblueplanetterrestrialrockyaqueouswildlifehabitablefragilecelestial,hostile.,satellite,exceptional,mossy,air-breathing,forested,historic,encyclopedia-sized,pulsating.,"herearetenadjectivesthatdescribetheearth:

large",muddy,eco-friendly,austrian,adaptable,climate-dependent,insular,here'sadescriptiveparagraphusingonly10adjectives,"beautiful.

thesewordsaimtocapturetheessenceofearthfromageographical",andbiologicalstandpoint.letmeknowifyouhaveanyfurtherrequests!,"hereare10adjectivesdescribingtheearth:

vibrant",hereistheearthdescribedusingonly10adjectives,air-wrapped,herearetheearthdescribedusingtenadjectives:vibrant,"herearethetenadjectivesusedtodescribetheearth:

beautiful",new,"hereisadescriptivephrasefortheearthusing10adjectivesseparatedbycommas:

blue",harmonious,astonishing.,"hereisadescriptionoftheearthusingexactly10adjectives:

blue","majestic

ihopethiscapturestheessenceofouramazingplanet!","herearetenadjectivestodescribetheearth:

lush",great,perfect,yetfragile,balmy,crevixed,"herearethetenadjectives:

vast",vegetative,"separatedbycommas:

incredible",holistic,iron,oxygen,astounding,narrow,weathered,"separatedbycommas:

bluebeautifulvibrantrockyinhospitablehospitablediversemysterious",ageless.,rolling,"unique.

theseadjectivesdescribetheearthinvariousways",emphasizingitsnaturalbeauty,andimportance.,diversity,bluegreenterrestrialgasgiantrockymountainouslushtemperate,ichthyic,scary,wounded.,geologicallyactive,icouldn'tfinda10thwordthatwouldfullydescribeearthinenglish),ceramic,"delicate

theseadjectivessummarizetheearth'scharacteristics:

*blueforitsoceansandatmosphere
*rockyforitscontinentsandmountainranges
*dynamicforitsconstantlychangingweatherandtectonicplates
*resilientforitsabilitytowithstand",impermanent.,sentient,herearethetenadjectivestodescribetheearth,alluring,concentric,huge,frigid,sparkling,"fragile.

(itriedtoprovideadiverseandconcisedescriptionoftheearthusingalimitedvocabulary.here'sabreakdownofhowichoseeachword:

*blue:referstotheearth'satmosphericcolorfromspace.
*planet:a",self-sustaining,isolated.,orbited,"wonderful

letmeknowifyou'dlikemetoexpandonthisdescription!",toxic,herearetheadjectives:unique,harrowing,lushgreen,traffic-filled,starry,tiny.,seasonal,magical,"hereisadescriptionoftheearthusingtenadjectives:

blue",rhythmic,broken,azure,leaping,irreparable,pansy,"herearethe10adjectivesicameupwithtodescribetheearth:

blue",life-supporting.,elegant,diamond-shaped,ocean-covered,eclectic,tragic,contentious,here'sapossibledescriptionoftheearthusing10adjectives,herearetheadjectivesthatdescribetheearth:blue,"herearetheadjectives:

blue",quantifiable,wonderfuliculture,six-billion-souls,teeming-life,mountains-high,hereisadescriptionoftheearthusing10adjectives:vibrant,herearetheearth'scharacteristicsin10adjectives,herearethetenadjectivesusedtodescribetheearth,"herearethe10adjectivestodescribetheearth:

fragmented",mostlyblue,mostlyliquid,mountainsrising,gentlecurves,fertilevalleys,fragileplanet,hereisabriefdescriptionoftheearthusing10adjectives,blazingblueplanet,breathtakinglybeautiful,tempting,nourishing,.launchpad,urban,.water,smoggy,metal-rich,rockywater-coveredsphericalterrestrialmostlyfrozen.,hereisadescriptivelistoftheearthusing10adjectives,"herearetheadjectivesthatdescribetheearth:

vibrant",lushvibrantdiverseteemingmassiverotatingspinning,dynamicliving,turbulentstormy,majesticmassive,varieddiverse,fragiledelicate,spinningrotating,inhabitedbreathable.,remote.,"wonderful

theseadjectivesaimtocapturethecomplexitiesandbeautyoftheearthinaconciseandpoeticway.",wealthy,cool,miraculous,life,pregolden,vivifying,"fragile.

noofflinephrasesorindefinitesentenceshere",just10adjectivesthatcapturetheessenceofourhomeplanet!,pulsing,sweltering,gigantic,collisional,adorable,threatened.,"hereistheearthdescribedin10adjectives:

blue",93-million-mileorbit,"hereisthedescriptionoftheearthusing10adjectivesseparatedbycommas:

beautiful",bleeding,physical,herearetenadjectivesthatdescribetheearth:lively,mineral,"wonderful

ihopethiscapturestheessenceofouramazingplanet!","separatedbycommas:

beautifulbluevibrantdiverseteemingwater-coveredrockyoxygen-richfragileprecioustranquility-givinghome","hereisadescriptivephraseusing10adjectivesseparatedbycommas:

blue",airless,whatacreativechallenge!here'smyattempttodescribetheearthusingonly10adjectives,"hereistheearthdescribedwith10adjectivesseparatedbycommas:

blue","herearetheadjectivesusedtodescribetheearth:

blue",by,with,"diverse

ihopethesewordsdotheearthjustice!",hereisadescriptivephraseusing10adjectivestodescribetheearth:blue,red,ovoid,edible,semi-liquid,"here'sadescriptionoftheearthusing10adjectivesseparatedbycommas:

blue",little,recycled,"fragile

itriedtochoosewordsthatcapturetheearth'scomplexityanduniqueness!",enthralling,"ever-changing.

ihopethisiswhatyouwerelookingfor!",bluishgreenterrestrialwater-coveredrockyatmosphericluminoushabitablesphere.,air,bonfire-hot,flourishing.,violet,waterless,erratic,spinny,navigable,curvaceous,worthy,three-dimensional,interconnected,swirled,ringed,lumpy,ajaxed,"hereisapossibledescriptionoftheearthusing10adjectives:

vibrant",pecified,vibrantblueterrestrialhomediversewarmwetrockydynamicmajestic.,thick,refreshinglycool,"hereare10adjectivestodescribetheearthinonesentence:

blue",special.,bluishplanet,dry,"here'sadescriptionoftheearthusingonly10adjectives:

blue",here'sadescriptionoftheearthusingonly10adjectives:blue,"herearetenadjectivesusedtodescribetheearth:

vibrant",crystal,clean,"hereare10adjectivesthatdescribetheearth:

vast",_round,miraculous_,"hereisadescriptionoftheearthusing10adjectives:

irregular",bluegreenvibrantterrestrialuniquemajesticancientbatteredwornvaried.,hazardous,shining,homeostatic,weird,robust.,electric,perfumed,"separatedbycommas:

fabricoflife",nourishing.,"hereare10adjectivesthatdescribetheearth:
blue",herearetenadjectivesdescribingtheearth,shifting,"hereisadescriptionoftheearthusing10adjectivesseparatedbycommas:

vibrant",water-soaked,tillable,metallic.,scorching,hereare10adjectivesthatdescribetheearth:breathtaking,lit,bluelargerotatingmuddyrockywater-filledvastmountainousgreenbeautifulfragile,"terrestrial.

letmeexplainwhateachwordrepresents:

*blue:theearth'soceansandatmosphereareblueduetothepresenceofwaterandgaseslikeoxygenandnitrogen.
*beautiful:theearthisastunningcelestialbodywithbreathtakinglandscapes",diversefloraand,rock,rinse,water-dwelling,oxygen-supported,"herearethe10adjectivestodescribetheearth:

vast",uneven,transparent,bioluminescent,armored,breath-taking,"magnificent.

theseadjectivespaintapictureoftheearthasadynamic",harmfulyetfertileplacefullofvarietyandwonder.,"home

eachwordaddsauniqueaspecttoourdescriptionoftheearth!","hereisthedescriptionoftheearthusing10adjectivesthatareseparatedbycommas:

blue",blooming,"whatachallengingtask!here'saattemptatdescribingtheearthusing10keyadjectives:

beautiful",wandering,"herearetheadjectivesusedtodescribetheearthwithonly10words:

beautiful","fragile.

note:thisdescriptiontriestocapturetheearth'snaturallandscapes",geologicalfeatures,andecosystems,aswellasitsimportanceandvulnerability.,humming,herearetheadjectivesthatdescribetheearth,ecologically-balanced,geologically-active,soothing,blossoming,irregular.,"herearethe10adjectivesicameupwithtodescribetheearth:

vibrant","here'smyattempt:

blue","here'sapossibledescriptionoftheearthusingonly10adjectives:

blue",vibrantblueplanet,madeofrockyterrain,coveredinlushgreenery,surroundedbyvastoceans,filledwithdiversewildlife,experiencingrapidclimatechange,supportinghumancivilization,hometoincrediblenaturalwonders,acomplexsystem,teemingwithlife.,"hereisashortdescriptionoftheearthusing10adjectives:

blue",weathered.,loving,"remarkable.

eachwordisseparatedbyacomma",anditriedtouseavarietyofwordstoconveythecomplexityandwonderofourplanet!,meltingbluegreenvastwater-coveredrockydiverselushmixture.,surviving,bountiful.,temperate.,"hereisthedescriptionoftheearthusing10adjectives:

sparse",bluegreenvibrantplanet,diverseteeminglushhotwater.,"hereisadescriptionoftheearthusing10adjectivesseparatedbycommas:

varied",teardrop,"separatedbycommas:

planetary",scintillating,"here'sadescriptionoftheearthin10adjectivesseparatedbycommas:

blue","hereisapossibledescriptionoftheearthusing10adjectives:

bluegreenvibrantteemingrockydynamicchangingmagnificentsmallunique",hereisthedescriptionoftheearthusingonly10adjectives,bluegreenvastrotatingrockyair-filledwater-coveredincrediblemajesticplanet,slightlytilted,mostlyoceanic,moderatelysized,moltencore,thincrust,atmospheredense,teeminglife.,rockywater-covered,teeminglife-filled,stunningcelestial,uniquedignified,fragileremarkable,ancientweathered,dynamicever-changing,terrestrialhome.,sunny,continental,vibrating,garden,"hereisadescriptionoftheearthin10adjectives:

vibrant",burning,"herearethetenadjectivesthatdescribetheearth:

.bluegreenvastfragilepreciousrotatingmajesticterrestrialsensitivesacred",hereare10adjectivesthatdescribetheearth:wonderful,curious.,anomalous,dick,wative,_green,hereisthedescriptionoftheearthusingonlytenadjectives,herearethe10adjectivestodescribetheearth:beautiful,coveted,fourth,"here'sa10-worddescriptionoftheearthusingadjectives:

vibrant",hereisadescriptivesummaryoftheearthusing10adjectives:blue,populous,"diverse

ihopethiscapturestheessenceofourincredibleplanet!",marshy,terrific,alive.,listedseparately,"butintheformatyourequested:

blue","vibrant

note:itriedtochooseamixofphysicalcharacteristics(e.g.spherical",rocky)andmoresubjectivequalities(e.g.beautiful,rockey,"resilient.

letmeknowifyou'dlikemetoaddormodifyanything!",rapidly,dynamically,herearetheadjectives:beautiful,wispy,"herearetenadjectivesthatdescribetheearth:

liquid",lived,"herearethe10adjectivesthatdescribetheearthinaconciselist:

blue",major,atmosphere-filled,herearethe10adjectives:beautiful,pale,helium-free,carbon-based.,diverselife,rotatingaxis,sphericalshape,thinatmosphere,fragileexistence,"herearetenadjectivestodescribetheearth:

wonderful","fragile.

eachofthesewordshelpstopaintapictureoftheearthanditsuniquecharacteristics!",respiring,gravitationally-bound,note:giventheconstraint,"iwillchoosetenadjectivesthatcollectivelyconveyacomprehensivedescriptionofearth.hereitis:

blue",herearethe10adjectivesusedtodescribetheearth,motionless,"hereisa10-worddescriptionoftheearthusingonlyadjectives:

beautiful",quirky,"witheachwordseparatedbyacomma:

blue",herearethe10adjectivesthatdescribetheearth:beautiful,welcoming,"resilient

itriedtocapturearangeofcharacteristicsthatdescribeourplanet",fromitsphysicalappearancetoitsecologicalandatmosphericcharacteristics.letmeknowifyouhaveanyfeedback!,bluegreenplanetspinningrotatingmassivetemperateancientrockyairless.,bluegreenplanetshapedsphererotatingslowlyorbiting.,covered,in,life.,globe,deadly,beautifulmassiveblueplanet,lushgreeninhabited,dynamicconstantlychanging,fragilevulnerableprecious,uniqueteemingdiverse,vibrantenergeticactive,awe-inspiringmysterious,ancientyouthfultimeless,delicateintricatecomplex.,unforgiving,mottled,extreme,airbreathing,liquidcovered,"herearetheearthdescribedusing10adjectives:

blue",transitional,"herearethedescriptivewords:

vibrant","awe-inspiring

itriedtoincludeamixofphysicalcharacteristics",naturalwonders,andhumanperspectivesontheearth!,levance-rich,"hereisadescriptionoftheearthin10adjectivesseparatedbycommas:

blue",geo-dynamic,air-rich,atmosphere-shrouded,asymmetrical,web-like,air-fed,empty,habited.,"separatedbycommas:

bluegreenvibrantdynamiccomplexbeautifulfragilepreciousrarecrammed",herearethe10adjectivesicameupwithtodescribetheearth:blue,"hereisa10-worddescriptionoftheearthusingonlyadjectives:

blue",slow,silky,elemental,"herearetenadjectivesthatdescribetheearth:

vast",stratified,insulted.,revolutionary,movable,"describingtheearth:

blue",mundane,environmentallyfragile,devisive,small.,"hereisadescriptivephrasewith10adjectivesandcommas:

blue",aerodynamic,here'sadescriptionoftheearthusing10adjectives,"resilient

ihopethisfitstherequirements!","radiant.

eachwordrepresentsauniquecharacteristicofourplanet",fromitsphysicalappearancetoitsmovementsinspace.,luminous.,"fragile

eachwordprovidesauniqueaspectofouramazingplanet!","hereisadescriptionoftheearthusing10adjectives:

whopping","unique

itriedtochoosewordsthatcapturetheearth'sappearance",andcharacter.letmeknowifyouhaveanyfeedback!,"fragile.

(note:i'vetriedtoconciselycapturetheessenceoftheearthusingalimitednumberofadjectives",whilestillconveyingitsuniquecharacteristics.letmeknowifyouhaveanyfeedbackorsuggestions!),"diverse.

thesewordsaimtocapturetheearth'sdiverseanddynamicnature",fromitsnaturalbeautytoitscomplexityandvulnerability.,atmosphericallydense,partiallymolten,radialspinning,chargedmassive,orbitingpercent,mountain,checkered,teetering,hereare10adjectivesthatdescribetheearth:vibrant,tense,carbon-intensive,encapsulated,diversed,livable,warmed,rocky.,vastcloudy,fragilevast,teeminginhabited,majesticspinning,ancientslow,highlycomplex,beautifulfinite,preciousfragile,teary,"hereisadescriptivesummaryoftheearthin10adjectives:

blue",colored,expensive,-green,ailarrestrial,molibdenous,"herearethetenadjectivesthatdescribetheearth:

beautiful","here'sadescriptionoftheearthusing10adjectives:

blue","fragile.

ihopethatfitsthebill!",bluish,flattened,wind-eroded,"hereare10adjectivestodescribetheearthseparatedbycommas:

blue",jewel-toned,molecule-rich,magnetized,"onewordpersyllable:

blue",bluevibrantwatersurroundsgreencontinentsrockymountainsgraniteplainsvastoceanicvalleysglacier-coveredpolarregionsdrydeserts.,bluespinning,rockyteeming,greenlush,enchanting,"hereisadescriptionoftheearthusingtenadjectives:

vibrant",continents,feculent,aquifer,"terrestrial

notethatwhile10isthelimit",therearemanyotheradjectivesthatcouldalsobeusedtodescribetheearth!,formed,"separatedbycommas:

.blue","hereisadescriptivephraseusingonly10adjectives:

blue","onewordpercomma:

blue",separatedbycommas:blue,turquoise,largely,"remarkable.

theseadjectivescaptureasenseoftheearth'sphysicalbeauty",itsongoingtransformation,anditsintricaterelationshipswithinthenaturalworld.,"hereisadescriptionoftheearthusing10adjectivesseparatedbycommas:

beautifulbluemars-sizedrock-filledterrestrialgreenvibrantwetrotating",bluegreenorb,"hereisthedescriptionoftheearthin10adjectives:

blue",atmosphere-encircled,hereisadescriptivelistoftheearthin10adjectives,"teeming

here'sabriefexplanationforeachword:

*blue:theearth'soceansandskyarebothpredominantlyblue.
*vibrant:theplanet'secosystemsarefullof","mysterious

letmeknowifyou'dlikemetoreformatorexpandonthislist!",herearethedescriptiveadjectivesfortheearth,usingonly10words,"wondrous.

thesewordsattempttocapturetheearth'sbreathtakingcolors",rapidlychanginglandscapes,intricateecosystems,andawe-inspiringmysteries.,earthis,herearetenadjectivesthatdescribetheearth:vibrant,climate-chaotic,beautifulblueballofconsumablewetgreenhabitat.,beautifulbluegreenplanet,rockywater-coveredterrestrialball,warmvibrantenergeticspinning.,spinner,carbonated,glacial,hereisaconcisedescriptionoftheearthusing10adjectives,dramatic,infinite,hereisashortdescriptionoftheearthusingonly10adjectives,"herearethe10adjectivesthatdescribetheearth:

wonderful",fire-containing,scoped,eventually,azerbaijan,"hereare10adjectivesdescribingtheearth:

blue",crystalline,365-degree,water-resistant,steamy,emerald,"hereisadescriptivephraseusingonly10adjectivestodescribetheearth:

blue",massive.,"separatedbycommas:

rocky",hereisapossibledescriptionoftheearthin10adjectives,"hereisapossibledescriptivephrase:

blue","separatedbycommas:

breathtaking","majestic

letmeknowifyou'dlikemetotryagain!",oval,"majestic

letmeknowifyou'dlikemetochoosedifferentwords!","fragile.

letmeknowifyou'dlikemetoexpandonthisdescriptionorifyouhaveanyfurtherrequests!","dynamic.

ihopethismeetsthechallenge!",healthy,teal,"herearetenadjectivesdescribingtheearthseparatedbycommas:

beautiful",functioning,besieged,cozy,blueplanet.,"terrestrial

letmeknowifyou'dlikemetorephraseorexpandthisdescription!",_marble-like,sphere-shaped,outer,herearethe10adjectivesichosetodescribetheearth:beautiful,immense,"herearethe10adjectivesusedtodescribetheearth:

wonderful","onewordseparatedbyacomma:

blue",dependent,"fragile

thesewordsaimtocapturetheearth'snaturalbeauty",itslife-supportingqualities,anditscomplexities.,water-encircled,climate-diverse,volatile.,beautifulvastplanet,fulloflife,constantlychanging,spheric,insignificant.,"fragile.

thisselectionofadjectivesattemptstocapturethecomplexityandvarietyofourplanetinaconcisemanner.","terrestrial.

letmeknowifyou'dlikemetoadjustanything!","herearetheadjectivesi'vechosen:

beautifulblue",teemingwith,hugestunning,solidrock,floatingwater,hotfertile,"herearethe10adjectivesthatdescribetheearth:

colorful",herearetheadjectivesthatdescribetheearthusingonly10words,blueencompassingoceans,teemingecosystems,fragileplanet.,terrestial,"incredible.

theseadjectivesaimtocapturetheearth'svariedcharacteristics",fromitsstunningaerialappearancetoitsfragileecologicalbalance.,actively,"evolving

letmeknowifyou'dlikemetoexpandontheseorcomeupwith",reactive,hereisadescriptiveparagraphoftheearthusingonly10adjectives,tenuous,precioushours,waitingplanetearth,different,"hereisthedescription:

blue","hereisadescriptionoftheearthusingtenadjectivesseparatedbycommas:

blue",green.,sparse,blue-greenplanet,bluevastbeautifulfragilespinninguniqueself-sustainingdynamicliving.,bluebeautifulvibrantspheremassiverockywaterworldrockyfascinatingdiverse,faulted,hereisthedescriptionoftheearthwith10adjectives,contrasting,here'saattempttodescribetheearthusing10adjectives,"remarkable

letmeknowifyou'dlikemetoelaborateoneachword!",herearetenadjectivesthatdescribetheearth:amber,carbon-rich,water-touched,cliosymmetric,herearethetenadjectivestodescribetheearth:blue,"herearethe10adjectivesicameupwith:

blue",hereisapossibledescriptionoftheearthusingtenadjectives,fecund,95%,"wonderful

notethatthisisquiteasubjectivelist",andtherearemanyotheradjectivesthatcouldalsodescribetheearth!,cylindrical,"herearetenadjectivestodescribetheearthinaone-sentencedescription:

blue",-waterlogged,"separatedbycommas:

large","precious.

letmeknowifyou'dlikemetoadjustanything!","majestic

letmetrytosummarize:

theearthisablueandgreenvibrantplanetwithrockylandandliquidoceans",surroundedbyagaseousatmosphere,withatemperateclimate,"hereisapossibledescriptionoftheearthusingtenadjectives:

vast",blueoxygenrichrockywaterloggedgreenmysteriousamazingdelicatefragile.,dotted,fragible,interconnected.,"herearetenadjectivesseparatedbycommastodescribetheearth:

beautiful",herearethe10adjectives:.blue,planetous,lifeless,rockyfoy,"wonderful

itriedtouseamixofadjectivesthatcapturetheearth'soverallcharacter",fromitsvisualappealtoitsintricatesystemsanddelicatebalance.,"here'sadescriptivesentenceusing10adjectivestodescribetheearth:

beautiful",herearethe10adjectivesthatdescribetheearth:diversified,breathtakingly,vulnerable.,"precious.

however",ifyou'dlikeamorecohesivedescription,"icantrytogroupthewordsintocategories.here'sanotherattempt:

water-covered","fragile

thisselectionhighlightstheearth'smanyfacets",fromitsstunningappearance(blueandbeautiful)toitslivelynaturalprocesses(vibrantanddynamic),aswellasits,"hereisadescriptivephraseusing10adjectives:

vibrant",dominant,"eachseparatedbyacomma:

diverse","herearetenadjectivestodescribetheearthinasinglesentence:

vibrant","terrestrial.

note:iavoidedusingabstractconceptsordirectstatements",tryingtobeconciseandstillrepresenttheessenceofourplanetusingadiverseselectionof,drippy,diversified,inferior,bluegreenvastrockytemperatediversedynamicfragilepreciousunique.,"herearethetenadjectivestodescribetheearth:

beautiful",hereisa10-worddescriptionoftheearthusingonlyadjectives,"hereisapossibledescriptionoftheearthusingonly10adjectives:

blue",herearetenadjectivestodescribetheearth:big,bluegreenterrestrial,rockyplanet,vastocean,diverseclimate,oxygen-richatmosphere,toweringmountains,deepgorges,sandybeaches,herearetheadjectivestodescribetheearth:blue,permanent,enormous,modular,carbonaceous,rotatingplanet.,phenomenal.,bigger,"hereisadescriptivephraseabouttheearthusing10adjectives:

blue",climate-tuned,"unique

letmeknowifyou'dlikemetohelpwithanythingelse!",sparkly,mixed,dialed,"amazing.

eachworddescribesauniqueaspectoftheearth!",diversewildlife,fragileatmosphere,dynamicweather,magneticcore,celestialwonder,majesticbeauty,stellar,"herearethe10adjectives:

fabulous",hereare10adjectivesdescribingtheearth:blue,herearethewordsthatdescribetheearthinonly10adjectives,solemn,"hereisabriefdescriptionoftheearthusing10adjectives:

blue",hospitable.,slow-changing,-ever-changing,lightning-scathed.,modern,futuristic,sheer,"herearethetenadjectives:

blue","unique.

note:i'velistedthemseparatedbycommasasperyourrequest.",cloud-swept,hereisaattempttodescribetheearthusingonly10adjectives,"separatedbycommas:

teeming","here'sapossibledescriptionoftheearthusing10adjectives:

vast",ornate,air-scorched,hereisadescriptionoftheearthusingonlytenadjectives,hereisthedescriptionofearthusing10adjectives,"majestic

ihopethismeetsyourrequirements!",compositions,"herearethe10words:

blue",cloud-shrouded,"unique.

thesewordsaimtocapturetheessenceoftheearthinaconciseandpoeticway.",mystifying,mountains-(hilly),ecstatic,"breathing

thesewordsconveytheearth'snaturalbeauty",itssizeandgeologicalfeatures,itslivingsystems,anditsdelicatenature.,"fragile.

thisselectionofadjectivesaimstocapturetheearth'svaryingenvironmentsandcharacteristics.theblueandgreenimplytheoceansandvegetation",whilethebarrenandicydescribecoldanddesolateregions.thehotanddenseconveytheearth'sintensethermalactivityand,"extraordinary

ihopethishelps!letmeknowifyouhaveanyquestionsorifyou'dlikemetotryagain.",adventurous,clear,"herearetenadjectivestodescribetheearth:

major",primeval,!green,!white,!brown,!gray,!rocky,!hilly,!oceanic,!diverse,!lush,magneticallycharged,bluebeautifulwateryrockyvibrantdiversedynamicteemingcoldfascinating,innovative,"separatedbycommas:

bluegreenvibrantteemingrockywaterymajesticfragileuniquespherical",windless,"here'sapossibleattempt:

blue",evolving.,clouded,uibreathable,liquid-filled,"herearethe10adjectivesseparatedbycommas:

blue","hereare10adjectivesthatdescribetheearth:

teeming",rock-solid,"perfect.

letmeknowifyou'dlikemetorephraseorexpandonthis!","separatedbycommas:

facing","herearethe10adjectivesusedtodescribetheearth:

vast",inhospitable,herearethetenadjectivesthatdescribetheearth:vast,colorful.,asteroid-pelted,"hereistheearthdescribedusingonly10adjectiveseachseparatedbyacomma:

blue",ecologically,bluegreenterrestrialrockywater-coveredmountainouswarmgas-richvibrantradiantbeautiful.,alien.,"breathtaking

ihopethiscapturestheessenceofouramazingplanet!",host,liquid-covered,shaped,silicate,carbon-based,"terrestrial.

letmeknowifyouwouldlikemetochoosedifferentadjectives!",mystical,"atmospheric

letmeknowifyou'dlikemetojustifyeachadjectiveorprovidearevisedlist!",climate,"hereisthedescriptionoftheearthusing10adjectives:

dazzling",harmonious.,divisible,rotates,"separatedbycommas:

remarkable",herearethe10adjectivesi'dusetodescribetheearth:blue,"herearethe10adjectivesusedtodescribetheearth:

vibrant",terrestrialwater,denseatmosphere,ironcore,diverseclimatezones,astronomy-relating,significantmass,"hereistheearthdescribedin10adjectives:

big",yellow,heterogeneous,greenplanet,hometodiverse,irreversibly,shallow,gas-filled,"wonderful

letmeknowifyou'dlikemetorevise!",hereisadescriptivephraseabouttheearthusingonly10adjectives,planets,herearetheearthdescriptors:blue,"hereisapossibledescriptionoftheearthusingonly10adjectives:

beautiful",atmosphered,"precious.

ihopethiscapturestheessenceofouramazingplanet!",hereisthedescriptionofearthin10adjectives,distinct,water-surrounded,marvelously,climate-controlled,"hereisadescriptionoftheearthusing10adjectivesseparatedbycommas:

beautiful","hereisadescriptionoftheearthusing10adjectives:

breathtaking",winding.,prized.,atmosphereic,scaly,waters-covered,wow,"that'sachallenge!hereare10adjectivesthatdescribetheearth:

beautiful","hereisthedescriptionoftheearthusing10adjectivesseparatedbycommas:

rocky",grey,aluminum-rocked,growing,"herearetenadjectivesseparatedbycommastodescribetheearth:

vibrant","herearetenadjectivestodescribetheearth:

bluish",receding,"terrestrial

itriedtoincludewordsthatcapturearangeofaspectsofourplanet",fromitsphysicalappearancetoitsecosystemsanditsplaceintheuniverse!,gray,marble-like,	day-tilted,surrounding,pear-shaped,waters,are,solid.,"hereisadescriptionoftheearthusing10adjectives:

.blue",inhabitants,bluegreenterrestrialvastintricaterockywater-fillednaturalfragileprecious,"witheachwordseparatedbyacomma:

diverse","herearetheadjectivesicameupwithtodescribetheearth:

blue","separatedbycommas:

rotund",illuminated,vaststarry,rockyvaried,airbreathable,watervast,fragilebeautiful,teemingdiverse,mysteriousancient,tired,perpetual,"

letmeknowifyou'dlikemetoarrangetheminasentenceinstead!","vital

itriedtochooseamixofphysical",emotional,andfunctionaldescriptorstocapturetheessenceoftheearthinjusttenwords.,iceberg,"majestic.

itriedtocoverarangeofcharacteristicsthatdescribetheearth",fromitsappearancetoitsnature.,oblate,"herearetenadjectivesthatdescribetheearth:

breathtaking",hereare10adjectivesdescribingtheearth,gusty,blazingblue,tangible,"herearethechosenadjectives:

blue",consisting,carbon-rich.,bluegreenterrestrialwater-coveredrockydynamiclivingvibrantbeautifulmajesticsphere,axis-tilting,weather-creating,vibrantplanet,sustainer,"diverse

letmeknowifyou'dlikemetoexplainanyofthesechoices!",bluegreenterrestrialwater-coveredmajesticplanetrockydustymetalliclushtiny.,"hereismyattempt:

blue",dark,bluegreen,"hereisapossibleattempt:

beautiful","hereisapossibledescriptionoftheearthusing10adjectives:

unique",herearethe10adjectivesthatdescribetheearth:vibrant,geographic,crumbling,balanced,calling,water-varied,includingoceans,land,moisture,"fragile.

letmeknowifyou'dlikeanymodifications!",finity-chained,"herearethewordsthatdescribetheearth:

bluevastsphericalrockyteemingwater-coveredmagmatically-heatedhabitableextraordinarybeautiful","separatedbycommas:

bleak","herearetenadjectivesthatdescribetheearth:

beautifulbluevastfragilespinningrockywateryteemingdiverseradiant","herearethetenadjectivesthatdescribetheearth:

wondrous","here'sadescriptionoftheearthusing10adjectives:

vibrant","hereisapossibleanswer:

vibrant",sharp,"stunning

letmeknowifyou'dlikemetorephraseorexpandonthis!",animate,robust,"hereisa10-worddescriptionoftheearthusingadjectives:

blue",earthly.,"separatedbycommas:

beautifulvibrantdynamicsphericalrockywater-coveredtropicalvariedfragilemagnificent",air-breathed,"herearethe10adjectives:

purple",calm,"dynamic.

theseadjectivesaimtocapturethediversityofourplanet'sappearanceandfeatures",fromitsatmosphereandoceanstoitslandformsandclimate.,"spherical

ihopethismeetsyourrequirements!",sensual,resiliant,"watered.

ichosethesetenwordstoconveytheearth'sessentialcharacteristics:

*blueforitsoceansandatmosphere'shue
*vasttodescribeitssheersizeandscope
*complexforitsintricatesystemsandprocesses
*dynamictohighlightitsconstant","herearethe10adjectivesthatdescribetheearth:

green",shimmering,"terrestrial.

itriedtocapturearangeofqualitiesthatdescribeourplanet",shimmering)toitsbiology(diverse,teeming)anditsexistential,"majestic

itriedtochoosewordsthatcapturetheearth'scharacter",fromitsvisualappearance(blue,rocky)toitsabilitytosupportlife(terrestrial,diverse)anditsvulnerability(,situated,polar,greengrassy,vastwatery,surroundedair,dynamicfragile,warmedsun,spinningmole,"herearethetenadjectivesi'vechosentodescribetheearth:

blue",largelyoceanic,hanging,mighty,"herearethetenadjectivesicameupwithtodescribetheearth:

large",diverselandscapes,uniqueatmosphere,fragileearth,rockycore,icypoles,vibrantbeauty,wobbling,hereistheearthdescribedin10words,varies,slowly,endangered.,cooler,bruised,kinetic,plastic-ridden,climatic,gases,abundant.,"hereisaattempttodescribetheearthusing10adjectives:

vibrant",hereisadescriptivephraseusing10adjectivestodescribetheearth,"whatauniquechallenge!here'smyattempttodescribetheearthusing10adjectives:

blue","eclectic

ihopethismeetstherequirements!",herearethe10adjectivesthatdescribeearth,"separatedbycommas:

natural",here'sadescriptionoftheearthin10adjectives,productive,"herearethe10adjectivesthatdescribetheearth:

bluespinningvibrantmoltensolidrockybarrenbeautifulfragileuniqueinhabited",icareticular,"herearetenadjectivesseparatedbycommastodescribetheearth:

blue","separatedbycommas:

bluegreenserenevastwateryrockydiversefragilelovely",volcanically-active,"hereisadescriptionoftheearthusingtenadjectives:

beautiful",herearethetenadjectivestodescribetheearth:vibrant,heavenly.,timeless,rockyterrestrialball,vibrantdynamic,diversebroad,relativelyfragile,breathingatmosphered,deeplyunique,watersedimentrich,complexdenselypacked.,"fragile

itriedtochoosewordsthatcapturetheearth'snaturalcharm",variety,andvulnerability!,"unique

thislistofadjectivescapturestheessenceoftheearthinaconcisemanner.fromitsbreathtakingblueappearanceandvibrantecosystemstoitsfragileandfinitenature",eachwordhelpspaintapictureofourincredibleplanet.,geologicallydynamic,astronomically,awe,abortions,air-tight,"herearethe10adjectivesicameupwithtodescribetheearth:

beautiful",wondersome,dimly,imaginative,hereisadescriptiveparagraphabouttheearthusingexactly10adjectives,"precious.

thisparagraphcapturesthecomplexityanduniquenessofourplanet",highlightingitsvisualappeal,size,andnaturalwonders.,thriving.,incrediblydiverse,irreplaceable,cycling,lush.,herearetheearthbeingdescribedusing10adjectives,"hereisthedescriptionoftheearthwith10adjectivesseparatedbycommas:

blue","extraordinary.

note:iused""vibrant""twicesinceiwaslimitedto10adjectives","but""vibrant""couldbereplacedwithadifferentword",uninhabitable,blueverdantplanet,spinningterrestrialsphere,water-richmoltenrock,diversegreenglobe,rotatingmassiveball,swirledswirlingmist,alivevibrantorganism,vastcosmicvessel,rapidlyspinningdialectic,preciousfragilegem.,"incredible.

note:i'veusedamixofdescriptivewordsthatcapturetheearth'snaturalbeauty",itscomplexity,andtheimportanceofitspreservation.,"fragile

here'showijustifiedeachword:

*beautiful:theearthisoftendescribedasastunningworkofart.
*blue:ourplanet'soceanscoverover70%ofitssurface.
*vast:theearth'ssizeandscope",fragrant.,terreous,andmountainous,withforests,deserts,andatmosphere.,"separatedbycommas:

bluegreenvibrantteemingturbulentdynamicmajesticfragileancientbeautiful",beautifulbluemarble,spectacular.,primitive,fifth-largest,ecosystem-rich,oxygen-filled,"herearethe10adjectivesi'vechosentodescribetheearth:

vibrant",main,"here'sadescriptionoftheearthusing10adjectives:

beautiful",elevating,astronomically-large,denseforests,hotdeserts,snowymountains,frozentundra,vibrantcities,busyecosystems,fragilebalance,"unique

theseadjectivesattempttocapturetheessenceoftheearthinaconcisemanner.",scarred,perpetually,"separatedbycommas:

bluegreenvastterrestrialrotatingmoltenmetallicsparkling/x",hereisapossibledescriptionoftheearthusingjust10adjectives,precarious.,"herearetheadjectivesi'vechosentodescribetheearth:

blue",curvy,phoenix-like,bluegreenvastspinningrockyliquidinhabitedwondrousdiversemagnificentmajesticplanet.,darkblue,cognizant,"hereisthedescriptionoftheearthin10adjectivesseparatedbycommas:

blue",bright,"here'sthedescriptionoftheearthusing10adjectives:

blue",herearethe10adjectivesdescribingtheearth:curved,high,rock-filled,protein-rich,princetonblue,atmosphere-thicked,hereisthedescriptionoftheearthusingtenadjectives,swirly,herearefivewordsdescribingtheearth'ssize,fourwordsdescribingitsappearance,"andoneworddescribingitsstatus:

blue",treacherous,"hereisthedescriptionoftheearthin10adjectives:

vibrant","separatedbycommas:

bluegreenplanet",terrestrialdiamagnetic,dynamicspinning,air-filledmassive,rockyvolcanic,tidalvaried,temperatefragile,oxygen-richmysterious,"shiningspiraling.

(note:itriedtochooseadjectivesthatareaccurateandconcise",coveringarangeoftheearth'sphysicaland,valleys,lucrative,chemical,"herearethetenadjectivesusedtodescribetheearth:

vast",weary,"herearetenwordsthatdescribetheearth:

blue",rockyspherical,life-rich,energized,heavenly,vibrantblue,herearetheadjectivesthatdescribetheearthin10words:blue,bluegreenrockywaterpollutedvibrantteemingvibrantbeautifulvastthreatened.,wildlife-rich,worsening,woundable,watershed,-rounded,liquids,"precious

eachwordisaseparateadjective",andtheydescribetheearthinaconciseandmeaningfulway.,odd,familiar,kidnappedplanet,exciting,"herearetenadjectivesthatdescribetheearthseparatedbycommas:

blue",remote,"separatedbycommas:

spinny",water-packed,studios,pivotal,like,liquified,"herearethedescriptiveadjectivesfortheearth:

blue",wetatmosphere,mildclimate,densemass,complexsystem,airfilled,lifefilled,diversehabitat,"hereisthedescriptionoftheearthusingtenadjectives:

blue",organic.,"hereisapossibledescription:

blue",dwarf,wisdom,explorable.,ecologically-diverse,"separatedbycommas:

wonderful",countsfossil,spiritual,"herearemy10adjectivestodescribetheearth:

blue","invaluable

theseadjectivesattempttodescribetheearth's:

*appearance(blue)
*composition(terrestrial","rocky)
*movement(rotating)
*composition(watery)
*condition(living)
*variety(diverse)
*individuality",born,"precious.

letmeknowifyou'dlikemetoelaborateonwhyichoseeachofthesewords!","here'sadescriptionoftheearthin10adjectives:

blue",multicultural,paleblue,"wonderous

letmeknowifyou'dlikemetoadjustorexpandonthisdescription!","herearethe10adjectivesichosetodescribetheearth:

blue",vibrational,"hereisadescriptivelistoftheearthusing10adjectives:

blue","complex

eachwordisseparatedbyacommaandprovidesaglimpseintotheessenceofourplanet."
1,2124,1086,2358,366,535,1692,2160,2235,40,229,1079,479,1896,2950,2096,58,443,961,562,18,561,1052,444,97,807,633,192,269,72,99,154,1044,34,6,50,44,149,26,105,126,4,84,508,11,129,28,19,82,5,1,6,1,13,15,165,481,30,3,4,115,96,130,73,226,18,79,39,1,222,72,97,39,10,132,2,36,16,12,74,211,39,74,6,207,92,159,74,131,1,92,5,68,6,1,16,32,28,11,47,4,3,1,6,143,67,14,2,18,4,2,12,98,159,2,27,1,1,69,32,41,13,5,7,24,31,15,130,1,5,15,1,1,1,12,16,67,26,25,11,4,1,40,23,43,10,5,68,1,1,3,16,17,2,30,4,7,17,3,1,10,5,13,5,53,37,23,20,5,3,67,1,8,8,2,49,4,9,2,1,6,17,77,3,10,36,5,1,71,1,2,3,9,19,3,1,2,1,31,25,1,39,9,16,61,9,1,1,1,52,8,12,88,2,1,1,28,18,1,29,10,31,19,18,2,4,3,14,1,1,15,12,6,25,36,19,10,5,40,16,11,2,73,1,38,11,3,44,8,8,9,1,17,9,1,1,1,1,2,22,5,13,1,15,1,20,8,3,1,4,1,1,3,7,1,1,1,2,69,1,1,11,3,5,11,4,1,1,6,1,29,1,19,13,13,8,22,17,1,24,1,2,4,7,12,9,14,1,1,6,1,2,1,3,1,1,1,13,3,9,1,10,1,1,17,27,1,16,1,1,1,39,1,33,1,1,16,6,2,2,3,2,1,1,1,5,1,2,1,2,2,18,2,4,5,4,3,6,1,1,10,3,13,1,1,7,1,4,20,1,1,2,1,1,10,8,1,7,1,5,3,1,1,1,1,1,1,1,1,1,1,7,17,1,1,2,1,1,8,1,7,4,6,10,28,3,4,9,1,2,9,4,1,8,5,1,1,1,1,1,3,2,1,1,21,1,3,1,1,1,1,3,1,2,11,12,1,1,1,3,3,1,1,14,4,1,1,29,1,2,1,1,2,3,19,3,4,7,1,1,1,1,4,14,2,7,1,9,2,8,1,1,3,5,4,16,3,1,6,3,11,1,2,1,1,8,1,1,36,2,1,4,26,1,4,2,6,16,8,2,2,1,1,2,1,2,1,1,1,1,1,1,1,19,1,6,1,1,24,6,1,1,1,1,12,4,7,16,8,1,12,2,3,11,1,2,1,2,2,8,1,3,2,2,4,10,1,8,2,1,8,1,4,8,14,1,1,1,5,4,2,1,2,1,5,1,3,2,1,1,1,1,1,2,1,2,1,2,2,1,1,2,1,1,3,1,1,1,17,1,1,1,1,2,1,9,7,3,1,1,3,1,2,9,2,14,5,10,1,3,3,5,3,1,4,1,7,1,3,2,2,1,2,1,2,1,1,2,2,1,1,1,2,1,1,1,1,1,2,4,1,4,1,4,1,1,1,1,1,1,1,1,1,13,6,1,2,1,3,1,1,1,1,3,1,1,1,1,1,1,20,13,1,2,2,2,1,1,1,1,1,1,1,5,2,1,1,10,2,1,11,1,12,1,1,1,1,1,1,6,3,2,1,1,2,5,1,2,2,1,1,1,1,1,1,1,1,1,3,1,1,2,5,1,6,4,1,1,4,8,3,1,1,2,1,2,8,6,15,1,2,5,1,1,2,1,3,6,1,2,3,2,5,1,1,1,1,3,1,1,1,1,1,1,1,2,1,1,2,1,1,1,2,1,10,1,7,4,1,2,2,3,1,4,1,1,1,1,1,3,2,1,1,1,1,4,3,2,1,4,1,1,1,1,2,1,7,2,2,1,1,2,12,1,1,1,1,1,1,1,1,1,2,1,1,1,1,1,6,1,1,1,1,1,7,1,1,1,1,1,1,1,2,1,1,1,8,1,1,1,1,1,1,1,1,1,1,3,5,1,1,1,1,1,2,1,2,3,1,5,1,4,1,1,1,6,1,1,1,1,1,1,4,3,6,1,1,2,1,1,1,2,1,3,2,2,1,2,1,2,1,2,1,1,1,1,1,1,1,2,1,1,1,1,1,1,1,1,1,1,1,2,1,2,1,1,2,1,2,2,1,1,1,1,1,1,1,1,1,1,1,1,4,3,1,1,1,1,1,2,3,1,1,1,6,1,1,1,1,1,2,1,1,1,6,1,1,1,2,2,1,1,1,2,1,1,1,1,1,1,1,1,1,8,1,1,2,1,1,2,1,2,1,1,2,1,1,2,1,3,1,1,2,1,1,1,1,2,1,1,1,1,1,3,1,1,1,1,2,1,2,1,1,1,1,1,1,1,5,4,2,1,1,1,8,1,1,1,1,1,2,1,1,1,1,1,1,1,1,1,1,1,1,1,1,1,1,1,1,1,1,1,1,1,1,1,1,1,1,1,1,1,1,1,1,1,1,1,1,1,1,1,1,1,1,1,1,1,1,1,3,1,1,1,1,1,1,2,1,1,2,1,3,1,1,3,1,1,1,2,1,1,1,1,1,2,1,4,3,1,1,1,1,1,1,1,1,1,1,1,1,1,1,1,1,1,1,1,2,1,2,1,1,1,1,1,1,3,1,1,6,1,1,1,1,1,2,1,1,1,2,1,1,1,1,1,1,1,1,1,1,3,1,1,1,2,2,2,1,1,1,1,8,1,1,1,1,1,1,1,1,1,1,1,1,1,1,1,2,1,1,1,1,1,1,1,1,1,1,1,1,1,2,1,1,1,1,1,1,1,1,1,1,3,1,1,1,1,1,1,1,1,1,1,2,3,1,1,1,1,1,1,1,1,1,1,1,1,1,1,1,1,1,1,1,1,1,1,1,1,1,3,1,2,1,1,1,1,1,1,1,2,1,1,2,1,1,1,1,3,1,1,3,1,1,1,1,1,2,1,1,1,1,1,2,2,2,1,1,1,1,1,1,1,2,1,4,1,1,1,1,1,1,1,1,1,1,1,1,1,1,1,1,1,1,4,1,1,1,1,1,1,1,1,1,1,3,1,1,1,1,1,1,1,3,1,1,1,1,1,1,1,1,1,2,1,3,1,1,1,1,1,1,1,2,2,1,1,1,1,1,1,1,1,1,2,1,1,1,2,1,2,1,1,1,1,1,1,1,1,1,1,1,1,1,1,1,1,2,1,1,1,1,1,1,1,1,1,1,1,1,1,1,1,2,1,1,1,1,1,1,1,1,1,2,1,1,2,4,1,1,1,1,1,1,1,1,1,1,1,1,1,1,1,1,1,1,1,1,1,1,1,1,1,1,1,1,2,1,1,1,1,1,1,1,1,1,1,1,1,2,1,1,1,2,1,1,1,1,1,2,1,1,1,1,1,1,1,1,1,1,1,1,1,2,1,1,2,1,1,1,1,1,1,1,1,1,1,1,1,1,1,1,1,1,1,1,1,1,1,1,1,1,1,1,1,2,1,1,1,1,1,2,1,1,1,1,1,1,1,1,1,1,1,1,1,1,1,1,1,1,1,1,1,1,1,1,1,1,1,1,1,1,2,1,1,1,1,2,1,2,1,1,1,3,1,1,1,1,2,1,1,1,1,1,1,1,1,1,1,1,1,1,1,1,2,1,1,2,1,1,1,1,1,1,1,1,1,1,1,1,1,2,1,1,2,1,1,2,1,1,1,1,1,1,4,1,1,1,1,1,1,1,1,1,1,1,1,1,1,1,1,1,1,1,1,1,1,1,1,2,1,1,1,1,1,1,1,1,1,1,1,1,1,1,1,1,1,1,1,1,1,1,1,1,1,2,1,1,1,1,1,1,1,1,1,1,1,1,1,1,1,2,1,1,1,2,1,2,1,1,1,1,1,1,1,1,1,1,1,1,1,1,1,1,1,1,1,1,1,1,2,1,1,1,1,1,1,1,2,1,1,1,1,1,1,1,1,1,1,1,1,1,1,1,1,1,1,1,1,1,1,1,1,1,1,1,1,1,1,1,1,1,2,1,1,1,1,1,1,1,1,1,1,1,1,1,1,1,1,1,1,1,1,1,1,1,1,1,1,1,1,1,1,1,1,1,1,1,1,1,1,1,1,1,1,1,1,1,1,1,1,1,1,1,1,1,1,1,1,1,1,1,1,1,1,1,1,1,1,1,1,1,1,1,1,1,1,1,1,1,1,1,1,1,1,1,1,1,1,1,1,1,1,1,1,1,1,1,1,1,1,1,1,1,1,1,1,1,1,1,1,1,1,1,1,1,1,1,1,1,1,1,1,1,1,1,1,1,1,1,1,1,1,1,1,1,1,1,2,1,1,1,1,1,2,1,1,1,1,1,1,1,1,1,1,1,1,1,1,1,1,1,1,1,1,1,1,1,1,1,1,2,1,1,1,1,1,1,1,1,1,1,1,1,1,1,1,1,1,1,1,1,1,1,1,1,1,1,1,1,1,1
