blue,vast,spinning,spherical,terrestrial,diverse,dynamic,fragile,ancient,resilient,green,vibrant,mysterious,beautiful,massive,unique,breathtaking,majestic,rocky,turbulent,wondrous,rugged,awe-inspiring,watery,intricate,rotating,complex,unique.,precious.,round,precious,temperate,atmospheric,terrestrial.,orbiting,mountainous,fragile.,gaseous,varied,majestic.,stormy,oceanic,lush,blue.,ancient.,breathtaking.,habitable,aquatic,resilient.,barren,magnetic,temperate.,"herearetenadjectivestodescribetheearth:

blue",colorful,remarkable,"herearetenadjectivestodescribetheearth:

beautiful","herearetenadjectivesthatdescribetheearth:

vast","herearethe10adjectives:

vast","hereare10adjectivestodescribetheearth:

beautiful",fertile,"hereare10adjectivestodescribetheearth:

vibrant","hereistheearthdescribedin10adjectives:

vibrant","herearetenadjectivestodescribetheearth:

vibrant","hereisadescriptionoftheearthin10adjectives:

round","hereare10adjectivestodescribetheearth:

vast","hereisadescriptionoftheearthusingonly10adjectives:

beautiful","hereisadescriptionoftheearthusingonly10adjectives:

blue","hereisadescriptionoftheearthusing10adjectives:

vibrant","hereisadescriptionoftheearthin10adjectives:

vibrant",serene,herearetenadjectivestodescribetheearth,"separatedbycommas:

vibrant","hereisadescriptionoftheearthusingonly10adjectives:

vibrant",celestial,"hereisadescriptionoftheearthusingonly10adjectives:

round",magnificent,"separatedbycommas:

vast","hereisadescriptionoftheearthin10adjectives:

beautiful",hospitable,hereisadescriptionoftheearthusingonly10adjectives,"separatedbycommas:

beautiful","separatedbycommas:

blue",hereisadescriptionoftheearthin10adjectives,lively,alive.,aqueous,"herearetenadjectivesthatdescribetheearth:

round","herearetenadjectivestodescribetheearth:

vast","herearetheadjectives:

beautiful","hereisadescriptionoftheearthin10adjectives:

blue","herearethe10adjectivestodescribetheearth:

vibrant",volcanic,fascinating,changing,living,wet,hereare10adjectivestodescribetheearth,"eachseparatedbyacomma:

vibrant","eachseparatedbyacomma:

beautiful","eachseparatedbyacomma:

vast",dynamic.,"hereare10adjectivesthatdescribetheearth:

vibrant","eachseparatedbyacomma:

blue","hereare10adjectivestodescribetheearth:

blue","herearetenadjectivesthatdescribetheearth:

vibrant","herearethe10adjectives:

blue","separatedbycommas:

round","herearethe10adjectivestodescribetheearth:

beautiful","hereisthedescriptionoftheearthin10adjectives:

blue",organic,complex.,tumultuous,mysterious.,curved,wondrous.,icy,water-covered,weathered,resplendent,tilted,evolving,"herearethe10adjectivestodescribetheearth:

blue","hereare10adjectivesthatdescribetheearth:

vast","hereisadescriptionoftheearthin10adjectives:

vast","hereisadescriptionoftheearthusingonly10adjectives:

vast",wonderful,warm,"herearethe10adjectivesthatdescribetheearth:

vibrant","hereare10adjectivesthatdescribetheearth:

beautiful",abundant,arid,verdant,forested,"hereisadescriptionoftheearthusing10adjectives:

beautiful",hereare10adjectivesthatdescribetheearth,hydrated,magnificent.,"hereisthedescriptionoftheearthin10adjectives:

beautiful",incredible.,ever-changing,tropical,dusty,sprawling,"hereistheearthdescribedin10adjectives:

blue",immense,hostile,eclectic,luminous,brown,old,awe-inspiring.,"herearetenadjectivestodescribetheearth:

round","hereistheearthdescribedusingonly10adjectives:

beautiful",inhabited,"hereistheearthdescribedin10adjectives:

beautiful",captivating,stunning,incredible,diverse.,"hereisadescriptionoftheearthusing10adjectives:

round","herearethe10adjectivestodescribetheearth:

vast","hereare10adjectivestodescribetheearth:

round",finite,hereisadescriptionoftheearthusing10adjectives,"herearethe10adjectivestodescribetheearth:

round","hereisthedescriptionoftheearthusing10adjectives:

vibrant",irregular,beautiful.,"hereare10adjectivesthatdescribetheearth:

blue","hereisthedescriptionoftheearthusingonly10adjectives:

blue",finite.,extraordinary.,elliptical,"hereisthedescriptionoftheearthin10adjectives:

vast","herearethe10adjectives:

vibrant","herearethe10adjectivesi'vechosentodescribetheearth:

vibrant",oxygenated,herearetenadjectivesthatdescribetheearth,astonishing,remarkable.,radiant,unpredictable,"hereisadescriptionoftheearthusing10adjectives:

blue","hereisthedescriptionoftheearthusingonly10adjectives:

vibrant","hereistheearthdescribedin10adjectives:

vast","hereisadescriptionoftheearthusing10adjectives:

vast","hereisthedescriptionoftheearthusingonly10adjectives:

round",chaotic,temperamental,celestial.,spherical.,large,thriving,"hereistheearthdescribedusingonly10adjectives:

blue","herearethe10adjectivesichosetodescribetheearth:

vast",rich,"herearethe10adjectivesi'vechosentodescribetheearth:

blue","hereistheearthdescribedin10adjectives:

round","herearethe10adjectivesichosetodescribetheearth:

vibrant",water-rich,"herearetenadjectivestodescribetheearth:

majestic",herearetenadjectivestodescribetheearth:beautiful,"hereisthedescriptionoftheearthusingonly10adjectives:

beautiful",hereare10adjectivestodescribetheearth:vast,hereisthedescriptionoftheearthin10adjectives,"herearethe10adjectivesthatdescribetheearth:

beautiful",hilly,"eachseparatedbyacomma:

round",vibrant.,intriguing,habitable.,layered,desertous,stunning.,"herearetenadjectivesthatdescribetheearth:

blue","herearethe10adjectives:

beautiful",hereistheearthdescribedin10adjectives,"separatedbycommas:

majestic",delicate,fascinating.,"hereistheearthdescribedusingonly10adjectives:

vibrant","eachseparatedbyacomma:

majestic",life-giving,shifting,enormous,herearetenadjectivestodescribetheearth:blue,"hereistheearthdescribedusing10adjectives:

vast","hereisthedescriptionoftheearthin10adjectives:

round",teeming,"herearetenadjectivesthatdescribetheearth:

beautiful",aquatic.,vital,intriguing.,worn,"herearethe10adjectivesichosetodescribetheearth:

blue",liquid,"hereisthedescriptionoftheearthusingonly10adjectives:

vast","hereisthedescriptionoftheearthin10adjectives:

vibrant",huge,fluid,cold,"herearethe10adjectivesicameupwithtodescribetheearth:

beautiful",wonderful.,thriving.,bountiful,hereisthedescriptionoftheearthusingonly10adjectives,"herearethe10adjectivesichosetodescribetheearth:

beautiful",hereare10adjectivestodescribetheearth:blue,spinning.,orbited,oval,expansive,vulnerable,"hereistheearthdescribedusing10adjectives:

blue",humid,orbicular,hereare10adjectivestodescribetheearth:beautiful,revolving,solid,serene.,tranquil,herearethe10adjectivestodescribetheearth:blue,"hereare10adjectivesthatdescribetheearth:

round",breathing,hereisthedescriptionoftheearthusing10adjectives,hereistheearthdescribedusing10adjectives,resplendent.,hereare10adjectivestodescribetheearth:round,amazing
1799,2949,634,650,1678,3888,3407,3143,1851,1220,885,1495,546,1980,653,401,441,1379,908,141,1149,275,111,1183,88,311,965,28,18,138,79,939,337,36,26,286,70,104,160,55,77,32,157,17,12,96,106,87,86,18,11,8,39,5,15,46,5,3,56,147,100,19,58,11,35,88,138,17,92,39,52,74,132,26,15,67,31,51,20,88,49,50,33,12,4,30,1,22,1,95,39,21,41,61,9,5,42,15,19,16,8,12,10,59,13,5,4,28,5,3,13,2,14,6,44,4,14,29,3,10,24,40,5,29,56,34,8,1,3,8,10,18,4,19,5,1,7,6,2,12,5,1,9,8,11,8,6,13,15,2,11,7,5,11,8,2,27,13,8,3,12,9,5,25,4,3,5,42,7,8,1,1,6,2,1,1,1,13,2,4,3,5,18,2,5,3,2,6,12,1,6,1,5,5,3,1,1,3,2,2,1,1,7,1,4,1,1,3,4,3,3,1,1,3,8,4,7,1,2,1,4,1,4,1,3,1,1,1,3,4,1,2,1,1,3,2,3,3,1,1,2,1,2,1,1,2,1,1,3,1,1,1,2,1,4,1,1,1,1,1,1,1,2,1,1,1,1,1,1
