bright,vast,blue,dynamic,diverse,fragile,mysterious,resilient,ancient,ever-changing.,life-sustaining,complex,unique,resilient.,beautiful,changing,unique.,round,fascinating,resplendent,solitary,vital,colorful,evolving,beautiful.,bustling,vibrant,volatile,graceful,home,fragile.,alive,mystical,finite,energetic,intricate,rotating,old,marbled,changingbeautiful,dynamicandmagnificent.,spherical.,interconnected,solid,mysterious.,interconnected.,rocky,tilted,water-rich,tectonic,gravity-bound,spectacular.,intermideate,textured,delicate,teeming,andancient.,fragileliving,ever-changing,lifebusholding,green.,unpredictable,layered,vibrant.,planethome,captivating.,changeable,magnificent,familiaryetmysteriousandbeautiful.,watery,lively,magnetic,resplendent.,historical,extraordinary,fascinating.,andwatery,interconected,living,eternal,remote,,spherical,amazinglyhabitable,radiant,lush,vibrantandchanging.,spirited,enchanting.,wondrous,constantlychanging,precious,expansive,breathtaking.,awe-inspiring,nonethelessfascinating.,active,massive,densely-populated,sphericl,tectonicallyactive,life-sustaining.,complex.,charming,spinning,watery.,global,besidealiquidplanet,blooming,mesmerizing.,tempestuous,hospitable,mythical,powerful,mysteriousandbreathtaking.,resourceful,alive.,inhospitableandambiguous,inhabited,enigmatic.,andcomplex.,mysteriousancient,enchanting,atmosphere,cloudy,rocky.,fresh,majestic,busy,changing.,enigmatic,bluespiriteddynamicunpredictableatmosphereteemingrisingvibrantchangingalive,intricate.,immense,geological,beneathitsever-changinglandscapesofblueisaplanetvividlydynamic,thriving,elliptical,mysteriousandwater-rich.,verdant,transformative,indispensable.,spectacular,mysterrious,temperate.,astonishing,aging,/hosttolife.,bluevibrant,long-lived,precioustreasurerich,life-growing.,bountiful.,interdependent,chaotic.,luminous,cyclical,andmarvelous.,andever-changing.,resilience,exceptional.,andalive.,ancient.,mexico,weathered.,andambiguous.,lithinerich,.diverse,lost,eluding,captivating,mysteriousandbeautiful,peaceful,water-dominated,habitable,hospitable.,bluemarble,breathtaking,endless,ancientandlively.,avast,green,stormy,lifesustaining,teeming.,dry,wet,hot,cold,diverse.,fluid,sacred,"
blue","
dynamic","
diverse","
resilient","
fragile","
breathtaking","
ancient","
complex","
livesustaining.",turbulent,/vibrant,/diverse,/dynamic,&earthy,/magical,extraordinary.,inhabitable,fractal,magical,bluebasalt,sustainable.,andunique.,bold,abundant,nurturing,oxygenated,inspiring,complexandancient.,vivid.,vivid,aliveamagnificent,wanderingandunjust,eager,spiralingwaters,fatigued.,enchanted,andbeautiful,dangerousyethospitable.,flexed,resolving,moving,oceansome,andlonelyaslonelyishonorednervous,"fragileevolving

thosearetendescriptivewords.",intriguing,abundant.,chaotic,powerful.,crescent,orbitallayeredwaterplanet,relentless,consistent,awesome.,mountainous,precipitous,oceanic,andspellbinding.,dangerous,awe-inspiring.,historic,interwoven,encompassing,captivatingenchanting,ever-lasting,feature-rich,ciones,ancientmixed,harsh,magical.,fertile,extremelyunique,andbeautiful.,rotund,blue.,ongiktutionally,mesmerizing,our.,bountiful,heavenly,constantly,clever,divine,intense,orion,water-focused,living.,_diverse,butican'tusetenwordsinasentencewherealimitoftenadjectivesistobeformulated,"tobeprecise.

**vast",simplifiedcomplex,incessant,circling,and,evolutionaryvibrant,fiery,shifting,volcanic,martin.,unexpectedlybeautiful,essential,fragmented,changeable.,waterrich,everchangingandliving,**volatile**,spiritual,magnificent.,vast.,life-supporting,andeverchanging.,3d,fragileblue,andeverchanginghabitable,andresilient.,resilent,complicated,abluemarble.,westerly,significant,andmysterious.,geographicallyvaried,"lush:vibrantandlife-giving

beautiful",andmagical,fatherofearthisblue,floatynatures,mixed,equidistance,spheroid,vibrrant,spacious,sensitive,incredible,bluevastdiversevolatilebeautifulfragiledynamicroundresourceful,inviting,andconstantlychanging.,wondrous.,evolving.,frail,andintricate.,sensory,volatileteseeded,marvelous,intimate,complexextraordinarylushteemingpowerful.,open-headedwarm,hostile,big,uniqueecosystem,water.,fractured,stunning,filled,modulated,variable,diverseblue,livingbreathingwatery,thinskinned,hidden.,enormous,large,connected,handsome,beautifulbluemysteriousvastdiversefragilealivefragileglorious,andfragile.,rich,home.,glorious,old.awesome,beneath,andlife-supporting.,treed,solidwarm,roundmysterious,resource-rich.,life-giving,majestic.,mammoth,water-covered,productive,serene,diversified,susceptible,splendid,interdependent.,vastbluefragiledynamiccolorfulbeautifuldiversealivemysteriousevolving,scenic,divers,andinterconnected.,blue-marble,breathing,twisty,small,interstitial.,azure,livable,majormarine.,natural,interlocking,dynamicandvolatile,changingmolecules,unstable,roundingonaxis.,awesome,fluid.,breath-taking,alive!,delicatefragile,varied,geologicallyactive,protective,adaptable,reslient,quirky,everchanging,tranquil,climatediverse,bvastwide,creative,geologicallycomplex.constantlyevolving.beautiful,blueish,life-enriching,sensational,mamma,a,enduring,churning,brettable.,oneminorplanetary.,temperate,andvaried.,beguiling,archaic,colourful.,humid,grand,molten,ater,treforeyed,tempestuous.,mostlywater-surfaced,explodingweather,precious.,superior,comparativelysparse,tenuous.,inhospitable.,forme,wordshavethefollowingqualifications:blue,life-giving.,infinite,marvelous.,ancientlessthanabillioninhabitantstodaycomparedto77billiondescendants,weathered,unpredictable.,ever-evolving,andancient,ourplanetearthisbothfragile,anddynamic,searching,beautifulfranceafrica,"europe

yes","mypreviousresponseincludedincorrectdescriptors.let'scorrectthat:

mnagnificent",elegant,alaing,etc,andfourthlargestintheplanetsofthesolarsystemaccordingtodiameter.,vastandvivid,volatileyetdynamic;resource-filled,andenigmatic,jahsataccidental,spirited.,vividbeautiful,"itisround.
tengreatwordtodescribeearth.",masons,"alive

additionally","couldyoutellmeawordthatdescribesthehistoryoftheearth?
unburdened",tostart,itisimportantthatyouletmeknowifyouwannaknowthephysicaldescription,orearthasaplanet,lifeonearth,ortheenvironment.thismightchangetheadjectivesusedinthedescription.,intrinsic,sustainable,fascinatingancient,otherworldly,andhome.,shared.,amazing,fluctuating,andlifesustaining,uniqueandever-changing.,interconnected.challenging,aged,luminous.,orbiting,challenge,inspirational,amorous,climaticallyvarrying,warm.,harness.enormous,incredible.itvariesdependingontimelines,however,ihadtodelete100andboileditdowntothatnumber.,iwantedtousearussianword,&there,concealed,andold.,vastpoetry,spinning.,"""living""",blueplantsarevastanddynamic,livingandvital.cloudyyetbounded.,organic,fulloflife,energetic.,tender,frantic,heating,diverselivelybluevibrantuniquespiriteddynamicsacredbeautifulmysterious,gravity-filled,rounded,changing.awarm.,vastancient,busy.,.breathtaking.,vastmysteriousanimalsdiversechangingpolarisedgorgeouslivingfragileinteractive,luscious,andprofound,resourced,water,animated,ancientland,life-bearingworld.,elliptical.,spheres,resource-rich,robust,andchanging.,diverse:colorful,rugged:mysterious,andunique,vibrational,oblatefurrowed,rockyandflyingsalty,icyandaccurately,round.,dynamicvibrant,inmotion,geological.,eco-systems,anciennes,theateroflife.,old.,"';


...

theearthisablue",andplanetofbeauty.,inter-connected,oldgiant,harmonious,boundless,aliveandunique,arid,andliving,globular,vital.,beautyful,circular,andenchanting.,tropical,deep,fertile.,habitats,vociferous,constantlyevolving,wonderfull,amazingly.,migratory,awe-inspirin,sustaining,warm,inhospitable,wild,timeless,rare,sacredlandmark,thirdrockfromthesunit's70%liquid,planet.,geographical,complexteeminglushfragilebeautifulrotatinglifefilledblue.,resilience.,growing,varied.,evergreen.,life-savingharbor,world'slargestplanet,harmful,little,age-old,modestmountain,resilientb*tch,slow,bloody,adaptable.andmysterious.,tectonically-active,andvaryinglyclimactic.it'salsofullofmysterieswithinit,whicharemostlyunexplored,asisalsolife-sustaining,withlivingcreaturesandecosystemscirclethelandmasses,rivers,anditsatmosphere.,bleeding/climate,thunderous,benefactor,"alarming.

pleasenotethatbleeding",climateandalarmingarenot100%descriptiveadjectivesbutcompassionmaybeunderstoodbyareaderthatreadsmypoint.,interactive,andincredibly.,"

tangibleliveappearvibrantarena.",young,layered.,citizen.,volcano-ing,multi-layered,interlocked,vivie,andfragile,aqueous,shady,muggy,endless.,floating,delicate.,voluminous,calming,ephemeral,contrasting,storedsed,interdependentandblue.,resilientold,vibrationsoflife,blue-green,"blue.
magnificent",althoughsparkly.magnificent,fiery.,restless,precarious,shaded,atmospheric,andamazing.,solidarity,life-bearing,astonishing.,charming.,"
pulsating.",serene.,humanoid,geologicallyactive.,coldblooded,water-richcontinental,torn,waterylifesustainable,waterbody,alived.,aqua,aging.,frigid,rugged,gracious,gustav,biget,magicalandbeloved,vivacious.,uniquewondrous,oldhundredsofbiodiversity,"described
volcanic",influential.,violent,diverse.tectonicallyactive.frozen,anddynamic.,shaping,magnetic.,intertwine,silica,homeoftheorganicandhydratedplanet.,intertwined.,essential.,quitocomplex,blueprint,andmagnificent.,water-filled,prehistoric.,resilientinhabited,triumphing,hydrated,andvibrant.,alenating,yesrocky,environmental,geologically,amazingbeautiful.,singular,oceans,tectonic.,andotherworldly.,exquisite.,bluehearted,crucial,frightening,broad,vulnerable,windy,life.,skeletal,warmreactive,icy,resilientlife-giving,burstingwithpotential.,mystifying,treasured,andthenonethenbeginstodescribethebeauty.,andcreative.,-springy,cluttered,interpretable,reservoir,life-filled,terrestrial,historied,hosting,compositionalg,journeymiddle-life.flat-safe-extinct.,acidic,envuhelmntrsicalandhalf-alive.,unknown,resolute,captivatingmysterious,gentle,wonderful,"blueconsistsentirelyofoceanandclouds.
rocky",dividingwithforms,"
changing",dependentonnaturalprocesses,"
wondrous",encasienne,voided.,"puzzle.

(thisdescriptionissubjectiveandthereareobviouslyotheradjectivesthatcouldbeusedtodescribetheearth)",awakening,abeautifulface,"deep.

eachadjectivehasbeencarefullychosentoconveyonedimensionalaspectofplanetearth.","capableandtempestuous.

thissetsoutastaticallyinformedwouldn'teagereagernessbetweensuggestionsonplanetearth.",thissumuptheearth,andmysterious,winding,andlively,seventful,interconounted,unexplored,self-sustaining,interconntected,cultured,exotic,resourceful.,tinytotheuniverse,mammoths,multiple,vibrantly-liveabledynamic,laminar,4.5billionyearsold,cambersagoodbalance,lifesupporting,changaning.,changing.pleasetellmeifyouneedfurtherinformation.,"changing

ichosetheseadjectdesbasedonthedescriptionoftheplanetfrompointsofviewofgeography",biology,geologyetc.forexample,earthisvastandbeautifulbecauseofthediversityofthelandscapesandecosystems.,cratered,amazing.,andblueandfragileandmagnificent.,contrasty,dynamic.,geologicalmarvelandpopulous,magneticpotent,andpale.,activevibrant,distinctive,water-coverded,tiledandhospitable.,revolving,imperial,dynamicliving,volcanic.,andendless,diversity,magicalrocky,fragrant,challenging,ancientvivid,eearth.,cruel,profound.,modeling,radiant.,watered,fortunate,fragileandmovable.,paternal,andthird-planet.,blue(&earthtone),cradled/sustainslife,valuable,seismic,powersources.,andspectacular.,uniqueiridescent,colorful.,multifaceted,metallic,dynamicyetmajestic,trulyunpredictable.,shared,eclectic,caerulean,maraudenous,remarkable,older,dynamicinhabitable,andenlarged.,biodiverse,causallychaotic,emiently,mingling,precarious.,"
vibrant","
majestic","
mysterious","
vast","
enigmatic",magneticandcomplex.,waterymountainousmysterious,overflowing,"describeearthusingonlytenadjectives.
beautiful",dynamiclivingvast,fragileunique,wanderingobjects,alive?blue?complex.,resilliant,fragileresilient,roundandalive.,chasing,industrious,dynamicearth,lifegiving,dusty,uneven,andastonishing.,teemingwithlife,fabled.,generous,ourhome.,iconic,alivecompelling,messy,flooded,livelyinvisitedregions,radiantwithflowing,mysteriousunfinisheddark.,oxygen-rich,temperamental,secretable,strategicallylifebearing,magneticandgeologicallyactive.,andincrediblybeautiful.,rotate,rotatingat1000mph**,sereneecosystemal.,epailophic,temporalandichiless.,single,volatilefhasoj,aseoming,surprising,lasting,diversemisbnhad,andamazinglyalive.,active.,fragileribbonedwithlifeever-changingvibrant.,bewildering,elegant.,volatile.,resilient.mysteriousbluedynamic.,interactiveandunique.,resource-laden,resillant,fragilelush,intricateandmysterious.,magnanimous,jagged.,ecosystemprovidence,dimensional,bio,bllue,three-dimensional,pembquisite,vast(bymany),old(4.5billionyearsold),inviably,"personaland')

note:thewordsarespeciallyorderedtoconveydifferentimpressionstheword""inviably""wasusedinplaceofthemorecommon""unique""asitistheonlyplanetinv-tebalreadyfieldbyhumanbeings.

notetheorder",pulsating,mysteriousandbeautiful.,vastbluelivingdynamic,planethabitable,chaoticandwonderful.,andincredible,hypoxic,perilous,beautifulcomplexdelicate.,continental,third,awe-inspiringandlife-sustaining,ancientyouthful,uniqueandresilient.,complexbeautiful.,resourcerichfragile,andwondrous.,unexpected,seductive,crowley,transforming,necessary,probing,andfull.someorallthesewordsconveyseveralaspects,resilientcomplex,irregular.,tremendous,scientific,colourfull,unknowable,whirling,frgile,formidable,gardening,diversevivid,uniquespiritedbeautifulcomplexinterconnectedfragile,cosmic,dynamicblue,complexmysterious,ecstatic,encompassing.,sprawling,developingwhirling.,futuristic,andinhabitable.,bewitching,volatileandbeautiful.,rainy,restless.,conduitenvironmentalshiftingsphereandblue.,herrnaceous,enveloping,unusual,isolated,awe-inspiringandalive.,our,lonely,lovable,get,desolate,internself.,miraculous,steptful,raw.,unyielding,ancientdynamicbreathableestuary,awe-inspiringlivable.,diverseliving,my-wouldbeplanetearthitchinitsorbitandshapeifchkdabouteightthousandtruefromaquestion.,plastic,southern/oceanic/forestprofessionalresourcesneeded,oxygenic,scalable,denselypopulated,biogeographicallydiverse,volumetric,yellowishgreenhousegassesedeepopisweremgeographicalmagnetic,fluidactive,tumultuous,bewildering.,magestic.,"
beautiful","
unique.",watery.wondrous,enchantinglybeautiful,splendidlywondrous,delightful,mysteriousanddynamic.,vivdbluedot,"
magnetic",rollingepictajfortime,glowing,bluebloodandwateryshinningalienbluediamondbrimmingwithbio-massswarm.,"beautiful.

ionlyused8","ethylenewasnotused.

doyouwantmeincludeanotheradjectiveorkeepitat8?",intricatefragile,exquisite,one.,absorbent,andhometofascinatinghuesandstartlingchanges.,loveable,resillient,livingandactive.,beasts,(andotherloadwords)complex,trek,interconnectedglobe.,witharockysurface,fieryinitscore,andasingle;,changeble,interconnectedanddense,evolved,vivacious,unpredictablemineral.,serendipitous,renewing,emerald,lifesustaining.,andvibrant,-covered,blue.majestic,vast;changing,bveautiful,resourcesrich.,dynamicmountainous,frosty,wheeless,"vengagementlimits""onlyten"".blue",.dynamic,intrepid,comprehensive,resiliencedeckclubextraordinarynature,water-world,luminousandeverchanging.,resinent,imperfect,vastvibrantlivingfragilediversebeautifuldynamicchangingresilientmysterious,frigid-hot,inconstant-flux.,dense,calm,astounding,humming,blue-res,sustaininglife-inducing,gradual-shifting,habitat-losing.,chororous,withchangingclimate,flattened.,mesmerizingbeautiful.,immense.,andlife-sustaining.,diversebusy,everlasting,pulsating.,trusting,change,supportive.,molten-core.,eightcontinents,warming.thelistgoeslonger.keepusallinharmony.,andwater-rich.,"

rocky",aswatery,changable,vastlybeautiful.,returning,blueandgreen,everevolving,roofed.,beautifulandmysterious.,incessant.,intersecting,aweinspiringandhealogicallydollarformingandthawdeterminingalllimitssuchaagovernor,planet,websocket,volcanicactive,interbeautiful,"vibrant
diverse
bluemarble
dynamic
mysterious
energetic
rock
ancient
living
delicate.",layeredanddense,resilientandflowing.,neaerly70%ofthesurfaceiscoveredinwater,oldandunique.,surprisinglyresilient,'amazing'.,climactic,earthly,water-coveredandunique,dynamicallyever-changing,earthiscomplex,life-charging,sphereshaped,bluemarbled,ominous,breathtakinglyvast,eachdawnanddusk.,technicolour,ailing,equatorial,thriving.,andintriguate,andlush.,andlayered,elegantfrantic,innovative,fantastical.,theearthiscold,life-givingandrich.,frangible,andinterdependent,shielded,yetfragile,it'shome.,delicateandresilient.thesetenadjectivesroughlysummarizesourbeautifulplanet.,watercovered,theonlyhome,mouldable,constrained,.multifacetted,breathable,vaste,socialandalive.,fsrithmorphic,"rstandersdebatewhetherearthisconsideredapeculiarorbfromnasa'sconcerningtheshapeoftheplanet'sorbit-oblatesferoid.forreference:

10:it'sawreverence",habitable.,airy,andhospitable.,dynamic-watery,varying,wild.breathtaking,matter-filled,animate,andexpansive.,fulfiling,fragnetic,blue|,vast|,dynamic|,diverse|,fragile|,ancient|,mysterious|,resilient|,evolving|,ancient*,"complex

*-iindicatedancientasdirectlyreferencingtheearth'sage","butyoucouldalsouse""old.""ididn'trepeattheword""old""andiwantedtoincludeadifferentrationaleforchoosingthatspecificword.",incredible.,economical,fragiletuent,unboundedandpowerful.,tidal,rapidlychangingandpotentiallyfragile.,ancientlavadry,dynamiccontinuouslychanginghuge.,anunpredictable,humans,vegetatedbeautiful,contested,scarred,colossal,uniqueandancient,responsive,haloed,andradiant,fragilebeautiful,andimportant.,dynamicandcomplex.,mysteriousanddelicate.,exceptional,ever-changingemagnifique.,journey,interiodinate,full-of-life.,magnificentizmuous,vibrantfragile,exciting,andevolving.,expanding,blueaqueous,replenishingandremarkable,abeautiful,waterfilled,incredibly.,puzzling,animatedteeming,mystical.,andremarkable.,bluesystem,blueplanet.,sacred.,andmajestic,haveabluescenicocastlinga,luminouscore.,untamed,brilliant,mighty,gravelly,widespread,glandous,hydrocarbon-bearing,supercommended,devastated,gifted,lloyd,dynamicincrediblyold,rythmic,provocative,energizing,intriguing.,undiscovered,&wondrous.,sphere-shapedrotating,andstunning,stunning.,mysticalblue,dynamictectonic,mysteriousandresilient,mesmerising.,vibrant---and,gaseous,obsidian-patches,reflective,fragileelegant,cyclical.,various,colourful,"vast
blue
dynamic
diverse
fragile
resilient
endless
magnificent
enigmatic
changing",sphere-shaped,intricatelyhabitable.,resilientandperpetuallyevolving.,elusive,adoring,nurturing.,unstableforanyyetlifesustaining.,frustrating,wholeandlively.,bountifulresilientmysteriousfragile.,vibrantblue,intense.,dark,mightyhurricane,hazardous,scattered.,vibrantbluedynamic,drycondensencedessert,juvenileoceansnatural,processual.,mountainouswet,lively.dynamictemperate,choppy,empathy's.,resilientoldcomplicated,mysterious.just1stidonotwanttochoosethelastwordsoiletyouwritethelastword.,intertwinedandever-changing,rotation,blueblueblue,underappreciated,"resilient.

icameupwithonly10",thusleavingbluebluebluebetheoceans.,complexeasilycyclical,deeproutesthesurface,"

aliveeveninthemostrobust",leafy,mountainsaresometimesjagged,muddywatersimprisonicebuildingup,"

tectonicshiftsofforceswithouteversymphonicontheunendingface.",cosmos-connected,forbidding,indestructible.,tough,resilent.,rebellious,uniqueamongplanets,fickle,butresilient,transformative.,beautifulliving,rewarding.,mysteriousearthly,difficulttodefineandbeautifulity,inexhaustible,intercconnected,experimentalandserene.,marvellous,hasty,interplaying,andever-changingearth.,blue-metalsharpcolorfulspinningimmensediverseenergisedfragilechangingmajestic,diversevibrant,jeweled,bensiful,diversedottedwithcontinents,vastactivebluegreen,oldforbeautiful.,irreplaceable,resistant,somewhatfragile,commune,lifelong,patient,enigmaticspherical,homes.,bluevast,andalive,enchantingandfragile,limitless,aquatic,andmajestic.,austere,"
teeming",mercury,nurturingandevolving,anddiverse,interrelatedandfragile,livingandbluemarble.,cindividualsblue,1spinning,respirating,luminescent,intricately,luminously,tektite.andnevercold,oneunique,landteemed-withlife.,lifelike,woodlandpopulated,quiscent,reigning,contaminated,abeloved,sphericalplanet.,rust,diversebleak,fragilecomplex,rapid,elusve,tenuous,humpshoaped,belaesque,high-stakes,fantastic,intercontinental,temperaturevarying;averagingproperforlife,incrediblemountainsandavellys.,home-sweet-home,hugewithholes,beaches,shimmering,fast,solitary.,"
rotating","
lush",andawe-inspiring.,one-of-a-kind,overwhelming,contemplative.,dangerouslydense,crystalline,whispering,empowered,established,majesticgeologicallyactive,cosmicfloating,mature,sovereign,interrelated,andrenewable.,andtransforming.,frore,andliving.,oceansarefree,mammalian,chalk-fullofsurprises,diverseandbeautifulyetfragile,andmagicalearthisround.,fragiledelicate,uniqueworldis:majestic,viaggio,"one.
ourimmenseplanetistheonlyplaceintheuniversewecancallhome.",steppingstone,enduringgenerational,anatmosphererichwithlife.,flowing,"resilient.

pleasereplace""ancient""ifyouwouldlikemetouseadjectivesthatarenotalwayspositive.

inthatcase","understoodis
vast",beautifulincredible.,spatial,andchanging,alone.,interconnectedandbeautiful.,dynamicchaotic,solidar,gorgeous,dynamic.lively.,fragil,tiny,enchanted.,enveloping.,one,ever-changing.resilient,intermittent,dynamiccomplex,historicandever-changing.,lowetemperate,storied,andwondrousthislastoneisinexcessoftenandishouldstopnow.,mysteriouslyalive,"dazzling

theseadjectivescancapturevariousdimensionsoftheearth",fromitsphysicalattributestoitsecologicalandculturalrichness.,uniqueia,resilientandfragile.,complexliving,turbulentresilient,enthralling,andnatural.,curious.,advanced,liquid,resilientdeathdosing,sphere,uniquely,miraculous.,wounded,lived.,crowded,interconneccted,saturated.,conscious,lonely.,refreshing,dynamical,evoking.,wildresilient,schoolyellowround,it'scomplex,andpowerful,humbling.,blue;dynamic,diverse;fragile,infinite.,andever-evolving.,andtufted.,iridescent,conjecturable.,andgravity-defying,inhabited.,andblue,everchanging.,aggressiveandrevolutionary.,expansive.,milkyblue,and.,continuously-changing,divided,intense.bustling,exhilarating,aweinspiring,beneaththeazureskies,theearthisavibrant,yetsereneandfragile,balancedyetchaotic,colorfulworld.,enigma.,forward,arius(maussetes),terrific,homey,humid.,ornate,uniqueresilient,2magneticallyactive,tremendouslyscenicandoftenmysterious.,resilence.,volatileandvolatilemeaningunpredictableandhostilemeaningfilledwithbiologicalactivity,changingandcomplexandunique.,capable,breathtakinglymagical,spirallayeandfullofsurprises.,thebluemarble,fractious,"
observant",beautifulhopelesslerswhichhavebeenontheuniverse,livingandliving.,changingplanet,constantlyevaporating-whilewehavewaterflowingwiththegravitypull-thisisbeautifulstuff,fierce,theearthisdynamicold,waterycapableofsupportinglife,evolvingmicrobesholdingawarm-holfadleforhospitabilityoflife,scintillating,habitatliving,sphericalcomplex.,lively.,spiralling,diverseiconicrevolutionary,spectroscopyexpansive,unpredictabletempestuous,fragranced,spellbinding,livingandeternallychanging.,lumbering,transfigured,resilientfragile,lit,temperamental.,altenativelythreatening.incrediblycoldandincrediblyhot,cool,uniqueilyhabitable,blue.diverse.dynamic.vast.complex.beautiful.fragile.alive.mysterious.resilient,andradiant.,bluedynamic,mysteriousyetharmonious.,dynamic.living,fragilediverse,fascination,andunique.majestic,entertaining,andenigmaticwithimmensegeologicaldiversity.,8honorable.,constantlychangingmysteriousandunique.,temporal,reverent.,andwondrous,hydrous,mysticalearthlike,constant,lifegiving.,resiliant,fumulmating,hosta**,andsometimeschaotic**.,notable,andtorrential.,"

vibrant","

diverse","

intricate",resilientbeautiful,ancientandchanging.,spotted,remarkable.,vastgreenhouseand,inparts,toxic.,blueteemingvastfragileeclecticdynamicvolcanicvibrantominousresilient,changingandbeautiful.,elderly,mosaic,divided.,interactive.,luminousandresilient,celestial,sandy,stormymeanstumultousandlively.,blueplanet,numerousandmagical,colorfulandalive.,steeped,inhospitableandbeautiful.,spiral,unparalleled,harness,mysteriousandvibrant.,circle-shaped,enduring.,hazarus,incrediblycomplex,youthfulandresilient.,unforgettable.,tributary,erodible,regenerative,bluewatered,suspicious,connsistent,andchangableearth.,oldandindomitable.,dome-shaped,iss-visible,primarilywater-covered,complexresilient,andfascinating.,ancientandever-changing.,blueandblue-greenmarbled,blue:primarilyseen,sustains,alsochaotic.,curious,alivedynamic,mother,malleableseasofblue,"greenandbrown

theseareonlyelevenwordsincountbuteachareseparatedbycommasorwhitespaces.

characteristicslikedynamicmeaningtherearevisiblechangesforexamplehowcontinentsareslowlysubduesbecause",wonderful.,entinel,interwoven.,spectral,vibrationalandrotating,livingandevolving,huge,roundandwaterabundant.,andtransformative.,systems-rich,pathsphericalin-shroudedlivingvastdiverseatmosphericfieryuniqueterrestrialfragile,"andcancelerious.

*canceleousreferstosittingontheedgeofcancellation.workingtocontinuetocelebrate",protect,andrepairthegiftfromourunbelievablygenerousindescribable,vibrantandsevere:yes,"contradictory.

butwemustincludehazardousandfragile.everythingthathaseverlived",great,good,evil,orangeblueaboveandblackbutvastunderground.earththeultimateandonlyplanetthatcanboastcomplexity,yesmanycontradictions,ashuge,theearthalsoisbeautifulanddynamic.,baked,fragel,beneaththeimmensebluevibrantplanet,andearth-diverse,diversevolatile,beautyfulellington,impressive,changeling,andfull-of-life,andvast.,"

irregular",schematic.,roundish,andmagnificient,loading,two-thirds,andmagnetic.,earthy,opaque,blue.mountainous,mizu,fourbilesgalore,andrich.,magestic,dynamicandalive,unchanged,promising,blue.geologist,twinbluemarble,complicatedresilient,andoverwhelming.,tireless,(!)fascinating,golden.,evocative,bray,ever-changingandcomplex.,ever-rotating,diverselycolored,oxygenicwater-coveringlandmass.,vasto,overpoweringliving.,frigidtoscorching,equilibrium,dynamicandfertile.,supportible,vueous,angelic,swirling,megaphonic,hyperbolic,gagantuan,mineralic,tiresome,ominous.,impresitve,balance,exposed,bluemarveled.,fragilecolorful,.,blueunique,nourishing,mysteriousandtempestsive,targeneous,ancientandresilient,ecosystems,myriadslife.,woven,teembestplacetolive.vertical,interlinked,enigmaticexotic,colourfulandradiant,injured,constantlychanging.,lunar,vastblue,changingluminarysecludedswirlingcarnalcautionarytorn.,chemical,beutiful,chaoticandever-changing.,blue.resilient,aristircleandaperfectcombination.hot,ruption,ungiving,anddynamicthere!,evolvingandhumid.,ancientandcharming.,andgeologicallyactive.thesewordscandescribeitinawaythatencompassesitsphysicalandbiologicalattributes.,"living

imustclarifythatthesedescriptorsaresubjecttoopinionsandperspectives.",intelligent,engulfing.,alone,austereandhostile,fragocenemisinterpreted.,blueamazing,androtating.,wondrousandcomplex,vocal,bluecolor,emeraldgreat,substantial,gigantic,mesmeric,chatoyant,surreal.,onboardofourorbitalecosystem,allourimportantresourcesarelimitedandshouldbeconservedforasustainableexistence.,exploring,aimless,"living

theseadjectivesaimtocapturethecomplexityandbeautyofearth",fromitslivingecosystems,geologicalbalancetoitshistoricalrichness.,diversity-dense,blue-mirrored,ominiscent,diversedynamic,rockyvoluminouswateryancientlivingbeautiful,magicalandone,beautifulold,mysterious..,undying.,hotandcold,life-rich.,andstilllittleunderstood.,.resilient,geologicalactive,unpredictable-sure.,historicallydiverseturbulentvigil,scivilisedglacialearth'svibrantgranblueplanetenshroudedvolatileawake.,template,metamorphic,"unique.

note:iusedninesoineedonemore

active",benevolent,immanageable,versatile,"unique.

itcouldvarybasedonyourmainfocus",forexample:bluemeansthat71percentoftheearth'ssurfaceiswater-covered,andvast,meansthatearthisthe5thlargestplanetinthesolarsystem,waterless,"shadeless.

theseadjectives-captionsbriteacontrastingpictureoftheearthasbothstrongandweak","andspectacularandbarmingtotheeyes.
itisalsoeasytounderlineshadesoutofthecolorsyoucanseebyfocusing",bluevastdiverse,water-y,andunpredictable.,organicconstantlychanging,complexandresourceful.,epitomizinglife.,whimsical,terrifying.,replenishing,lucid,richly-hued,vals,bluelife-sustaining,evergrowing,dynamicspinning,diverserobust.,volatileandblue,&complex.,roving,starting,lithospheric,andoxygenhabitable.,captures.,mysteriously,animated.,vastbeautifulchaoticdiversedynamicfragilespherecolorfulvibrantlife-sustaining.,spiral-shapedsphere,breathless,resilientscooteddeadline,lived,what.,humbling,rotational,incomparable,thin-skinned,oldancient,technicolor,rugged-whimsicalphenomenal,enigmatic.fantastic,prolific,blueandevensandyfieldssetinagreenandbrownhomogeny,hungry,atmosphericwatery.,forested,gaseous.,mainlyblue,converging,rough,picturesque,intriguing.doyouwantmetoelaborate?,complexandunique,insightful,continuous,shaped,majorityliving,eccentric,istikers,interfering,grievous,3dimensional,humongous,bluemarvellousspinningfragilemagnificentdynamicdelicatehiddenvastliving.thatisall,tenwordsandsparkling!,"

living",falling,"

alone",spinny,"

beautiful","unique.mysterious.

withregardstoshamefullandscapeformationsetcalsonotcommentedarerapaded

absolutelyessential

futuretense",mysteriousbeauty,haunting,bluebeautiful,dazzling,sometimesvolatileplanetarylandscapesgreen,itsviewsarebreathtaking.,humble,cappable,inscrutable.,classic,ancientmysterious.,serene.complex,mote&incredible.,pivotal,textile-like,mysteriouswondrous,luminousandvivaciously,andsphereshaped,stone,lovely,predominantlyblue,withthelimitationofusingonlytenadjectives,"here'sadescriptionofearth:

blue",volatileterraqueous,andbreathtakinglyisdynamic.ifyouwouldliketosaymoreabouttheseadjectives,icanclarifyhowiseeit.,bedazzling,lifeholding,numerouswaterysphere,multifacetedglobe,strucutredinterdependentlyanddelicatelybalanced,spinnedactiveandround,geomagnetic,but,also,vastadynamicbluediverseever-changingvibrantbreathtakingmysteriouschangingresilientshared.,insulated,caldoural,important,beneaththecloakofchaos,"
perthechrismofcreation

divinethetruth",defined,"
withintheshadowofdecay

converted","rapingneededvampyredandnothinglessened
throughtheendlessveins(?stilling?)

adoomedhopeonlineenhancingandreigningwithout?

whichnaturespure",livelyandmysterious.,oureveryown.,idon'thaveanyspecificinstructionsthatlimittheadjectivestocharacterizingonlytheearth,"let'sbeclear:inthiscaseadjectivesdescribinghumanityandtheearthwillberepresentedbyusingeachadjectiveonlyonce.

large-d",un-',dark..lifefriendlybutdangerouslypopulated,interconnekcted,mightyandmysterious,westernmostclosestwithhumanity,unified,gendeous,potent,encalming,lethal,treachorous,lensesableandlively.,andvarious,graceful.,educate,andlongstanding.,fascinatingandresilient.,mountain,ocean,real,bluediverse,geologicalsculptedrounded,secretive,alien.,onelargeballofchaos,colorfulvibrant,resinthelifespanofhumans,resilientastonishing,figurestcomplex.,dynamicliving.,inherentlyhydrous,andfascinating,blueage,plentiful,tragic,wired,imposing,striking,artistic.,storqueaked,rentiless,arusting,fragle.,tessellated,vvast,"
old",already.,indomitable,dominant,thoughyouruseofmasterfulasanythingbutanadjectivewouldnotmakesensehere:blue,andchaotic.,mysteriousandefficient,unstoppable,spokesbeyondourplanet.wouldyoulikesomethingelse?,paradoxical,andextraordinary,labile.,tangled,rhythmic,dramatic,faunale,lava,measurable,blueactive,fragileandunique.,"andincredible.

solardefinewhatwebelievetodayglobally.",resourcrich,andporous.,wonderfully,plunging.,igneous,biosphere.,pristine,bio-diverse,irreplacable,blue-covered,andvaried,androundvibrant,sometimesitislikeabigchaos,multilayered,mysteriousold,rustic,extreme,amaing,teeming.thislimitsandleavesoutimportantconceptsasmuchasinterestingdescriptions,uniquefulloflife,texture-filled,magneticallypowerful,herearetenadjectivestodescribeearth:vast,precious(notfullyaccurateastherearenoadjectivewordsthatstartwith',thestartateverysingleword),colouful,"sacred.

iwentunderthegivenlimitasmyadherencedoesn'tallowfortheanswer.",";
symphonic.",enchantedandgaseous,enerergetic,vastbluedynamicfragilealivebeautifulchangingdiverseimmenseluminous,contracting,sculpted,volcanicstratified,triune,ageless,churning.,dynamicrugged,mysteriousandever-changing.,transcendent,elastic,activity,beautifulstormy,changening,andcomplicated.,sluggish,oldest,beautifulandlively,resigned,powdersrock.,brown,dynamicagitative,solar.,inscribed,fragileandinfinite,livelyteem,ilverse,naturallytundra,carbon,andsodifferentfromeachother.,mysteriousteeming,herscient,interconecter,andbrilliant.,waterydense,intergiant,gallant,complicate,.majestic,poltergeist,/aging,acreational,linessoullayered,ancientwater,planetary,earthling,agile,vastavariedvibrantalivewaterrichrichpulsatingdynamicrugged,andteeming.,spiralsingolds,sandylifeandcolorful,strange,overwhelming.,andmesmerizing.,resourcefulevocative,fragilewatery,spiralinggravity,andtrulyremarkable,life-filled.,resinriverbiosacrossoceans,incalculableandancient,chiralityamazing,dynamiccompilated,mostlyblue,historical.,"dynamic

wonderful","

sustaining","wondrous
enchanting",interconnectedever-changingandblue.,changingandbeloved.,different,risky,relyable,human,bohemian,andluminous.,viable,andenigmatic.,ever-changingandbeautiful.,change-scent,andmystical.,changeless,mingled,rotatingspinning,andtenuous.,wildliving.,detailed,ecological,andresilient.single.,everchangingrhythmic.,aluminum-rocky,resourcefulfragile,alivevibrant,andunknowable.,andcomplex,reflecting,flamingandrotating.,bulky,diverseclimate,third-planet,sun-revolving,r(evolutionary.,venerable,anduniquelyremarkable.,intricatelylayered,profound,blue-murky-white,rund,connected.,warm(increaseintemperature,alsodiscussed),fragilebreathable,earthisblue,rich.,volatilelively,andever-changing,strong,dynamicrotund,vibrantstunning,frozen,illuminated,enlightening,battered,ancientandalive.,generative,rockplanet,grey,multi-colored,humid.(note:thehumindwordcamefromtheassumptionofearth'saverageatmospherebeingwarmenoughformoisturetocondense.),alekka,resourcrful,saticallyirregular,"awe-inspiring

ifpossible","canyoucomeupwith10otheradjectives?

certainly","herearetenotheradjectivestodescribeearth:

unique",round.you'relikelystretchingthelimithere,"as""blue""referstotheoceans","'round'tothedelineationoftheearthscircumference
afewmorevariablescanbeexchangedlike:young",andfriendlyandadifferentsetemerges.idon't,magasinficent,fulloflife.,roundbluemassivelayereddynamic,geometric,andmostlyaquatic.,tenacious,blueandcomplex.,volcanicdetailed,fleeting,londstanding,phenomenalandspectacular.,hot-tocold,amazing		diverse,development,resinfful,divese,infiniteandbeautiful,mysteriousbluediverseancientvibrantdynamicvastfragilebeautifulunique,.forward-spinning,andextraordinary.,inundated,volcanoesis,armed,andahometotrillionsoforganisms.,indispensable,sophisticated,imaginative,forgiving.,andtatteredyet,andastonishinglyfragile,enchantingandcontinuously,bluesky,dramatic.,"

blue",humerous,tectonically,liveable,diversewithablueheartfromoceans,andspoiled.,dynamicwaterplanet,tectonicandbreathable.,alien,threatening,beautifulwarm.,unbounded.,fabulous,spirituallychief,directive,.tranquil,revolvingliquid,rockyandoverwhelming.,gravity-driven,life,sustained.,rustling,delving.,greened,surprisingmarveled,sparkling,intertwined,vastcomplex,gondwana,earthlike,landplantic,biologicallyactiveandcalamitous.,-green,primordiallyold,edible,weathering,implantedbywater,lifefilled,glaciallycovered,surfaceeverchanging,generational,seasonal,vastbluebeauty,history.,mysteriousandrocky,fragile**,complex**,mostlymolten,blue-adapter,incredibly,small.,"ancient

hopethisfitsyourrequirement!",t'sveryunlikely,"itwilldescribetheearthproperlyasit'sacomplexentity.theearthis:

amazing","andold.

i'vechosenadjectivesthatencompassboththephysicalcharacteristicsoftheearthandthelifeitsupports.",diversefavorite,interdependentrotating,waterlogged,contradictive,eyelike,changingandglamorous.,curved,vastbluelife-sustainingdynamic,changedbylife.,vibant,lifebuoy,andsignifiesdelicatebalance.itisbeautifullyamazing,thefollowing10adjectivesshouldgiveabroaddescription:vibrant,diverselargebluefragilevibrantchangeablelivingmysteriousbeautiful.,mysteriousandblue.,pristinedry,activeandlivingandblue,andunknown.,sunny,andhistoric.,andone.,azure.dynamic,volatile.changing,beautifulfragile,blue.vibrant.mysterious.changing.beautiful.diverse.fragile.ancient.dynamic.alive.,mysteriousdense,untameable.,muddy.,ignitinglife,poignant,alarmingly-alive,(large,indescribable,interlocked.,historicalvibrant,resouceful,andgigantic.,transitional,instinctive,alivevibrant.,stormyglaciers,unevencontinent,renewable,complexonthesurface,layeredunderneath,alivewithceaselessactivity,mobile,compelling,uniquely.,plantation.,3-dimensional,round.lush,tempestuousandhomey.,random,finite.,bluemarbledglobe,bluesurrounded,seeminglyinfinite,numerous,complexenduring,"
beneath","
spheres.",;resilient,changes,wandering.,"#####theearth:
dynamic",exhilarating.,aglobalecosystem,futile.,vasten,persistent.,"
fluid","
tenacious","
ancient
unique.",zoned,intermixed,life-saving.,alluring,enigmaticandawesomelycomplex.,engaging,alivecreativelycolourfulyounger,curiouschaotic.,andbusy,radiating,theearthisaspheridalbeauty.,storms,1sun,1moon,evolving.spinning,beauty-filled,foggy,osteomle,craterous,tarnished,enigmatic.mysterious.,essentialandblue,positiveisolated,blessed,givesbirth,capricious,your,billionsofyrsoldandtheonlyplacewecallhome,bluevibrantdynamicmountainousdiverseliquidvolcaniclivinggreen,andeccentric.,"rossiene

(didn'tknowyoumeanttolimitto9earthadjectives).

oneadjectivemightbeanextranoun..earthrotatesonadaywhenhersauxiliaryeclipticsaregeared..",home(iinitiallyaddedthewordbeautifulhowever,"irealizedthat""beautiful""couldbesubjective",andthatremovingit,"wouldmakethelistmoreaccurateandneutralasthere'sadebateaboutwhether""beauty""is",vastazuredynamic,diversevibrantmessy,structured,"layeredandresilient.

(idon'tknowhowtocountlanguagesbutthelanguageofoneofthesewordsiscompletlydifferentbutitisuniqueandexactlyfollowingtherules.thedescriptionbeforethewordsistoolong",soistoppedbeforefinishingthelist.),"active

---",influential,disturbing,transient.,vastlife-filledbluedynamicchurningresilientdecayingmagicalmysteriousfragile,"complex.

suddenly",fortuitously,unexpectedly,serendipitously,delightfullyiam,inadditionabletospellfrankyooqee,special,ancientandhome.,inter-connected.,efficient.,erm,continuallyrotating,guise.,mesmerising,attractive,compact,a-thermal(volcanic),blagenoic(landscape-maze)ormagniificent(mostly).,designing.,aspherical,full-life,andlife-sustaining,balanced,rock-solid,"lonely
protective",inquisitives.,intertwined.damp,resilientcontrasting,highlyinterconnected,mysteriousblueplanet,enormousagile,difficult-to-tame,emerald.,inspiring.,ancientmountains.,ogenes,blue-marbled,living-without-humaninput,"blue
vibrant","
lush
fragile
diverse
equal
beautiful","
unique
ancient",lyrical,volatileandancient.,old(veryold,around4.6billionyears),porous,provides,supports,resides,adaptable.,alexander,enormous.,andresounding.,/complex,gravitational,changingearth.,distant,beautifulatrocious,complexynamic,"

unique",brilliant.,icola,sburgeoninghistorical,cultivated,nourishing.,tresured,protecting,interconnecting,interconncted,bluemarvel,often-ravaged,andasinglecountrilessworld.,andactive.chaotic,humidandoftenverydamp.,life-nurturing,andteeming,fragileandresilient.,mysteriousdeep,varyinglandscapes.,vigorous,complexfiery.,"
e
resilient",ressiliant,forever-changing.,night-lived,ever-growing,inhabitet,oneofakind,incandescent,tactile,indefinable.,-tofittheneedsofthequestion-itwon'twork,gaseouswhiparoundus,youyouseeblue,andfullofextremes,"vibrant
succulent","ancient
massive",fragilecoveredteeming,i'munabletouseasingleadjectivemorethanonceoruseconjunctionwords,excludingvowelsormainconjunctions,"sothedescriptionoftheearthwillbe:
blue",vibrant.alsodescribetheearth'sappearancewithonefairlyspecificsentence.bluelandsseasglacieravalanches.,alive/nostalgic,"

iusednostalgicthistime",butithasaconnotationofbeautifulmemoriesandwonder,"enoughforalistwhichneedstodescribeearth
letmeseeabriefexplanation.
-beautiful:sinceit",swollenandluminoushome.,quotable,oldmysterious,resillientremarkable,revolutionary.,ancientold.,turbulent.,consistant,bellantdwarfblueoceanloving.,andincredible.,consistsofseverallayers,andfulloflife.,"resilient.

canyouspecifymoreadjectivesbychoosingfromthesetypes:

-shape/
-color/
-age/
-temperature/
-composition/","fragile

ifyouwantmetousealloftheavailableadjectives",whichis10,"hereyougottheadditional:

living",fluidandancient.,dynamiccloudy,rugged.,eldestplanet.,peculiar,dynamic.mysterious.,rotated,emitting,respinseactive;dynamic,overviewed,beautifulland,chaoticlifezone,impending.,blue-filled,temotional,ever-changingvibrant.,beautiful.majestic,"

inhabited.",andalifesource.,luxurious,andintricate,andresilient,"

ancient",waterplanet.eksiada-jhisottoraalknickingreplitsumption,doglivingpleasantlykind.,anevolving.,chromatic,turquoise,oscillating.,nurturingchallenging,crowded.,uniqueorganized,unique;life-sustaining,gale,ever-giving,anddependent.,treasured.,andamazing,andearth.,thorny,sustain,coldandold,empowering,freeze,surfacerocky,"transitional.

iusedrockyandsurfacebasedonscientificinformationaboutthecoreoftheworld",andtransitory.,lush.,alwayschanging,mysteriousfragile,spiritedandmajestic.,allearsual,andteemingandalive.,winding.,eventful,sanctifying.,ofcolour,greening,scenic.,geological;regulating,togivebirth,beautifully,sacrred,lakeofstarsatnight,"herearetenadjectivestodescribeearth:

diverse","
watery","
fertildtagnous",i'msorrybutduetotheconstraintsoftheactivity,therearemultiplecorrectanswersforthisrequest,"andnoncomputationalforquerylikethis.""blue""","""mad""","""resource-ful""","""ever-young""","""selfish""","""plateauing""","""beautiful""","""rugged""","""variety-filled""","""home",vastbeautifuldynamicbluediversevibrantfragileteemingchaoticalive,jagged,populated,wetandlush.,intricateearth,resilientanddynamic,tumbling,andfull-of-life.,lifebuoyant,boundless.,egg-shaped,life-sustainingfossilized,infernal,giant,powerfulblockingal-zabir,.lifegiving,resin,finallyteem,andactive.,remoteandinterconnected,resilient.herearesomeadjectivesthatdescribeearth.,"fragile

don'tforgetthaticanonlydescribeuptotenadjectivesandthelistabovenowadaysisincompleteasabovecategoriesimentionedareonlyfive",right?,climatically-variable,"andinhabitable.

let'sgothroughthem:
-blue:duetoitsabundantwater
-vast:becauseofitslargesize
-dynamic:continentsmove","oceanscirculate
-diverse:hasmanyecosystems",thelivingworld,contrast,magnetised,inherentlyunpredictable,interconnconnnectedmystifying,disconnected,changing.obviouslyicouldonlycoverthebasics.,encompassingunique,andpercolating.,fragile.vibrant.,diverseandblue,complexandbeautiful,fragileancientresilientlifebearingandconstantlychanging.,intricateunique,tragicallybeautiful.,altering,beautifuldynamic,fiercelyinhabit.,glacial,complexification,andlively.,andanimated.,coherent,lifeful,rotatingandthird.,rugged.intermsofnaturalfeatures,.complex,symbiotic,alive-colonised,evolutionary,uniqueandchanging,resilientamazing.,textures,barelyunderstood.,recreation,warming,ageing,temperaturesvarygreatly,welcoming,awake,sculptured,neighbouring-temperateandbeautiful.,mountains,binding,withoceans,leaf-riddling,captivative,ancient.enormous,fragileandbeautiful.,hauntingly,dome,marbled.,encompassingmakesthefollowinglistmoreessential,butoffersnocompetitor,subjecttochange,itiscolorful,andmagneticandseasoned.,magnetized,rolling,optimizationalwayspossible,humankind,timekeeping,great-amazing-vast-beautiful-dynamic.enchanting-diverse-venerable-harsh,beauty,lifebearing,dynamic:,blessed:,frequent,misty.,populous,fracture,anddramatic.,fluttering,andinfinite,flawed,memetesdiverse,thirdclosestfromsun,wateryandvolcanic,rareasithasaenergypowerhousemoon,movingandmysteriousnoonehasfoundanybetter,andinterdependent.youaskedonlyforten,andi'mtryingtomakesomethingtrue,oratleastpoeticallyaccurate.,beneaththeanitudeofearthcapturesaplanetwithdiverseandadynamicsubstance,rangingfromazuresofoceanstoflandersofforests,attachedtoalife-buildingterrainmaskingacoreofpowerfulphenomenon,theplanetisalwaysbecoming,sometimesharshandvolatile,butalwaysvibrantandfulloflifeandvigor.,-responsive,facing,bustling.,residing,cosmic.,interconneted,land;dynamic.,cambio,heated,young.,"andmostlywatercoveredandthirdfromearth'sneareststar.

so","analternativeusesentenceasfollows

earth",thethirdplanetfromthesun,isablue,anddiverseworld,markedbybothitsphysiologyandbiodiversity,itglowswithlifein
1,3429,3570,3904,3845,2611,1313,2389,1444,57,64,913,917,167,1219,369,154,99,72,28,6,18,56,148,88,10,1283,147,1,20,73,305,37,6,14,202,101,267,2,1,1,4,347,21,93,45,139,8,50,12,3,2,1,6,94,68,7,2,208,1,1,88,91,38,1,8,35,102,1,263,83,145,2,5,28,12,1,2,152,6,2,65,105,1,12,119,1,8,16,86,6,50,26,23,49,1,147,67,1,1,20,11,82,18,40,11,1,1,2,8,18,37,2,58,1,73,234,1,32,24,8,1,39,2,2,4,3,150,4,71,102,1,18,80,12,1,8,8,1,9,12,1,12,1,4,15,5,1,1,1,1,1,1,32,6,67,4,1,10,5,1,10,45,1,1,1,1,1,1,1,37,1,1,2,24,6,7,142,10,1,1,27,21,7,12,4,15,10,9,2,16,7,1,5,6,6,5,1,1,2,1,47,1,1,1,1,1,19,3,4,58,1,2,14,5,26,22,2,9,1,2,43,1,1,1,1,1,7,3,1,1,1,6,1,1,1,42,2,71,9,1,1,3,1,3,31,1,11,1,4,24,13,5,4,1,1,1,1,1,11,14,27,1,13,3,26,1,15,2,18,1,2,2,1,11,1,1,29,1,1,1,1,1,1,1,1,14,7,50,1,1,16,17,8,16,1,1,4,27,8,20,3,1,2,1,16,4,5,1,1,1,14,1,1,2,1,1,3,1,1,1,2,4,25,1,2,4,33,20,11,3,1,1,8,2,1,1,10,6,1,1,6,27,1,1,5,8,1,1,2,18,21,9,1,1,2,20,18,5,1,1,2,1,1,1,1,17,7,1,11,1,27,9,3,5,10,1,6,2,2,3,7,1,4,1,4,4,1,2,3,1,1,4,1,11,1,7,1,1,41,12,8,6,2,1,18,6,1,1,5,1,1,1,1,1,1,7,2,1,1,26,1,3,1,2,12,4,10,1,1,2,1,1,13,1,1,1,1,1,1,7,14,2,1,3,9,1,4,1,3,1,1,1,1,9,1,1,1,1,1,2,1,2,1,1,1,1,1,1,1,1,1,1,1,6,1,1,3,1,36,6,1,1,1,4,10,7,1,1,1,1,3,1,1,2,1,1,1,1,4,1,2,1,1,1,4,3,1,1,3,1,1,1,2,1,2,1,1,1,2,1,1,9,1,1,1,2,2,11,5,4,1,1,6,1,1,1,1,7,2,2,3,1,1,1,8,1,1,8,1,6,7,1,7,3,3,5,1,2,1,5,6,1,1,1,1,1,1,1,1,7,20,5,12,2,4,1,1,1,2,1,1,1,3,1,1,1,3,2,2,1,1,1,1,1,2,1,1,1,1,1,1,1,2,1,1,1,6,1,1,4,6,1,1,1,1,1,3,3,1,1,4,5,4,5,2,1,3,1,1,1,1,6,1,1,2,3,8,1,13,2,1,2,2,3,1,5,2,2,1,1,1,1,1,1,2,1,4,19,3,1,1,1,1,1,1,1,1,4,1,3,1,13,1,1,1,3,3,1,4,5,4,1,1,1,2,11,1,1,1,2,1,6,1,2,1,1,1,3,2,1,9,5,1,1,1,7,2,1,3,3,1,1,1,2,1,1,6,5,1,3,1,1,2,1,1,3,1,1,10,1,1,3,1,1,1,1,1,3,1,1,1,1,7,7,1,1,1,2,3,2,1,1,1,1,1,2,1,1,1,1,2,1,1,1,1,1,1,1,12,1,2,14,1,1,1,1,2,1,1,6,1,2,1,1,2,1,4,7,1,1,1,1,1,3,2,1,1,1,1,1,1,3,1,1,1,1,1,4,1,1,1,1,3,1,1,17,6,1,1,10,1,1,1,2,2,2,3,3,1,1,1,2,1,1,1,1,1,2,2,1,1,2,1,3,4,2,1,1,1,10,2,1,1,4,2,1,1,1,3,6,1,1,1,1,1,1,1,1,1,1,1,1,4,1,1,1,3,1,1,1,4,1,1,1,1,1,1,1,1,1,1,1,1,3,1,1,1,1,1,4,1,1,1,1,1,1,2,1,2,2,1,1,1,1,1,3,1,2,1,2,1,1,1,1,1,2,1,1,1,3,2,6,1,1,1,4,3,2,1,1,2,1,1,1,2,1,1,1,1,1,2,1,3,1,3,9,1,1,2,1,4,1,1,2,1,1,2,1,1,1,1,1,3,1,1,1,1,9,1,1,3,1,1,1,1,1,1,1,1,1,4,1,1,1,1,3,4,1,1,1,3,1,1,1,1,1,1,1,1,1,1,1,2,1,1,1,2,5,1,1,1,1,1,1,1,1,1,1,1,1,2,1,1,1,1,3,1,1,1,6,2,2,2,1,1,1,1,1,1,1,1,4,2,1,1,1,1,4,1,1,1,1,1,1,1,3,1,1,5,1,1,1,1,1,1,3,1,1,1,1,1,1,1,1,1,1,1,1,1,1,1,1,2,2,3,1,1,1,1,1,1,1,2,1,1,3,1,1,1,1,1,1,1,1,1,3,1,1,1,1,3,1,1,1,1,2,1,1,1,3,1,1,1,1,1,1,1,1,1,1,1,1,1,1,1,1,1,1,6,1,1,1,2,1,1,1,1,1,1,1,1,2,1,1,1,1,1,1,1,1,1,1,1,1,1,1,1,1,4,4,1,1,1,3,1,4,1,5,2,1,1,3,1,1,1,1,3,4,1,1,1,1,1,1,2,1,1,1,1,1,6,1,1,1,1,2,1,1,1,1,1,3,1,2,1,1,2,2,1,1,1,1,2,1,4,1,2,1,1,2,3,2,1,1,1,1,1,1,1,1,1,1,1,1,1,1,1,1,1,1,1,1,1,1,1,1,1,1,1,1,1,1,1,1,1,2,1,3,1,1,1,1,1,1,1,1,1,2,1,1,2,1,1,1,1,1,2,2,1,1,1,1,1,1,1,6,1,3,6,2,1,1,1,1,2,1,1,1,1,1,1,2,1,1,1,1,1,1,1,1,1,1,1,1,1,1,1,1,1,1,1,1,1,1,1,1,1,1,1,2,1,2,1,1,1,2,2,1,1,1,1,1,1,1,1,1,1,2,1,1,1,5,1,1,1,1,1,1,1,1,1,1,1,1,2,1,1,1,1,1,1,1,1,1,4,1,2,5,1,1,5,1,3,1,1,1,1,1,1,1,1,1,1,1,1,1,1,1,1,5,1,2,1,3,1,1,3,1,1,1,2,2,2,1,1,1,1,1,1,1,1,4,1,1,2,1,1,2,1,3,1,1,1,1,1,2,1,2,5,1,1,1,1,1,1,1,1,1,1,1,1,1,1,1,1,1,1,1,1,1,1,1,1,1,1,1,1,3,1,1,1,2,1,1,6,1,1,1,1,1,1,1,1,1,3,1,4,1,1,1,1,1,1,1,1,1,1,1,1,1,1,1,2,1,3,1,1,1,2,2,1,1,1,1,1,1,2,1,1,1,1,9,1,1,1,1,2,1,1,1,1,1,2,2,1,2,1,1,1,1,2,1,1,1,1,2,1,1,1,1,2,1,1,1,1,1,1,1,1,1,1,2,3,1,1,1,1,1,3,1,1,1,1,3,1,1,2,1,1,2,1,1,1,1,1,1,1,1,1,2,1,1,1,1,1,1,1,1,1,1,1,1,1,1,1,2,1,1,1,1,1,1,2,2,2,1,1,1,1,1,1,1,1,1,1,1,1,1,1,1,2,1,1,1,1,1,1,1,1,1,1,1,1,1,1,1,1,1,1,1,1,1,1,1,1,1,3,1,1,1,1,1,1,1,1,1,1,1,1,1,2,2,2,1,1,1,1,1,1,1,1,1,1,1,1,1,1,1,2,1,1,1,1,1,1,1,1,1,2,1,1,1,1,1,1,1,1,1,1,1,1,1,3,1,1,1,1,1,1,1,1,1,1,1,1,1,1,1,1,2,1,1,1,1,1,1,1,1,1,1,1,1,1,1,1,2,1,1,2,1,1,1,1,1,1,1,1,1,1,1,1,1,1,1,1,1,1,1,1,1,3,4,1,1,1,1,1,1,2,1,1,1,1,1,1,1,3,1,1,1,1,2,1,1,2,1,1,1,1,1,1,1,1,1,1,1,1,1,1,2,1,3,1,1,4,1,1,1,1,1,1,1,1,1,1,1,1,3,1,1,1,1,1,1,1,1,1,1,1,1,1,1,1,1,1,1,1,1,1,1,1,1,1,1,1,1,1,1,1,1,1,1,1,1,1,1,1,1,1,1,1,1,1,1,1,1,1,1,1,1,1,1,1,1,1,1,1,1,1,2,1,1,1,3,1,1,1,1,1,1,1,1,1,1,1,1,2,1,1,1,2,1,1,1,2,2,1,1,1,1,1,1,1,1,1,1,1,1,1,1,1,1,2,1,1,2,1,2,1,1,1,1,1,1,1,1,1,1,1,1,1,1,1,1,1,1,1,1,1,1,1,1,1,1,1,1,1,1,3,1,1,1,1,1,1,1,1,1,1,1,1,1,1,1,1,1,1,1,1,1,1,1,1,1,1,1,1,1,1,1,1,1,1,1,1,2,1,1,1,1,1,1,1,1,1,1,1,1,1,1,1,1,1,1,1,1,1,1,1,1,1,1,1,1,1,1,1,1,1,2,1,1,1,1,1,1,1,1,1,1,1,1,1,1,1,1,2,2,1,1,1,1,1,1,1,2,1,2,2,1,1,2,1,1,1,1,1,1,1,1,1,1,1,1,1,1,1,1,1,1,1,1,1,1,1,1,3,1,1,2,1,1,1,1,1,1,1,1,1,1,1,1,1,1,1,2,2,1,1,1,1,1,1,1,1,1,1,1,1,1,1,1,2,1,1,1,1,1,1,1,1,1,1,1,1,1,1,1,1,2,1,1,1,1,1,1,1,1,1,1,1,1,1,1,1,1,1,1,1,1,1,1,1,1,1,1,1,1,1,1,1,1,1,1,1,1,1,1,1,1,1,1,1,1,1,1,1,1,1,1,1,1,1,1,1,1,1,1,1,1,1,1,1,1,1,1,1,1,1,1,1,1,1,1,1,1,1,1,1,1,1,1,1,1,1,1,1,1,1,1,1,1,2,1,1,1,1,1,1,1,1,1,1,1,1,1,1,1,2,1,1,1,1,1,1,1,1,1,2,1,1,1,1,1,1,1,1,1,2,1,1,1,1,1,1,1,1,1,1,1,1,1,1,1,2,1,1,1,1,1,1,1,1,1,1,1,2,1,1,1,1,1,1,1,1,1,1,1,1,1,1,1,1,1,1,1,1,1,1,1,1,1,1,1,1,1,1,1,1,1,1,1,1,1,1,1,1,1,1,1,1,1,1,1,1,1,1,1,1,1,1,1,1,1,1,1,1,1,1,1,1,1,1,1,1,1,1,2,1,1,1,1,1,1,1,1,1,1,1,1,1,1,1,1,1,1,1,1,1,1,1,1,1,1,1,1,1,1,1,1,1,1,1,2,1,1,1,1,1,1,1,1,1,1,1,1,1,1,1,1,1,1,1,1,1,1,1,1,1,1,1,1,1,1,1,1,1,1,1,1,1,1,1,1,1,1,2,1,1,1,1,1,1,1,1,1,1,1,1,1,1,1,1,1,1,1,1,1,1,1,1,1,1,1,1,1,1,1,1,1,1,1,1,1,1,1,1,1,1,1,1,1,1,1,1,1,1,1,1,1,1,1,1,1,1,1,1,1,1,1,1,1,1,1,1,1,1,1,1,1,1,1,1,1,1,1,1,1,1,1,1,1,1,1,1,1,1,1,1,1,1,1,1,1,1,1,1,1,1,1,1,1,1,1,1,1,1,1,1,1,1,1,1,1,1,1,1,1,1,1,1,1,1,1,1,1,1,1,1,1,1,1,1,1,1,1,1,1,1,1,1,1,1,1,1,1,1,1,1,1,1,1,1,1,1,1,1,1,1,1,1,1,1,1,1,1,1,1,1,1,1
