"alive","ever-changing","vibrant","beautiful","mysterious","diverse","dynamic","nourishing","enigmatic","resilient","green","rotating","blue","round","lively","fertile","vast","essential","vibrant.","expansive","warm","ancient","magnetic","dormant","lush.","worldly","restless","earth","living","spherical","beautiful.","majestic","thriving","lush","resilient.","natural","complex","rich","nurturing","massive","breathing","spinning","fragile","old.","changing","lonely","silent","solid","warming.","rocky","round.","earthbeautiful","unique.","intricate.","endlessly","curved","life-supporting","habitable","enduring","interconnected","everchanging","magnificent.","muddy","rolling","finite","living.","hospitable","serene","precious","renewable","unique","unknown","observable.","hot","fragile.","cold","calm","diverse.","dry","abundant.","deadly","egg-shaped.","rugged","tranquil","vital","varied","constantly","sustaining.","shifting","quiet","watery","magical","breathtaking","rich.","watery.","heavy","temperate","arid","polar","big","active","nurturing.","slowly","spinning.","bountiful","dark","constant","eternal.","life-filled","ever-changing.","1.round","abundant","chaotic","volatile","breathable","habitable.","lifeless","ancient.","bumpy","wet","constantlyevolving","dynamic.","large","hospitable.","fiery","rugged.","turbulent","terrestrial","eternal","fertile.","colorful","sinful","fluid","teeming","tempestuous","radiant","endless","blue-green","old","mighty","interconnected.","unforgiving","windy","spacious.","magnificent","harmonious","tiny","colossal","mysterious.","life-sustaining","uniquelydiverse","dense","healing","quiet.","red","resourceful","inhabitable.","sacred","inert","luscious","organic","renewing.","warm.","powerful","frozen","life-filled.","tumultuous","crimson","whispering","warming","tranquil.","intense","geographic","molten","fragmented","atmospheric","planet","solar","life-sustaining.","spherical.","damp","life-bearing","respiring","swirling.","scorching","zygotical","earthisabeautiful","moist","world.","lifeblood","azure","sullen","only","geologic","quicksand","land","airy","terrible","cool","extensiveforest","rotational","atmosphere","shimmering","earth.","awe-inspiring","global","verdant","temperate.","gas-filled","water-covered","rocky.","tectonic","everlasting","mystical","breath-taking","volcanic","vivid","caustic","barren","bluish","forlorn","slumbering","whispering.","earthisdiverse","life-supporting.","ever-shifting","wondrous","redandgreenearth.","water-rich","rising.","tightlywoven","rollinglandscapes","dependentlife","diversefauna","expansiveoceans","dynamicatmosphere","moltencore","cyclicseasons","fertileplains","variousclimates.","constantlychanging","flat","slow","delicate","restless.","terrifying","dangerous","liquid.","secluded","harmonious.","planted","tired","majestic.","trembling","youthful","split","breathless","teeming.","homey","desolate","harsh","perilous","isolated","expansive.","abounding","rotating.","circular","orb","oceans","diverseflora","fauna","majesticmountains","richhistory","stableclimate","arableland","fertilesoil.","constantly-changing","thin","water","climate-changing","evolving.","bleak","unyielding","weary.","earth:vast","remarkable","rough","pale","solid.","jumbo","hazardous","deep","volcanic.","pulsing","urban","verdant.","sad","bitter","greedy","hungry","peaceful","lively.","changing.","serene.","untouched","spacious","stable","weathered","tall","violent","unpredictable.","grand.","climate","immense","rough.","bustling","breathtaking.","older","young","blue.","homey.","inundated.","endearing","hidden","alive.","humid","enabling.","breath","life","small","cold.","feverish","perpetual","charismatic","sprawling","unpredictable","enormous","marine","tropical","frigid.","wind-blown","vulnerable.","planetary","fascinating.","bountiful.","precious.","ballearth","inspiring.","intriguing","revolving","crusty","mobile","stunning.","blueish","gravity-bound","oxygen-rich","isolated.","sole","mosaic","rare","gravitational","finelybalanced","silentlyrotating","sustained.","misleading","emphatic","grateful","transparent","inhabited","vast.","perpetually","andvast","tremendous","sick","noisy","satellite","protected.","andvital.","barrensanddesert","toweringlimestonecliffs","moltenmoltenmagma","silentmidnight","scorchingariddunes","fierceviolentstorms","frigidicyglaciers","tranquildeepblue","vibrantmyriadwildlife","ancientpetrifiedrock","pristine","life'scradle.","andever-changing.","
2.blue","
3.fertile","
4.life-bearing","
5.volcanic","
6.forested","
7.dry","
8.stormy","
9.mountainous","
10.heated.","restless.theearthisbothancient","roundinshape","predominantlybluefromspace","immenseinscope","teemingwithlife(living)","constantlychanging(dynamic)","fullofdifferentlandscapesandbiomes(varied)","spherical(round)","delicateandcouldbe","rounded.","luminous","enduring.","volatile.","ephemeral","rotatingrian.","huge","breathable.","gorgeous","incredible","air-breathing","countless","indoor","life-bearing.","tilted","nocturnal","thick","awesome","orbiting","traveling","mountainous","oceanic.","innovative","serious","strong","connected.","priceless","peaceful.","glowing","reflective","surface","sunny","fast","dynamo","cozy","lit","striped","thriving.","emerald","acidic.","terran","protective","explosive","magnetic.","rare.","earth:diverse","busy","iron-rich","polluted.","orbital","life-rich","distant.","shaken","flowing.","dusty","cracked","stormy","earthvibrant","livable","unmoving","connected","circling","small.","earth:round","sunlit.","colorful.","crater-filled","aging","constantlyspinning","alwayschanging.","air-abundant","climate-warped.","blue-hued","uneven","revolving.","finelybalanced.","livid","mercurial","resplendent","noxious","salvific","fervent.","oceansvast","mountainstall","forestsgreen","desertsarid","citiesbustling","skiesblue","riversflowing","wildlifediverse","climatechange","lifeteeming.","supporting","soft","stunning","weathering.","vital.","boring","powerful.","iced","resource-laden","alwayssplintering","beautifullypatterned","perilouslytwirling","indestructiblystrong","fragilelypulsing","inexorablytiny","eternallyvital.","cherished","rhythmic.","largest","revolutionary","time","digital","home","mutable","wondrous.","static","pink","life-giving","billious","curious","multilayered","infinite","enchanting","","orbiting.","moody","chaotic.","vulnerable","voluminous","ungrateful","hostile","hanging","graceful.","hemispherical.","gentle","exotic","hurrying.","tangible","layered","heated","resource-rich","andtiny.","quivering","symbiotic","special","unstable","finite.","resplendent.","aged","warmed.","conscious","giant","constant.","raindrop","sphere","twinkling","harmful","polluted","winding","protective.","encompassing","spotted","roundandslightlyoval","climate-sensitive","residing","surfacecovered.","golden","fauna-rich","oceanic","exoplanet","tectonicallyactive","atmosphere-bound","rainforest-covered","heavilypopulated","alienlife","anddelicatelybalanced.","religiouslydiverse","terrestrial.","benevolent","elegant","boundless","whimsical","mystic","compassionate","timeless","3.5billion","blue-greenorb","rotatingplanet","vastlifeforce","sphericalbody","atmosphererichfortress","mountain-ridgesilhouette","oceanicexpanseinfinity","fertilelandmosaic","ceaseless-gentlerockingharmony","vibrant-energyreservoircosmos.","theearthhasadiverse","hemisphere.atmosphere","variety","isearth'suniquefeature.water-rich","life-inhabiting","ever-constant","itsupportsall.","rotten","malnourished","wrecked","toxic","inanimate","frigid","parched","devoid","deformed","poisoned","lethargic","dead","distorted","letharg","below","purple","full","zealous.","enchanted","capable","perfect","radiant.","marvelous.","sustainable","green.","fresh","air-filled.","amazing","wild","ambitious","solemn","precarious","experiencing","home.","geological","moving","seismic","crowded","scarcewater.","glistening","fecund","air","common.","imperfect","hydrating","robust","relentless","maturing","ecosystems","life-giving.","sparkling","liveable","dotted","fascinating","life-richearth.","inhabitable","precioussphere.","shiny","slow-moving","variably","forever","growing","slow-turning","spinningcubes","populous.","ice-clad","desert-dry","andocean-swept.","saturnine","symmetrical","immeasurable.","landlocked","evolving","unequal","antediluvian","geothermal","biodiverse","icy","seismicallyactive","beating","earthy","quaking","sprawling.","balanced","torrential","mundane","marvellous.","firm","growing.","ancientfascinatinggreenvitalwatereddiversefertiledrypristinebluemajestictall","air-filled","pulsing.","rolling.","translucent","sunny.","graceful","sphere-shaped","solar.","human","livable.","active.","rotated","arctic.","varied.","endangered","water-filled","luminous.","ominous","crucial.","afflicted","enveloped","by","atmosphere.","pocked","alwayschanging","atmospheric.","monotonous","desolate.","humbling","lives-in.","petite","interesting","affluent","mountains","forests","incredibly","blue-green.","inhospitable","milky","shadowy","towering","subterranean","heaving.","striking","gaseous","profound","whole","suspended","distant","overpopulated","green-blue","naturally","roiling","blueandgreen","disorderly","slightlytilted","lovely","coveredinblue","incandescent","energetic","visiblefromspace","ever-shifting.","alwaysspinning","hometolife.","fluffy","sprightly","bright","eternal...","populated","tepid","rotund","far-reaching","sphere.","wobbly","reacting","shaped","traversable","muy.","populated.","iconic","susceptible","gentlyspinning","motherly","creative","elusive","habit","orbits","star","varying","scarce","orderly","sterile","fluctuating","fleeting","malleable","endlesslyintriguing","orbited","solitary.","balanced.","globular.","immortal.","frozen.","seasonal","complex.","supportive.","blazing","concealed","envious","shrinking","scorched.","weathered.","life-brimming","compact.","dominated","mineral-rich","raw","planetearth","soft.","tiltable","splendid","endlesslycold","darkening.","earthisround","glacial","decent.","deserts","plains","regions.","oxygen-rich.","uplifting","vibrating","magnetized","dome-shaped","creeping","chilling","stormy.","warm-blooded","alkaline","culturallyrich","rounded","atmosphere-gaseous","uninhabited","melting","unbalanced","muted.","grand","gas","hot.","extensive","covered","complicated","particulate","supportive","azure.","groaning","warmer","still","evocative.","navigable","gray","andsolid.","hot-cold","spirited","exquisite","youthful.","breathes","dynamics","essential.","lofty","vibranthabitat","incredible.","terrifying.","earthly","moist.","lithe","water-laden","salty","persisting.","damaging","industrial","untamed.","lifeless.","picturesque.","blank","impermanent","repletewithlife","seething","unearthly","dynamiclandscapes","diversecultures","vibrantlife","turbulentweather","toweringmountains","fertilesoil","denseforests","pollutedskies","fragileecosystem.","torrid","blue-skinned","bioluminescent","quake-sensitive","hearty.","2.blue","3.vast","4.fertile","5.diverse","6.ancient","7.teeming","8.ever-changing","9.tempestuous","10.habitable.","1.diverse","ongoing","green-tinged.","light-green","pulsating","ever-present.","billionsofstars","blueskies","giantmountains","lushforests","vastoceans","exoticcreatures","scorchingdeserts","icypoles","brightsunlight","expansiveplains.","oriented.","vermilion","textured","plant-covered","wind-swept","quake-prone","axis-symmetric","substantiallyvaried.","resourceful.","gravitating","named","every.","ceaselesslyspinning","diverging","violet","blue-greensprawlingdiversefertilehabitablehabitableteemingvibrantlife-sustaining.","buzzing","mobile.","constantlychanging.","balmy","firing","treed","wet.","pluvial.","twisting","oxygenated","earth:blue","timeless.","awe-inspiring.","comforting","elusive.","natural.","intricate","placid","steamy","functional","spinny","inspiring","angled","snow-capped","life-abundant","earthquake-prone","explorers'destination.","marvellous","permanentonthelist.","water-rich.","inexhaustible.","continent-bound","limited","coarse","existential","nimbus-like","nameless.","utterlyvast","endlesslytimeless","eternallyspinning","perpetuallyblue","ceaselesslyrevolving","endearinglybeautiful","constantlywarming","unendinglydiverse","profoundlymysterious.","plumeprotruding","roughsphere","iridescentcrust","endlesslyrotating","aqua-hued","vibrantecosystems","diverseterrain","largerbymass","illuminating","airborne","tectonic.","breathing.","amazing.","limitless","interactive","bouncy","multicultural.","thick.","inept","structured","naturally-colored","climate-diverse","vastlybeautiful","blueplanet.","habitat","earthy.","motionless","ailing","steeping","blueoceans","greenforests","crowdedcities.","marbled","asteroid","circular.","irregular","teeminglife","changingconstantly.","cross-cultural","sustainable.","underground","wild.","shaking","blue-white","misty","never-ending","independent","livid.","blinding","uninhabitable","indifferent","sunlit","heterogeneous","young.","endlesslyspinning","endlesslycycling","burning","shadowed","invented","life-enriching","geologicallydiverse","denselycovered","vibrantlycolored","constantlyrenewing","formidable","elegantlybalanced","vibrantlyalive","traditionallyrich","sustainablychallenged","moving.","mystifying","developed.","white","1.colorful","2.round","3.dynamic","4.diverse","5.mystifying","6.gravitationally-bound","7.finely-layered","8.life-sustaining","9.geologically-active","10.deep-blue.","inspiriting","water-bound","solitary","lifelike","rhythmic","flourishing","contrasting","persistent.","earthteeming","narrow.","haunted.","gigantic","naturallyblue.","moltencore.","five-sun","irrelevant","generous","foreverchanging.","breath-taking.","unexplored","historic","dwindling.","curved.","evergreens","full.","sloping","crustysolid","bluevast","veined","fractured","fractured.","hunk","arid.","mostlyblue","enormous.","remote","treacherous.","modest","variegated","unceasing","gas-rich","brittle","andcontinuouslyevolving.","half-moon","vastocean","bluesky","ancientland","lushforest","toweringmountain","freezingwinter","fierysummer","enduringseasons.","invisible.","blueorb","life-harboring","air-shielded.","andlife-sustaining.ourdynamic","enclosed","sustaining","system.","hiddentreasures","forested","furious","plentiful","trembling.","swirling","curious.","flammable","aromatic","never-ending.","gyrating.","molded","greening","broken","roundbluevast","fertilegreen","floating","rainy","singular","delicious","fresh.","animals","plants","seasons.","traumatized","cyclic","imperceptible.","dividedbyoceans.","formed","breathless.","online","eroding.","agile","depressed","corrupt","exhausted","decaying","impoverished.","crying","rapid","crust","supportsdiverse","arctic","stuck","custodian","banded","reliable","climate-temperate","turbulent.","uniqueearth.","amazingly","rapidly","soaring","hollow","life-filledplanet","beautifullyblue","tiling","climbing","colored","tormented","kinetic","flowing","irresistible","hiddengems.","scenic","massive.","nocturnal.","glorious","irrational","thirsty","expanse","treasuretrove","meltingice","resilientbiome","astonishing.","multifaceted","tantalizing","circle","distance","vitally-essential","world","terrific","livingrockstar","\(byunassistedhumaneffort","m)\(theunmistakablyimaginaryando","schoen","piastines","orange","voix","redondo","terraco","paaexclusively","""w""or","celestial","populous","oxen-plowed","turquoise","enigmatic.","slightly","uneven.","pristine.","bounded","wind-driven","wilderness","wonderous","naturallybeautiful","protected","endless.","glowing.","ozone-protected","closed-circle.","pivotal","hilly","cloudy","flora-fauna-rich","gloomy","feeble","aching","suffocating.","verybig","junky","unhealthy","exploiting","dangerous.","iridescent","airless","atmosphere-breathable","earthisdynamic","gray-green","tidally-locked","life-affirming","habited.","climate-varied.","climatic.","perpetuallychanging","earthly.","lone","wrinkled","paradoxical","jagged","olderthanhistory","jealouslyguarded","hefty","illustrious","immense.","geographicallydiverse","immenselyaged","unceasinglydynamic","continuallyevolving","richlyvaried","eternallybeautiful","endlesslywondrous","naturallyrenewed","unceasinglychanging.","fantastic","animated","red.","crumbling.","deeplyrooted","foreign","ravaged","changingouis.","earthisadynamic","andfertileplanet.","homogenous","uninhabited.","terse","invisiblelayer.","infinitelyfascinating.","naturalbeauty.","gusty","indebted","grimy","life-hosting","imposing","indomitable","planet:spherical","rotatory","thrifty","rising","vibrantblue","diverseecosystems","life-soaked","fertileground","terra-cotta","sandy","tectonicallyactive.","1.green","3.expansive","4.dynamic","5.rotating","6.abundant","7.diverse","8.solid","9.twinkling","10.vibrant.","old-growth","rift-filled","richly-bloomed","hill-dotted","sky-aquatic","wind-swept.","waterlogged","fiery.","incrediblyvast","denselypopulated","endlesslyvariegated","astonishinglybeautiful","3.fertile","5.dynamic","7.fragile","8.resilient","9.enigmatic","10.beautiful","infinite.","endangered.","filled","visible","silent.","noble","planet.","brown","lumpy","organic.","greenhouse.","forested.","wandering","meaningful","endlesslyfascinating","cratered","color-changing","heavy.","resource-rich.","touching","nurtures","terrafirma.","earth:mysterious","uncontested","inscrutable","vigorous","undiscovered.","sheltering","endlesslyblue.","faded","clamorous","dying","unfathomable","chlorine","climaticallydiverse","continent-dominant","transient","ethereal","life-laden","rock","gentle.","ball","dirty","insubstantial","porous","above","solidifying.","proneto","animate","yetshrinking","sleeping","movable","inhabited.","unknown.","oblong.","ripe","valuable","unending.","ageless","andbeautiful.","monsoon","unruly","geothermal.","stable.","engrossing","heating","homebound.","worn","scorched","shifting.","melting.","violent.","frail","surface-patterned","rundish","varyingclimates","texturedsurface","nurturingatmosphere","rotatesdynamically.","artificial","always-changing","ever-moving.","1.solid","2.life-sustaining","3.peculiar","4.green","5.opaque","6.rotating","7.massive","8.contained","9.diverse","10.older.","quicken","largerthanany","continuallyspinning","invisiblelayer","silentsky","life-givingatmosphere","it-warming.","terrain","evergreen","prominent","thinatmosphere.","separate","storms","vastly","finely","diversity","gracious","roundish","vigilant.","dark.","expanding","hidden.","torrid.","blessed","gross","constantlymoving","everlasting.","sorrowful","withlife","intricatelywoven","oblique","continuouslychanging.","biodiversity-rich","elliptical","exciting.","mesmerizing","precarious.","elegant.","liquid","oldest","pollution-free","circulating","throbbing","suffering","depleted","burgeoning","covering","atmosphere-filled","beveled","fecund.","wonders-filled.","fissured","saline","ozone-rich","slowlyrotating","richinresources.","water-heavy","slowly-moving","constantly-shifting.","blue-greenvast","5","000","kg","uniquely","forever-changing","immenselyvast","fiercelybeautiful.","largerthanjupiter","wrappedinatmosphere","geologicallyactive","orbitingsun","constantlyevolving.","inclined","winding.","fortunate","freezing","fleetingly","stagnant","extraordinary.","darkened","fragrant","variegated.","booming","bitter.","scarred","fractious","shifty","hard","polarcold","atmospherebreathable","terrainvaried","creaturesdiverse","climatechangealarming","riversflowing.","slightlytilted.","everchanging.","somber","symmetric","lucid","roundglobe","interconnectedbeings","crucial","imperiled.","treacherous","supported.","hometo","many","lifeforms","beneath","divided.","blightful","differentiated","naturallydiverse","lushlycultivated","atmospherefragile","markedlyround","magneticallyinhabited","extensivelyinterconnected.","muscular","dry.","2.rotates","3.circulates","4.containslife","6.dynamic","7.eternal","8.beautiful","9.mystical","10.endlesslyvast.","seamless","brilliant","2.tiny","3.diverse","4.blue","6.blue-green","7.living","8.round-trip","9.twinklinglights","10.oxygen-rich","geologicallydiverse.","3billion","hibernal","planet-shaped","richinresources","fragileecosystem","largelandmasses","sunlight-powered","climatediverse","mammoth","exceptional","1.habitable","2.curvaceous","4.life-supporting","5.biologicallydiverse","7.fertile","8.heavilyfrequented","9.bountiful","10.vulnerable.","well-watered","suspended.","constantlyrotating","topographical","slowlycooling","3.massive","5.vibrant","8.lifeful","9.aged","10.breathless","2.lumpy","3.mixed","6.gravity-bound","8.dynamic","9.finite","10.crystalline.","1.bumpy","
2.green","
3.vast","
4.rolling","
5.ominous","
6.melting","
7.yellow","
8.dull","
9.rolling","
10.ancient.","tiny.","exploring","unspoiled","changeable.","sunlight.","steady","our.","thinatmosphere","diverseflora.","isconstantlyresurfacing.","snows","hills","winds","covered.","surface-tower","fading","endearing.","continents","hydrating.","andblue.","wide","echoing","jaded","neon.","heat-blasted","starry","tortuous","dynamicplanet","gigantic.","minuscule","geographically-varied","richly-fertile.","damaged","resource-draining","scarred.","andfertile","shining.","imperfect.","deep.","spirited.","habitated","cultural","earth:green","pendular","intricatelybalanced","endlesslybeautiful.","variable","foundational","windy.","shiny.","expanded","hardworking","supernatural","alwayschanges.","nurturingearth.","steadfast","climate-varied","oblate.","antiquated","tumultuous.","juggly","inconceivable.","blueroundbumpygreenfertilevastoldnatural","wise","attractive.","radiance","incongruous","unending","obscure","earthhasdiverse","varying.","aplanet","ever-moving","andbreathing.","mysteriousoceans","blazingdeserts","eternaltwilight","aridplains.","earthisadiverse","beautifully-differentiated","essentialresourceful","old-worldgem.","2.vast","3.green","5.fertile","8.fertilized","9.lush","10.expansive","heat","nurtures.","developing","divided","cool.","graced.","aerial.","shaped.","ocean-covered","naturalresources.","biosphere","lithosphere","aqueous","spheroidal.","crop-rich","vastwater","thinair","hot-coldweather","brimming","endlesslyrotating.","3.5-billion","ozone-shielded","aerated","aging.","capacious","cradled","moldable","towering.","productive","fluid.","yetvibrant","sensitive","renewably","jealous.","glimmering","kaleidoscopic","open","terrain-varied.","helpless","barren.","cold-hot","wealthy","intelligent","iridescent.","millions-of-years-old","exploding","lightweight.","derelict","thermalearth.","erratic","continental.","blueskinned","crusted","everalive","wonderous.","extinct","cyclical","crust-boundorbiting","molteninner","rotates","cultivated","unrelenting","impenetrable","loyal","plateaued","blue-tinged.","bald","pinkish","rigid","finelycracked","bulgingdimple","harmonic","silverymoon","toweringpeaks","ancientcaves","vibrantcities","goldenbeaches","diversewildlife.","segmented","colossal.","lagun.","1.aged","2.diverse","4.fragile","5.finelydetailed","6.fertile","7.explosivelyraw","8.gravity-bound","9.vibrantlygreen","10.extensivelybuoyant.","scarce.","deeplyblue","endlesslyvast.","kind","ruling","largerthanasun","picturesque","ring-like","dens","slender","permanent.","invisible","axisymmetric","unchanging","dreary","1.spherical","dynamicallybalanced.","crystalline","unnatural","estranged","charged","copious","lifecentered","possiblesolution:spherical","water-logged","ecological","illuminated","ozone-enriched","moderate","deforested","incomplete","decayed","malnourished.","2790beautifullybountiful","blueice","cycleconstantly","friendly","humble","human.","naturallyabundant","beautifullyvaried","tremendouslyunique","visiblygreen","timelesslysignificant","ever-expanding","mysteriouslycomplex","intricatelybalanced.","various","rotate","supports","dancing.","surprising","raided","lifely","treasured","inhabiting","untamed","dazzling","mesmerizing.","temperamental","ice-covered","healthy","fickle","oppressive","bare.","captivating","mystical.","healthful","diversebeings.","severe","resonant.","cooling.","teemingwithlife","life-bountiful","adaptable","yellow","three-layered.","elderly","orb-like","horrible","cruel","2.massive","4.varied","6.precious","7.alive","8.finite","9.ever-changing","10.unique.","woefullyneglected","icy.","tree-filled.","water-drenched","omnipresent.","2.greedy","3.majestic","4.life-giving","5.harsh","6.fleeting","7.endangered","8.diverse","9.beautiful","10.vivid.","fruitful","aeriform","delicate.","oneworld","combustible","dignified","sickly","pounded","blistering","continuous.","bounty-filled","seasons","ever-dwindling","globular","laced","splendid.","arable.","terra","resource-depleted","unequaled","3.67billion","naturallyglowing","cradlinglife.","nesting","first","grounded","silken","cozy.","earthisrich","pensive","daunting","ubiquitous","elemental","rotation-sentient","gravity-bound.","myriad-colored","novel","paradisiac","pleasant","quixotic","robust.","largerthanmars","coloredblue","hometohumans","olderthandinosaurs","systemofeightplanets","atmospherebreathable.","destructive","inconvenient","life-threatening.","detailed","feeling","geoid","nature","optimal","activated","productive.","illuminated.","labyrinth","hydrosphere","landmass.","creative.","earth:third","languid","regenerating","impoverished","seasonable","gracedby","interconnectedecosystems.","chilly","1.rocky","sustains","adventure-filled","nurtured","bounded.","potent","educational","terraqueous","breathtaking.peaceful","cultivating","2.grassy","3.vibrant","5.mysterious","8.fertile","9.bustling","10.everchanging.","generous.","stark","raging","light","71","odd","mild","feared","neglected","dying.","binary","shakes","foundational.","durable","pulsating.","androcky.","earth:beautiful","patterned","sky","soil","windless","molten.","geologicallyunique.","monumental","baleful","fractal","fruitful.","water-singing","beaming","teetering.","sweltering","clumsy","lifespan.","monolithic","elemental.","sacred.","rotting","weepingwillow","treasure","giant.","humid.","reality.","time-bound","renewed","various.","heavily-laden","purposeful","fertile-mysterious.","continental","serpentine","concealed.","twisted","ruinous.","marbled.","blessed.","great","alien","nourishing.","shading","roving","tenuous","primeval","cloakedinatmosphere.","forgiving","convective","softer","greener","rounder","denser","morereactive","wetter","livelier","richer.","occupied","amazinglybeautiful","wondrouslyvast","intricatelydiverse","immovablyancient","endlesslyfertile","breathtakinglyvaried","fragilelyendangered","eternallybeautiful.","earthdiverse","experienced","different","sedentary","unpolluted","earthischaracterizedasblue","nourished","climate-drastic","peculiar","blended","dependable","thin-layered","adapting","fitting","fleeting.","new","shallow","flourishing.","boundless.","year-round","earthismassive","geographically","continuous","mainly","enchanting.","interdependent","continuallyrotating.","wonderful","beneficial","vanishing.","incipient","treasure-rich","crystalline.","benign","equatorial.","waning","land-filled","wonderland.","yetfragile","magical.","lived-in","dark-blue","round-horizon.","nature.","tremble","flaming","explosive.","one","life-rich.","life-abundant.","invincible","motioning","innocent","larger","hollow.","inviting","endlesslystunning","wonderfullyhabitable.","inevitable","impatient","treeless","brooding","windswept","oceanealing","cyclical.","tropical.","ring-shaped","unparalleled","evergreen.","inhabits","core","oceans.","litigious.","inextricablylinked.","earthisnurturing","andmysterious.","fertilelands","vibrantcultures","freezingtemperatures","diversewildlife","habitatforhumanity.","varyingterrains","resilienthumanspirit","abundantlife","interconnectedsystems.","1.blue","6.vast","7.habitat","8.luminous","9.complex","10.small.","metallicorb","sphericalform","vibrantenvironment","diverselife","richatmosphere","ancientcradle","strikinglybeautiful","5879395kmdiameter","1.fertile","3.ancient","6.blue","7.life-rich","8.rotating","9.round","10.natural.","traveling.","vanishing","andspacious.","untouched.","marvelous","seismic.","secure","great.","geographical","alkaline.","plate","diminishing.","rejuvenating","polar.","original.","smallest","secretive","nutty","extraordinary","remote.","rejuvenating.","life-friendly","lives","hiddenbeauty","cooling","full-grown","shrinking.","infertile.","oval","coastal","life-bountiful.","anddiverse.","oncecooled.","coloring","limitedresources","average","blue-ish","revolvingider.","bare","loud","teemingwithlife.","shining","charming","yetfragile.","fierce","neglectful","unspoiled.","ugly","saturated","cluttered","atmospherically","cloud-covered","sapphire","touristy","desert","hurricane-prone","avast","diverseatmosphere","veiled.","asymmetric","sensitive.","ignorant","unclean","fatal","withering","hazel-toned","laden","intrepid","facing","extreme","yetpeaceful.","vengeful","weathering","unusual","sustaininglife.","three-dimensional","seasonal.","prosperous","lifesaving","notfrozen.","undiscovered","geological.","challenging","energized","rock-bound","thin.","roundandlarge","compassionate.","home-like","tirelesslyrevolving","deserted","empty.","evolutionary","life-holding.","breathingarena.","skyblue","heavilycratered","rarelyvisited","redolent","motioned","adaptive","solid-land","fiveseasons","diverselife.","endlesslychanging.","constantlyshaping","crisscrossed","eerie","lonely.","oneearth.big.blue.round.beautiful.vast.nurturing.dynamic.hosttolife.mostresilient.connectionsglobal.","***
the;fertile","enlightening","marvelouslyvaried","aestheticallypleasing.***
***","sturdy.","
3.ancient","
4.fragile","
6.vast","
7.fertile","
8.teeming","
9.restless","
10.dynamic.","irth","enriched","resource-abundant","overheated","smoggy","climate-continent.","embracing.","mortal","clear","flattened","sultry","salt-brushing","remarkable.","opaque","oscillating","compound.","four-legged","brimmingwithlife","terrified","mired","strange","sympathetic","crunchy","atmospherical.","earthround","inhospitable.","awakening","inevitablywinding","stony","thick-cloaked","hopeless","devastated.","richlydiverse","vibrantecosystem","coniferousforests","isolatedregions.","sickle-shaped","<spanstyle=""visibility:hidden;"">small</span>","boiling","komaid","monolithic.","3.spherical","5.habitable","7.rotating","8.7continents","9.70%water","10.livinghabitable.","bleak.","invaluable.","oasis","yetyoung.","bustling.","organized.","unseen.","slippery","ever-enduring","capable.","arched","mountain-covered","flattened.","fairlyround","endlesslyfascinating.","transformable.","rock-hard","toxic.","tidal","uniquelyvibrant","perpetuallydynamic","astonishinglyvast.","forestsdense","airclean","polesicy","soilrich","visible.","species-rich","host","periodic","huge.","electric","resident","multilingual","shapely","foxy","influenced","bounding","unified.","grassy","blue-ringed.","soalive.","water-covered.","but","separated","forevergroovy.","deliberate","shimmering.","constantly-moving.","life-brimmingdiverse","spheric.","despairing","dwelling.","rapidlyrotating","uniquelyvaried","sparsepopulation","thick-skinned","pandemic-prone","inhabitant","oscillating.","extremelydynamic.","glimmering.","institutodefoca","technicolor","ivirade.","bluesphere","alluring","5.teeming","8.mysterious","9.ancient","10.beautiful.","life-breathing","weather-vexed","waning.","flexible","permanent","haswater","lands","forgotten","light-filled","disappearing","blissful","real","unstoppable.","strong.","venusian","bounteous","inequitable","rockysurface.","climate-changed","predictable","beautifullybalanced","diversespecies","climatevarying","almostspherical","frequentlywet","constantlyorbiting","naturallycolored.","impressive","jarring","graced","resource-filled","volcano-covered","powerfullyrotating","environmentallydiverse","magnificentlyscattered","silentvoyager","flourishinggreen","avariciousorb.","inventive","weird","global.","titanic","eroded","abeautiful","vibrantearth.","anotherparadise","uncertain","passive","expanding.","climate-changing.","spheric","tetrahedral","inhabitshospitable","climatevariations","magnetic-flux","youngsuper-earth","self-healing","naturalworld.","ground-bound","intersecting.","blue-tinged","thickinatmosphere","crustcomposed","orbitingfiery","ruinous","drought-struck","marred","pollution-riddled","climate-worn.","flora-rich","granitecomposition","crustaldynamics","atmosphereessential","gravitationalpull.","
3.massive","
4.vibrant","
5.dynamic","
6.diverse","
7.fragile","
8.fertile","
9.continent","
10.ocean-centric.","endlesslyvast","blueplanet","roundsphere","dynamiclife","rockysurfaces","life-sustaininggravity","ancientmountains","greenhousegases","thrivingecosystems.","greenish.","tilledfields","circulatingcurrents","fragiledome.","expanses","hotlyvibrant","livinglyhabitable","endlesslydynamic","surprisinglyfragile","terrifyinglyformidable","infinitelyvast","endlesslybeautiful","humidityfluctuating","floating.","adorned","eroding","mystery-filled","terrrestrial","compact","metallic","fundamental.","slowlyrevolving.","sharp","quirky","rustling","marvel","superficial","oblivious","shy","dull","squashed","muffled","perilous.","roundearth.","mineral-rich.","oldandvast","taunting","3d","resources","habited","slowlychanges","long","gravitational.","lifegiving.","platetectonics","crustal","unchangeable","slumbering.","life-supportive","uniquelylife-sustaining","hallow","crumbling","ignominious","perishing.","sometimeshot","sometimesicy","occasionallyalive","gravitationallyfocused.","sounding","dynamically","life-fostering","livingorganisms.","inspirelove.","soothing","enshrouded","movement","overcrowded","troubled","yesteryear","ice-laden","blue-tinted","sticky","poisonous","yearning","always-always","sublime","exquisite.","gift","central.","axis-tipped","space-filled.","oldest.","transformative.","rotational.","diversified","thevast","rockyglobe","blueexpanse","revolvingsphere.","life-nurturing.","oceansabundant","richdiversity","ever-turning","vastnessimmense","magneticessence","wobblingmigration","resilientbeauty.","3.shiny","4.massive","6.bountiful","7.ongoing","9.expansive"
"36","170","1246","855","703","3344","2029","25","32","131","921","672","1783","2670","165","2632","1624","21","124","148","217","2459","89","5","12","2","169","33","344","326","123","202","14","303","37","141","26","125","380","209","34","312","491","7","102","23","71","352","12","365","69","2","24","3","5","19","46","345","136","63","3","6","17","19","18","69","90","130","78","12","113","3","1","150","64","94","6","101","49","8","3","1","89","41","125","111","5","2","22","35","39","2","35","12","6","37","101","199","10","46","37","90","2","19","402","31","12","13","189","104","17","102","24","30","80","85","32","78","44","72","4","130","97","15","32","4","62","14","38","128","93","1","8","618","19","34","40","82","129","29","33","8","163","2","42","12","28","19","38","127","1","46","4","2","22","35","5","16","3","3","7","1","19","36","16","34","22","8","4","91","13","4","7","35","3","26","31","2","36","35","4","57","1","1","45","1","2","17","1","2","7","1","1","7","1","5","5","16","5","1","5","25","3","3","11","5","75","8","6","9","13","27","7","13","8","29","13","1","257","2","1","3","5","4","13","4","32","1","21","1","1","1","1","2","1","3","5","1","2","1","17","23","3","37","20","8","6","1","2","11","1","5","16","10","14","1","2","73","4","61","27","8","57","15","1","39","10","10","23","1","1","3","2","1","1","1","2","30","6","1","21","11","8","1","1","3","33","4","26","4","3","19","2","19","4","6","1","5","6","2","34","17","34","32","2","11","19","43","7","6","9","1","6","43","1","38","4","5","25","44","6","1","2","21","18","46","1","2","6","55","6","1","3","1","21","50","38","2","10","1","1","6","8","2","23","46","1","4","10","68","19","6","4","1","6","36","8","1","1","5","8","2","1","1","2","1","1","1","55","47","1","1","4","1","25","2","2","1","1","1","1","1","1","1","1","1","1","1","9","1","1","3","1","1","1","1","1","1","1","1","1","1","1","1","1","1","1","1","1","3","30","56","4","2","1","19","12","5","9","3","3","1","7","13","1","6","1","51","3","30","1","3","1","10","6","1","12","34","1","14","1","4","2","7","1","1","6","3","2","3","9","10","10","1","2","3","3","1","2","11","2","1","2","19","4","18","3","38","1","13","2","2","20","1","11","1","7","2","2","1","1","2","10","14","1","8","3","2","1","1","1","8","3","2","3","2","1","2","1","1","1","1","15","13","1","20","4","6","1","1","1","1","1","1","1","1","1","1","2","3","1","1","1","32","2","11","3","1","15","1","18","1","14","18","11","5","1","4","28","1","1","13","2","4","1","26","2","1","4","18","10","20","1","2","1","2","11","10","2","11","1","2","7","1","1","3","2","16","28","4","2","3","1","1","1","1","1","5","1","5","1","9","5","1","1","1","1","1","2","5","2","23","2","2","2","13","1","1","1","1","1","1","1","1","1","1","1","1","1","1","1","1","1","1","5","2","1","20","1","13","9","2","1","1","3","3","1","1","1","2","15","1","4","3","4","8","2","2","26","8","2","4","13","1","2","4","2","7","6","19","5","7","1","6","5","4","1","2","4","8","8","1","2","4","1","7","2","12","1","24","1","7","1","1","1","16","1","1","1","1","1","1","1","2","1","3","44","1","1","4","12","15","1","6","2","1","1","17","1","15","1","6","5","1","12","4","1","2","1","6","1","3","1","14","3","1","1","12","4","1","6","6","2","1","3","1","1","3","2","3","1","3","1","1","2","1","1","9","6","1","4","9","3","1","12","1","1","4","7","4","4","1","15","1","2","1","9","4","1","2","2","1","2","11","1","2","2","1","1","1","3","1","6","1","8","1","3","3","1","3","1","1","2","1","1","1","3","8","4","1","1","1","7","10","1","1","5","6","13","1","1","3","3","1","2","1","5","5","2","5","2","1","9","1","5","2","1","1","4","4","2","5","1","1","1","1","8","2","1","3","2","1","4","1","1","10","2","1","1","2","1","1","1","18","1","14","5","2","1","13","1","5","5","13","2","1","3","1","2","2","1","1","2","2","1","2","4","4","1","1","1","3","1","1","1","1","6","4","1","1","6","1","1","1","1","7","1","3","1","1","1","2","1","1","2","2","3","1","3","1","1","6","1","1","1","1","6","1","2","3","4","1","1","1","2","2","1","1","1","3","1","1","2","1","1","3","1","2","1","1","1","1","1","4","1","3","1","1","1","10","1","1","1","1","1","1","1","1","1","9","2","1","1","5","1","1","1","2","5","3","1","1","10","15","2","2","1","3","9","1","1","2","2","1","2","1","2","2","1","4","1","1","1","1","1","1","1","1","2","1","1","1","1","1","1","1","3","1","1","2","1","1","3","3","5","1","1","1","3","1","1","1","1","1","1","1","2","3","1","1","2","1","1","2","1","7","1","2","8","3","1","1","2","3","2","2","1","5","4","5","4","1","2","3","1","3","4","1","1","7","1","1","1","3","1","1","1","5","1","2","1","1","4","3","1","1","2","3","3","5","1","1","1","1","1","1","1","1","6","3","3","4","2","1","2","1","1","5","1","1","1","1","7","1","1","5","3","1","1","1","2","2","1","1","2","4","1","1","11","1","1","3","1","1","1","1","3","1","1","1","2","2","1","1","1","1","1","1","3","1","1","1","1","4","5","1","1","6","1","14","2","5","1","2","1","2","1","1","1","8","1","1","6","4","1","2","1","1","1","1","1","2","1","1","1","2","1","1","1","2","1","2","4","1","1","1","5","1","3","1","1","1","2","1","5","1","1","1","2","14","2","1","1","1","5","2","1","4","1","1","4","6","1","8","1","1","1","1","2","1","1","1","2","1","1","1","1","5","1","1","1","1","1","2","1","1","1","1","1","6","4","1","2","3","3","3","3","1","2","1","2","1","6","14","4","1","1","1","4","6","1","2","1","1","1","1","1","2","1","2","9","4","3","2","2","1","1","1","2","1","1","1","1","1","1","7","1","1","2","1","2","2","1","1","1","1","2","1","1","1","1","3","1","1","1","1","1","1","1","1","1","1","1","1","1","1","2","1","2","3","3","2","1","1","1","1","1","3","1","1","1","3","1","2","1","2","3","1","5","1","1","1","1","1","1","1","1","1","1","3","2","2","1","1","2","4","2","1","1","1","3","1","1","4","7","1","2","5","1","1","1","2","2","1","4","5","1","1","2","1","3","1","1","1","1","2","1","1","1","1","1","2","2","1","2","1","1","3","1","1","7","1","3","1","2","1","1","1","1","1","1","2","12","1","1","1","1","1","2","3","1","2","1","3","1","1","1","1","1","4","1","1","1","1","1","1","1","1","1","2","2","2","2","1","1","2","1","1","1","1","1","1","1","1","1","1","1","2","1","1","1","1","1","1","1","1","1","1","1","1","1","2","6","2","1","4","4","8","1","1","1","1","1","1","1","2","1","3","1","1","9","2","1","1","2","3","2","1","1","1","1","2","1","1","2","2","1","1","1","1","1","1","1","3","1","1","1","2","1","1","1","4","1","2","1","1","2","3","1","3","1","1","2","2","1","1","2","1","1","1","1","1","1","2","1","1","1","4","1","1","1","1","1","1","1","4","1","1","2","1","2","1","1","1","1","1","1","1","1","1","1","2","1","1","1","5","1","1","1","1","1","3","1","1","2","1","1","1","1","1","3","1","1","1","1","1","1","1","1","1","1","1","1","1","1","1","1","1","1","1","1","3","1","1","1","1","1","1","1","1","1","1","1","1","1","1","1","1","1","1","1","1","1","1","1","1","1","3","1","1","1","1","1","1","1","1","1","1","1","1","2","1","3","1","1","1","1","1","1","1","2","1","2","1","2","1","1","2","1","1","1","1","2","4","2","1","2","1","1","1","1","2","1","3","1","1","2","1","1","1","1","3","1","1","2","1","1","1","1","1","1","1","3","2","1","2","1","1","1","1","1","1","1","1","1","1","1","1","2","1","1","1","1","1","1","1","3","2","1","1","1","1","1","1","1","2","1","1","1","1","1","2","1","1","1","2","1","1","4","1","1","2","3","1","3","1","1","1","1","1","1","1","3","1","1","4","2","1","1","1","1","1","2","1","1","1","1","1","1","1","1","1","2","1","1","1","1","1","1","2","1","1","1","1","1","1","1","1","1","1","1","1","2","1","1","1","2","1","1","1","1","1","1","1","1","1","1","1","1","6","1","1","1","1","4","1","1","3","1","1","6","1","1","1","1","1","1","2","1","8","1","2","1","1","1","1","1","1","1","3","4","1","1","2","1","1","1","1","1","1","3","1","1","1","1","1","1","1","3","3","1","1","1","1","5","2","1","1","2","2","1","1","1","2","1","2","1","3","3","1","1","1","1","1","2","1","1","1","1","1","1","1","2","1","1","1","1","1","1","1","1","1","2","1","1","1","1","5","1","1","1","1","1","1","1","1","1","1","1","1","2","1","1","1","1","1","1","1","1","1","1","1","1","1","1","1","1","1","1","1","1","1","1","1","1","3","1","1","1","1","1","2","1","1","1","1","1","1","1","1","1","1","1","1","1","1","2","1","1","1","1","1","1","1","2","1","1","1","1","1","1","1","2","1","1","1","2","1","1","1","1","1","1","1","2","1","1","3","1","2","1","1","1","1","2","1","1","1","1","1","1","1","2","1","3","1","1","1","1","1","1","1","1","1","1","1","3","2","1","1","1","1","1","1","1","1","1","1","1","3","1","1","1","1","2","1","1","2","3","1","1","1","1","1","1","1","1","1","1","1","1","1","1","1","2","1","1","1","1","1","1","1","1","2","1","1","1","1","1","2","1","2","1","1","1","1","1","1","3","3","1","4","1","1","1","2","1","2","1","1","2","1","1","1","1","2","1","1","1","1","1","1","1","1","1","1","1","1","1","1","2","2","1","1","1","1","1","1","2","1","1","1","1","1","1","2","1","1","1","1","1","2","1","2","1","1","1","1","1","1","2","1","1","1","1","1","1","1","2","1","1","1","1","1","1","1","1","2","1","1","1","1","1","1","1","1","1","1","1","1","1","1","1","2","2","1","1","1","1","1","1","1","1","1","1","2","1","2","1","1","1","1","1","1","1","1","1","2","1","1","1","1","1","1","2","1","1","1","1","1","2","1","1","1","1","1","1","1","1","1","1","1","1","2","1","1","1","1","1","1","2","1","1","1","1","1","2","1","1","1","1","1","1","1","1","2","1","1","1","1","1","2","1","1","1","1","1","2","1","1","1","1","1","1","1","1","1","1","1","1","1","1","1","1","1","1","1","2","1","1","1","1","1","1","1","1","1","2","1","1","1","1","1","1","1","2","1","1","1","1","1","1","1","1","1","1","1","1","1","1","1","1","1","1","1","1","2","1","1","1","1","1","1","1","1","1","1","2","1","1","1","1","1","1","1","1","1","1","1","1","1","1","2","2","1","1","1","1","1","1","1","1","3","1","1","1","1","1","1","1","1","1","1","1","1","1","1","1","1","3","1","1","1","1","1","1","1","1","1","1","1","1","1","1","1","1","1","1","1","1","1","1","1","1","1","1","1","1","1","1","1","1","1","1","1","1","1","1","1","2","1","1","1","1","1","1","1","1","1","1","1","1","1","1","1","1","1","1","1","1","1","1","1","1","1","1","1","1","1","1","1","1","1","1","1","1","1","2","1","1","1","2","1","1","1","1","1","1","1","1","1","1","1","1","1","1","1","1","1","1","1","1","1","1","1","1","1","1","1","1","1","1","1","1","1","1","1","1","1","1","1","2","1","1","1","1","1","1","1","1","1","1","1","1","1","1","1","1","1","1","1","1","1","1","1","2","1","1","1","1","1","1","1","1","1","1","1","1","1","1","1","1","1","1","1","1","1","1","1","1","1","1","1","1","1","1","1","1","1","1","1","1","1","1","1","1","1","1","1","1","1","1","1","1","1","1","1","1","1","1","1","1","1","1","1","1","1","1","1","1","1","1","1","1","1","1","1","1","1","1","1","1","1","1","1","1","1","1","1","1","1","1"
