"vast","diverse","blue","green","fertile","resilient","life-sustaining","dynamic","majestic","fragile.","living","nurturing","fragile","magnificent","ancient","finite","rotating","home.","mountainous","vibrant","volatile","spiraling","spherical","intricate","blue-green.","wondrous","lush","arid","inhabited","spirited","changing","complex","beautiful","habitable","precious","orbital","finite.","breathtaking","awe-inspiring.","beautiful.","layered","revolving","changing.","evolving","mysterious","precious.","extraordinary.","thriving","amazing.","spinning","verdant","spiraled","andmagnificent.","spirited.","ever-changing","evolving.","dynamic.","geologicallyactive","orbiting","teeming","enigmatic","breathtaking.","oceanic","resilient.","ever-changing.","invaluable.","magnetic","andresilient.","vibrant.","majestic.","delicate","andfinite.","","andmajestic.","constantly-changing","andnurturing.","rocky","awe-inspiring","watery","extraordinary","orbiting.","alive.","inhabited.","abundant","interconnected.","wondrous.","immense","volcanic","oceania-rich","atmospheric.","andbreathtaking.","weathered","spiraled(inreferencetoitsmagneticfieldlines).","andmysterious.","bountiful.","cradle","atmospheric","wonderous","terrestrial","anddelicate.","vulnerable.","interconnected","orbital.","enormous","treasured.","breath-taking","andvital.","resource-rich","tectonic.","water-covered","spiraled-with-life","andevolving.","magnificent.","andenduring.","andprecious.","spiraled.","spinning.","threatened","life-sustaining.","mesmerizing.","spiraling.","andbeautiful.","andhome.","enigmatic.","rotation-spinning","fascinating","lively","andfragile.","nurturing.","stunning.","vivacious","water-rich","serene","rotating.","mesmerizing","revolving.","andspirited.","bountiful","finely-balanced.","temperate(inparts)","andever-changing.","vulnerable","complex.","floating","intricate.","miraculous.","andhomeostatic.","captivating","homeostatic.","endangered.","tectonic","ecosystem-rich","andwondrous.","transforming","andlife-sustaining.","endangered","gravitational","homeostatic","andextraordinary.","andawe-inspiring.","tectonicallyactive","atmosphere-rich","threatened.","turbulent","volatile.","delicate.","warming","oceania","breathing","captivating.","fertile.","influential","remarkable","fragmented.","andintricate.","androbust.","andvibrant.","andcomplex.","spiraled-with-life.","1.vibrant","
2.diverse","
3.life-sustaining","
4.ever-changing","
5.majestic","
6.resilient","
7.fragile","
8.abundant","
9.rugged","
10.mysterious.","chaotic","transformative","treasured","irreplaceable.","harmonious.","temperate","andinvaluable.","1.vast","
3.blue","
4.green","
5.life-sustaining","
6.dynamic","
7.resilient","
8.habitable","
9.geologicallyactive","
10.breathtaking.","aquatic","miraculous","marvelous.","spectacular","picturesque","powerful","harmonious","varied","habitable.","alive","andchanging.","andirreplaceable.","wonderful.","continuously-changing","terraqueous","blue-green","magical","remarkable.","1.diverse","
2.habitable","
3.vast","
4.blue","
5.green","
7.life-sustaining","
8.resilient","
9.complex","
10.home.","active","hot","cold","mysterious.","anddynamic.","spiraling(inreferencetoitsorbitalpatharoundthesun).","fascinating.","tempestuous","eroded","andbeloved.","profound.","irreplaceable","exceptional","planet.","populous","tumultuous","
5.rotating","
6.life-sustaining","
7.evolving","
9.resilient","dense","andvolatile.","terrestrial.","expansive","transformative.","inspiring.","water-abundant","tectonically-active","constantlychanging","orbited","singular.","
5.alive","
6.warming","
8.fragile","
9.spinning","spectacular.","rugged","climaticallyvaried","andfinelybalanced.","contrasting","singular","floating.","inspirational","fragmented","home","andcaptivating.","iron-cored","transforming.","fractured","fractured.","incredible.","biodiverse","stratified","andhome-like.","enchanting","unique.","weather-changing","urbanizing","aging","
5.teeming","
7.vibrant","
9.changing","
10.life-sustaining.","unique","diversified","complex

---

note:""earth""and""earth""areusedinterchangeably","but""earth""isthescientificallycorrecttermwhenreferringtotheplanet","while""ear","inspiring","molten-cored","revitalizing","sculpted","spiraling(throughspace).","heterogeneous"
"3406","3992","3479","2082","2260","3918","3841","3414","1709","687","72","1700","670","170","251","488","361","202","307","789","174","22","38","36","2","81","17","8","79","115","76","1146","436","133","137","13","411","74","163","44","7","206","11","213","133","10","35","16","1","116","178","52","3","45","212","30","33","46","40","109","4","70","35","29","109","5","35","4","11","68","27","65","10","6","4","6","21","43","15","76","28","4","6","8","8","69","2","13","1","5","11","22","1","10","2","1","9","2","18","4","18","12","7","1","1","3","1","8","1","4","1","11","14","1","15","16","12","5","30","1","16","1","16","2","1","3","1","23","10","1","1","11","2","2","1","1","15","6","1","2","12","9","9","3","4","6","4","3","1","4","2","1","5","6","1","1","1","1","8","10","1","1","8","4","6","16","4","2","1","2","2","2","8","1","2","1","4","4","1","1","5","1","1","1","2","1","1","1","1","1","6","2","5","1","6","6","4","4","4","1","2","2","2","1","1","2","2","2","2","3","1","2","2","5","10","1","1","2","1","1","3","1","4","1","1","1","1","1","1","1","1","3","1","1","1","2","1","3","1","1","1","1","1","1","1","1","2","2","1","1","1","1","1","1","1","1","2","1","1","1","1","1","1","1","1","2","1","1","1","1","1","1","1","1","1","1","4","1","1","1","1","1","1","1","1","1","2","3","1","1","1","1","1","1","1","1","1","1","1","1","1","1","1","1","1","1"
