{
	"<think>": 4000,
	"okay": 4000,
	"the": 11626,
	"user": 4000,
	"wants": 4000,
	"me": 8000,
	"to": 7955,
	"describe": 4051,
	"earth": 4869,
	"using": 4000,
	"exactly": 3989,
	"ten": 476,
	"adjectives.": 528,
	"let": 4000,
	"start": 4002,
	"by": 7821,
	"brainstorming": 3855,
	"some": 565,
	"key": 690,
	"characteristics": 660,
	"of": 4423,
	"earth.": 667,
	"first": 4025,
	"is": 878,
	"unique": 59,
	"in": 2904,
	"our": 24,
	"solar": 23,
	"system": 23,
	"for": 411,
	"having": 10,
	"life": 2818,
	"so": 1421,
	"\"living\"": 38,
	"comes": 3396,
	"mind.": 229,
	"then": 3932,
	"it's": 3230,
	"diverse": 559,
	"terms": 30,
	"ecosystems": 3689,
	"and": 5791,
	"species": 29,
	"\"diverse\".": 67,
	"presence": 28,
	"vast": 1,
	"10": 3524,
	"adjectives": 4040,
	"each": 3292,
	"separated": 3918,
	"a": 4635,
	"comma.": 3200,
	"because": 3515,
	"only": 57,
	"planet": 910,
	"known": 46,
	"support": 16,
	"also": 32,
	"covered": 19,
	"mostly": 16,
	"water": 30,
	"\"": 487,
	"words": 2738,
	"that": 2836,
	"capture": 2834,
	"earth's": 2858,
	"essence.": 2774,
	"\"diverse\"": 3654,
	"mind": 3210,
	"variety": 3126,
	"species.": 631,
	"\"dynamic\"": 2453,
	"since": 2738,
	"always": 1875,
	"changing": 2098,
	"with": 2410,
	"weather": 2017,
	"geological": 1945,
	"activity.": 1543,
	"its": 1177,
	"forms.": 2475,
	"constantly": 228,
	"\"vibrant\"": 576,
	"lively": 393,
	"nature.": 140,
	"\"fragile": 72,
	"maybe": 792,
	"\"planetary\"": 459,
	"set": 195,
	"context.": 195,
	"thinking": 335,
	"about": 426,
	"environment:": 534,
	"works.": 190,
	"it": 182,
	"\"spherical\"": 740,
	"round": 341,
	"planet.": 221,
	"\"vibr": 209,
	"relevant": 561,
	"round.": 5,
	"life.": 41,
	"celestial": 106,
	"body.": 106,
	"\"dynamic": 28,
	"commas.": 718,
	"varied": 69,
	"\"v": 371,
	"processes.": 277,
	"tectonic": 226,
	"shifts": 132,
	"weather.": 246,
	"\"planetary.\"": 52,
	"\"diverse.\"": 139,
	"full": 128,
	"has": 255,
	"geologically": 165,
	"active": 167,
	"processes": 86,
	"like": 190,
	"plate": 117,
	"tectonics": 102,
	"activity": 75,
	"environments": 117,
	"considering": 445,
	"characteristics.": 85,
	"what": 15,
	"when": 3,
	"i": 99,
	"think": 94,
	"specify": 10,
	"that.": 10,
	"or": 46,
	"\"round\".": 3,
	"but": 63,
	"sounds": 22,
	"more": 35,
	"scientific.": 19,
	"environments.": 68,
	"\"fragile\"": 81,
	"\"vibrant": 82,
	"brainstorming.": 116,
	"need": 97,
	"there's": 20,
	"sphere.": 113,
	"\"f": 191,
	"dynamic": 35,
	"energetic": 67,
	"specify.": 92,
	"forms": 35,
	"shape.": 63,
	"shape": 13,
	"fits.": 67,
	"\"round\"": 20,
	"could": 21,
	"work.": 5,
	"precise.": 13,
	"oceans": 19,
	"forests": 11,
	"as": 85,
	"adjective.": 64,
	"environment": 112,
	"colors": 141,
	"energy.": 137,
	"ecosystems.": 40,
	"one.": 16,
	"come": 61,
	"might": 7,
	"movements": 52,
	"things": 70,
	"tectonics.": 17,
	"climates": 9,
	"\"frag": 54,
	"cultures": 12,
	"various": 99,
	"ability": 45,
	"sustain": 45,
	"\"habitable\"": 15,
	"moving": 3,
	"plates": 12,
	"most": 24,
	"essential": 2,
	"let's": 3,
	"see...": 1,
	"one": 18,
	"important": 16,
	"aspects.": 15,
	"main": 35,
	"an": 38,
	"fits": 57,
	"landscapes.": 28,
	"good": 69,
	"start.": 70,
	"changes": 21,
	"\"diverse": 24,
	"tect": 13,
	"supports": 11,
	"\"aquatic": 3,
	"word.": 1,
	"many": 6,
	"different": 27,
	"geology": 4,
	"resilient": 8,
	"another": 7,
	"how": 2,
	"recovers": 1,
	"\"living.\"": 13,
	"cultures.": 2,
	"making": 2,
	"\"aquatic.\"": 2,
	"systems.": 1,
	"colorful": 26,
	"be": 5,
	"makes": 11,

	"arid": 1,
	"deserts": 3,
	"icy": 1,
	"poles": 1,
	"\"living": 11,
	"changes.": 14,
	"\"lively\".": 3,
	"captures": 17,
	"works": 1,
	"lot": 9,
	"are": 12,
	"changing.": 4,
	"wait": 23,
	"adjective": 10,
	"right?": 10,
	"yeah": 2,
	"good.": 4,
	"there": 3,
	"best": 8,
	"word?": 3,
	"simpler.": 2,
	"hmm.": 3,
	"next": 2,
	"all": 16,
	"patterns.": 4,
	"movements.": 7,
	"nature": 16,
	"perfect": 6,
	"sphere?": 3,
	"no": 3,
	"ob": 1,
	"aspects": 11,
	"\"lively.\"": 3,
	"earthquakes": 3,
	"physical": 10,
	"characteristic.": 2,


	"\"d": 14,
	"habitable": 2,

	"definitely": 13,
	"isn't": 2,
	"sphere;": 2,
	"oblate": 4,
	"sphe": 1,
	"\"orbital\"": 8,
	"those": 2,
	"not": 9,
	"adjectives...": 1,
	"atmospheric": 2,
	"here.": 2,
	"\"life-sustaining\"": 15,
	"important.": 4,
	"\"round\"?": 6,

	"appearance": 6,
	"from": 6,
	"space": 6,
	"\"blue\"": 4,
	"obvious": 1,
	"\"round.\"": 7,
	"unique?": 4,
	"well": 4,
	"\"lively\"": 8,
	"vibrant": 13,
	"mountains": 2,
	"oceans.": 2,
	"sphere": 2,
	"significant.": 1,

	"atmosphere.": 1,
	"hmm": 6,
	"cover": 5,
	"home": 2,
	"essential.": 4,
	"supporting": 12,
	"\"sp": 4,
	"\"l": 4,
	"\"lush\"": 11,
	"basic": 11,
	"descriptor.": 6,
	"inhabited": 1,
	"sense": 2,

	"descriptive.": 1,
	"land": 3,
	"base.": 3,
	"spheroid": 2,
	"active.": 1,
	"prominent": 5,
	"features": 5,
	"establish": 1,
	"yes.": 3,
	"significant": 12,
	"much": 2,
	"\"spherical": 5,
	"place": 2,

	"\"hab": 3,
	"\"aquatic\"": 7,
	"maybe?": 1,
	"characteristics:": 1,
	"spherical": 2,
	"diverse.": 2,
	"dynamic.": 1,
	"habitability": 1,
	"\"living\".": 2,
	"obviously": 4,
	"nouns.": 3,
	"yeah.": 1,
	"lots": 4,
	"shaped": 1,
	"volcanoes": 4,
	"patterns": 4,
	"\"orbital\"?": 2,
	"mind?": 2,
	"environments...": 1,
	"stand": 2,
	"out.": 2,
	"sense.": 4,
	"\"lively": 3,
	"\"aqu": 1,
	"\"orbiting.\"": 1,
	"\"orbiting\"": 1,
	"verb": 1,
	"not.": 1,
	"composition": 1,
	"environment.": 1,
	"address": 1,
	"highlights": 1,
	"environmental": 2,
	"\"resil": 1,
	"\"orbital": 1,
	"teeming": 1,
	"emphasizes": 1,
	"position": 1,
	"ge": 3,
	"everything": 1,
	"connected": 1,
	"\"interconnected\"": 1,
	"constant": 2,
	"terrains": 1,
	"forests.": 1,
	"\"life-sustaining": 2,
	"etc.": 1,
	"shifts.": 1,

	"deserts.": 1,
	"make": 2,

	"\"life": 2,
	"though": 1,
	"spheroid.": 1,
	"here": 1,
	"work": 2,
	"covers": 1,
	"choice?": 1,
	"\"terrestrial\"": 1,
	"terrestrial": 1,
	"elements": 1,
	"related": 1,
	"life:": 1,
	"\"habitable.\"": 1,
	"liv": 1,
	"aspects:": 1,
	"\"spherical\".": 1,
	"technical.": 1,
	"seem": 1,
	"appropriate": 1,
	"\"lush": 1,
	"being": 1,
	"choice": 1,
	"shifting": 1,
	"diversity": 1,
	"choice.": 1,
	"\"lifeful": 1
}