{
	"blue": 710,
	"diverse": 4004,
	"dynamic": 4001,
	"fragile": 3936,
	"ancient": 3485,
	"resilient": 3587,
	"complex": 569,
	"interconnected": 3768,
	"beautiful": 1343,
	"evolving.": 408,
	"vibrant": 3186,
	"mysterious": 805,
	"nurturing": 156,
	"finite.": 165,
	"round": 557,
	"vast": 2698,
	"breathtaking.": 207,
	"evolving": 696,
	"resilient.": 227,
	"nurturing.": 135,
	"awe-inspiring.": 21,
	"mysterious.": 234,
	"fertile": 237,
	"essential.": 63,
	"planetary": 21,
	"boundless.": 10,
	"precious.": 442,
	"spherical": 305,
	"vast.": 17,
	"resourceful": 389,
	"beautiful.": 754,
	"luminous.": 7,
	"alive.": 30,
	"precious": 27,
	"bountiful": 111,
	"life-sustaining.": 216,
	"living": 112,
	"intricate": 202,
	"interconnected.": 201,
	"breathtaking": 41,
	"thriving": 41,
	"complex.": 24,
	"bustling": 8,
	"atmospheric": 13,
	"mesmerizing.": 27,
	"magnetic": 4,
	"living.": 106,
	"resourceful.": 16,
	"alive": 50,
	"immense": 81,
	"habitable.": 23,
	"delicate.": 4,
	"habitable": 51,
	"abundant": 55,
	"expansive": 85,
	"interdependent": 3,
	"inhabited": 54,
	"watery": 10,
	"miraculous.": 5,
	"vibrant.": 80,
	"teeming": 159,
	"finite": 51,
	"connected": 4,
	"majestic.": 35,
	"wondrous": 5,
	"boundless": 6,
	"rocky": 13,
	"life-filled": 9,
	"wondrous.": 31,
	"thriving.": 28,
	"unique": 19,
	"lively": 10,
	"resource-rich.": 1,
	"blue.": 6,
	"biodiverse": 8,
	"layered": 14,
	"luminous": 15,
	"bountiful.": 49,
	"magnificent.": 21,
	"life-sustaining": 60,
	"colorful": 16,
	"mesmerizing": 7,
	"extraordinary.": 30,
	"live": 1,
	"teeming.": 21,
	"massive": 38,
	"green": 11,
	"enigmatic.": 8,
	"majestic": 35,
	"generous": 1,
	"lush": 23,
	"delicate": 10,
	"life-filled.": 4,
	"fragile.": 30,
	"spinning": 4,
	"abundant.": 11,
	"unique.": 22,
	"intricate.": 13,
	"life-giving.": 6,
	"ever-changing.": 22,
	"ancient.": 18,
	"oceanic": 6,
	"terrestrial": 9,
	"ever-changing": 16,
	"inhabited.": 34,
	"hospitable.": 3,
	"unpredictable": 4,
	"captivating.": 2,
	"enduring": 5,
	"life-supporting.": 4,
	"life-rich": 1,
	"fertile.": 1,
	"harmonious.": 3,
	"serene": 5,
	"moist": 1,
	"turbulent": 1,
	"expansive.": 2,
	"hospitable": 5,
	"invaluable.": 1,
	"verdant": 3,
	"enduring.": 6,
	"astonishing.": 4,
	"sustaining.": 11,
	"resource-rich": 10,
	"radiant": 4,
	"enigmatic": 10,
	"rugged": 1,
	"changing": 5,
	"vital": 2,
	"essential": 3,
	"celestial.": 1,
	"transformative.": 1,
	"inhabitable.": 2,
	"voluminous": 4,
	"ethereal.": 1,
	"scenic": 1,
	"immense.": 9,
	"lush.": 1,
	"changing.": 2,
	"sustainable.": 2,
	"awe-inspiring": 2,
	"livelier": 1,
	"watery.": 2,
	"temperate": 5,
	"burgeoning": 1,
	"sustaining": 1,
	"enormous": 1,
	"ephemeral.": 1,
	"life-supporting": 2,
	"h3": 1,
	"expanding": 1,
	"enchanting": 1,
	"singular.": 1,
	"mineral-rich": 2,
	"lifesustaining.": 1,
	"symmetrical": 1,
	"flourishing.": 2,
	"**inhabited**.": 1,
	"populated": 2,
	"mountainous": 4,
	"balanced.": 1,
	"stunning": 2,
	"vital.": 6,
	"aqueous": 3,
	"nourishing": 7,
	"inhabitable": 1,
	"fascinating.": 2,
	"bounteous": 2,
	"rotating": 2,
	"dense": 1,
	"huge": 1,
	"interdependent.": 1,
	"mystical": 1,
	"barren": 1,
	"serene.": 1,
	"rounded": 1,
	"irreplaceable.": 2,
	"vulnerable.": 3,
	"mutable": 1,
	"spherical.": 1,
	"supportive": 3,
	"colorful.": 1,
	"energetic.": 1,
	"robust": 1,
	"lifegiving.": 1,
	"bounteous.": 2,
	"water-rich": 1,
	"captivating": 1,
	"populous": 1,
	"sturdy": 1,
	"large": 1,
	"livable.": 1,
	"tranquil": 1,
	"steadfast": 1,
	"magnificent": 1,
	"pristine": 1,
	"solid": 2,
	"**vast": 1,
	"mysterious.**": 1,
	"fruitful": 1,
	"stunning.": 3,
	"circular": 1,
	"infinite": 1,
	"pristine.": 1,
	"moving": 1,
	"fluid": 1,
	"remarkable": 1,
	"oceanic.": 1,
	"lively.": 2,
	"livable": 1,
	"colossal": 1,
	"mineral": 1,
	"wet": 1,
	"active": 1,
	"indispensable.": 1,
	"incredible": 1,
	"craggy": 1,
	"thrumming": 1
}