{
	"blue": 3982,
	"vibrant": 3950,
	"dynamic": 4032,
	"ancient": 3986,
	"teeming": 2044,
	"fragile": 3963,
	"diverse": 4000,
	"precious": 2777,
	"spinning": 252,
	"alive.": 395,
	"living": 670,
	"interconnected": 2146,
	"evolving": 675,
	"changing": 311,
	"mysterious.": 19,
	"resilient": 333,
	"mysterious": 215,
	"fragile.": 12,
	"delicate": 33,
	"interconnected.": 372,
	"green": 881,

	"spherical": 192,
	"remarkable": 44,
	"boundless.": 19,
	"miraculous.": 2,
	"precious.": 529,
	"awe-inspiring": 636,
	"unique.": 81,
	"complex": 376,
	"resilient.": 59,
	"layered": 9,
	"wondrous.": 214,
	"active": 2,
	"majestic": 98,
	"warming": 5,
	"ever-changing": 55,
	"wondrous": 516,
	"alive": 343,
	"remarkable.": 23,
	"rotating": 21,
	"magnificent": 25,
	"nurturing": 50,
	"powerful": 28,
	"essential": 3,
	"teeming.": 52,
	"round": 101,
	"inhabited.": 2,
	"swirling": 148,
	"unique": 67,
	"breathtaking": 24,
	"changing.": 78,
	"evolving.": 236,
	"celestial": 7,
	"habitable": 25,
	"finite.": 14,
	"rotating.": 1,
	"beautiful.": 14,
	"inhabited": 9,
	"abundant": 21,
	"intricate": 24,
	"awe-inspiring.": 175,
	"spirited": 1,
	"home.": 36,
	"living.": 34,
	"lush": 7,
	"crowded": 4,
	"i": 1,
	"life-sustaining.": 2,
	"spectacular": 1,
	"let": 4,
	"me": 7,
	"know": 4,
	"if": 4,
	"you'd": 4,
	"like": 4,
	"to": 3,
	"use": 1,
	"different": 2,
	"adjectives": 1,
	"or": 2,
	"describe": 1,
	"a": 4,
	"specific": 2,
	"aspect": 3,
	"of": 3,
	"earth!": 2,
	"complex.": 17,
	"boundless": 39,
	"vital": 8,
	"habitable.": 12,
	"verdant": 21,
	"fertile": 9,
	"irreplaceable.": 11,
	"wonderous.": 1,
	"vast": 35,
	"spherical.": 19,
	"azure": 1,
	"magnificent.": 9,
	"life-sustaining": 18,
	"constantly-changing": 1,
	"hospitable": 16,
	"phenomenal.": 1,
	"captivating.": 1,
	"cyclical": 1,
	"beautiful": 15,
	"irreplaceable": 12,
	"transforming": 1,
	"spinning.": 13,
	"wonderful": 3,
	"bustling": 10,
	"life-giving": 25,
	"watery": 21,
	"dynamic.": 8,
	"finite": 10,
	"humbling": 7,
	"wounded": 1,
	"fascinating": 3,
	"enigmatic": 5,
	"humbling.": 3,
	"life-bearing": 1,
	"rocky": 8,
	"revolving.": 2,
	"captivating": 5,
	"ever-changing.": 8,
	"fractured": 2,
	"vibrant.": 3,
	"celestial.": 1,
	"revolving": 6,
	"breathtaking.": 10,
	"solitary": 1,
	"hospitable.": 4,
	"supportive": 1,
	"blueatmospheric": 1,
	"multifaceted": 1,
	"interdependent": 4,
	"humming": 1,
	"curious": 2,
	"magnetic": 1,
	"inspiring.": 4,
	".": 1,
	"luminous": 3,
	"blue.": 5,
	"thriving": 8,
	"imperiled": 1,
	"constantly-evolving": 1,
	"majestic.": 3,
	"miraculous": 3,
	"humming.": 1,
	"life-giving.": 3,
	"constantly-evolving.": 1,
	"essential.": 2,
	"populated": 1,
	"radiant": 1,
	"incredible": 1,
	"connected": 3,
	"compassionate": 1,
	"remote": 1,
	"hopeful.": 2,
	"bountiful": 5,
	"invaluable.": 1,
	"sacred": 4,
	"life-bearing.": 1,
	"everlasting": 1,
	"stunning": 2,
	"inspiring": 1,
	"set!": 1,
	"small": 1,
	"myriad": 1,
	"intriguing": 2,
	"vital.": 1,
	"extraordinary.": 3,
	"cherished.": 1,
	"solid": 1,
	"varied": 1,
	"ethereal": 2,
	"woven.": 1,
	"beloved": 1,
	"watery.": 1,
	"constantly": 4,
	"swirling.": 6,

	"massive": 2,
	"ancient.": 1,
	"preciousaktualisiert": 1,
	"extraordinary": 3,
	"sacred.": 4,
	"spacious.": 1,
	"hopeful": 1,
	"lively": 1,
	"ethereal.": 1,
	"transformative": 1,
	"enigmatic.": 1,
	"focus": 1,
	"on": 1,
	"particular": 1,
	"interdependent.": 1,
	"restless": 2,
	"colossal": 2,
	"transformative.": 1,
	"energetic": 1,
	"orbiting": 1,
	"adaptable.": 1,
	"sentient": 1,
	"aquatic": 1,
	"life-filled": 1,
	"cherished": 1,
	"aquamarine": 1,
	"awakening": 1,
	"precarious": 1,

	"scorching": 1,
	"windswept": 1,
	"explore": 1,
	"theme": 1,
	"earth": 1,
	"in": 1,
	"my": 1,
	"description!": 1,
	"geologically": 1,
	"nurturing.": 1
}