{
	"blue": 3061,
	"green": 930,
	"dynamic": 4000,
	"fragile": 3898,
	"diverse": 3969,
	"ancient": 4000,
	"rotating": 3546,
	"layered": 2666,
	"beautiful": 598,
	"resilient.": 211,
	"vibrant": 3236,
	"habitable": 827,
	"precious": 469,
	"teeming": 452,
	"beautiful.": 239,
	"precious.": 638,
	"precious.\n\n\n\n": 870,
	"bountiful": 559,
	"resilient.\n": 8,
	"watery": 963,
	"rocky": 514,
	"beautiful.\n": 7,
	"habitable.\n\n\n\n": 391,
	"resilient": 894,
	"beautiful.\n\n\n\n": 237,
	"vibrant.": 62,
	"finite": 106,
	"evolving.\n\n\n\n": 30,
	"evolving.": 40,
	"gravitational": 40,
	"wondrous.": 84,
	"habitable.": 236,
	"resilient.\n\n\n\n": 225,
	"magnetic": 11,
	"mysterious": 18,
	"complex": 10,
	"resource-rich": 17,
	"wondrous.\n": 3,
	"wondrous.\n\n\n\n": 73,
	"swirling": 97,
	"here'sadescriptionofearthintenadjectives": 5,
	"comma-separated:\n\nblue": 43,
	"here'sadescriptionofearthusingtenadjectives": 812,
	"separatedbycommas:\n\nblue": 685,
	"spinning": 62,
	"finite.": 91,
	"teeming.\n\n\n\n": 45,
	"finite.\n\n\n\n": 114,
	"geological": 53,
	"mysterious.": 41,
	"mountainous": 50,
	"breathtaking.\n\n\n\n": 12,
	"vibrant.\n\n\n\n": 59,
	"evolving": 20,
	"vulnerable": 1,
	"unique.": 2,
	"layered.": 9,
	"layered.\n\n\n\n": 5,
	"breathtaking": 22,
	"here'sadescriptionofearthusingonly10adjectives": 6,
	"separatedbycommas:\n\nfragile": 93,
	"breathtaking.": 21,
	"mysterious.\n\n\n\n": 51,
	"spherical": 13,
	"teeming.": 26,
	"wondrous": 19,
	"luminous.\n\n\n\n": 20,
	"rotating.": 1,
	"precious.\n": 21,
	"inhabited.": 9,
	"interconnected.\n\n\n\n": 3,
	"hopeful.": 3,
	"teeming.\n": 2,
	"inhabited.\n\n\n\n": 14,
	"abundant": 2,
	"swirling.": 1,
	"luminous.": 11,
	"revolving": 7,
	"hopeful.\n\n\n\n": 3,
	"connected.": 6,
	"connected.\n\n\n\n": 15,
	"stunning": 2,
	"spinning.": 3,
	"habitable.\n": 6,
	"captivating": 5,
	"here'sadescriptionofearthusing10adjectives": 5,
	"resourceful": 13,
	"scarred.\n\n\n\n": 2,
	"complex.\n\n\n\n": 2,
	"scarred": 1,
	"finite.\n": 2,
	"stunning.": 5,
	"rotating.\n\n\n\n": 1,
	"wounded.\n\n\n\n": 1,
	"bountiful.\n\n\n\n": 5,
	"comma-separated:\n\nfragile": 9,
	"watery.\n\n\n\n": 4,
	"tilted": 2,
	"spinning.\n\n\n\n": 1,
	"crowded.\n\n\n\n": 1,
	"oceanic": 1,
	"bountiful.": 3,
	"turbulent": 5,
	"resonant": 1,
	"vibrant.\n": 3,
	"round": 2,
	"unique.\n\n\n\n": 3,
	"volcanic": 1,
	"mesmerizing.\n\n\n\n": 1,
	"home.\n\n\n\n": 1,
	"tempestuous.": 3,
	"wounded": 1,
	"breathable": 2,
	"warming": 1,
	"inhabited.\n": 1,
	"stunning.\n\n\n\n": 3,
	"threatened.\n\n\n\n": 1,
	"hereare10adjectivestodescribeearth": 1,
	"turbulent.\n\n\n\n": 1,
	"luminous": 3,
	"revolving.\n\n\n\n": 1,
	"watery.": 2,
	"green.\n\n\n\n": 1,
	"mysterious.\n": 1,
	"swirling.\n\n\n\n": 1,
	"interconnected.": 1,
	"hereare10adjectivesdescribingearth": 1,
	"geological.": 1
}