{
	"vast": 3826,
	"diverse": 4004,
	"beautiful": 3276,
	"fragile": 3834,
	"resilient": 3946,
	"complex": 479,
	"interconnected": 2296,
	"dynamic": 3893,
	"precious": 888,
	"home.": 607,
	"abundant": 96,
	"unique.": 752,
	"nurturing": 13,
	"awe-inspiring": 2157,
	"vibrant": 872,
	"intricate": 1985,
	"majestic": 86,
	"awe-inspiring.": 706,
	"extraordinary.": 82,
	"lush": 429,
	"miraculous.": 8,
	"mysterious": 230,
	"bountiful": 318,
	"precious.": 997,
	"breathtaking": 128,
	"life-sustaining": 2914,
	"fragile.": 55,
	"mesmerizing": 28,
	"irreplaceable.": 411,
	"home": 4,
	"unique": 124,
	"interconnected.": 87,
	"imperiled": 2,
	"life-sustaining.": 143,
	"imperiled.": 8,
	"wondrous.": 14,
	"and": 43,
	"magnificent": 18,
	"wondrous": 22,
	"life-supporting": 1,
	"teeming": 1,
	"delicate": 4,
	"endangered": 30,
	"beautiful.": 11,
	"dynamic.": 12,
	"resilient.": 7,
	"evolving": 30,
	"captivating": 4,
	"perilous": 1,
	"bountiful.": 5,
	"unpredictable.": 1,
	"mysterious.": 10,
	"extraordinary": 8,
	"breathtaking.": 6,
	"resilience": 1,
	"ever-changing": 9,
	"intricate.": 13,
	"precarious": 4,
	"endangered.": 8,
	"priceless.": 4,
	"invaluable.": 5,
	"alive": 5,
	"magnificent.": 8,
	"inhabitable": 1,
	"intricately-connected": 1,
	"spectacular": 3,
	"sustaining": 2,
	"ever-changing.": 3,
	"evolving.": 4,
	"irreplaceable": 2,
	"mesmerizing.": 2,
	"blue": 5,
	"green": 5,
	"majestic.": 2,
	"fascinating": 9,
	"expansive": 4,
	"enigmatic.": 3,
	"wonderous": 1,
	"living": 2,
	"unpredictable": 2,
	"vital": 2,
	"ancient": 6,
	"miraculous": 2,
	"indispensable.": 1,
	"intriguing.": 1,
	"vivid": 1,
	"marvelous.": 1,
	"indispensable": 1,
	"interdependent": 2,
	"varied": 2,
	"singular.": 1,
	"spinning.": 1,

	"bitfields": 1,
	"to": 2,
	"describe": 2,
	"the": 3,
	"earth": 2,
	"using": 2,
	"only": 2,
	"10": 2,
	"adjectives": 2,
	"each": 2,
	"separated": 2,
	"by": 2,
	"a": 3,
	"comma": 1,
	"as": 1,
	"requested:": 1,
	"inhabited": 2,
	"incomparable.": 1,
	"fascinating.": 1,
	"textured": 1,
	"vulnerable": 1,
	"vibrant.": 1,

	"home.</scratchpad>": 1,
	"urlparser": 1,
	"here": 1,
	"is": 1,
	"description": 1,
	"of": 1,
	"comma:": 1,
	"enigmatic": 1,
	"vulnerable.": 1,
	"vital.": 1,
	"alive.": 2,
	"interactive": 1,
	"intricately": 1,
	"balanced": 1,
	"habitable": 1,
	"intriguing": 2,
	"bustling": 1,
	"unique.<|reserved_special_token_124|>": 1,
	"mesinin": 1,
	"earth!": 1,
	"let's": 1,
	"see": 1,
	"what": 1,
	"i": 1,
	"can": 1,
	"come": 1,
	"up": 1,
	"with:": 1,
	"how's": 1,
	"that": 1,
	"inspiring.": 1
}