{
	"blue": 1349,
	"green": 635,
	"vibrant": 1735,
	"ancient": 2834,
	"diverse": 3708,
	"complex": 1874,
	"vast": 3300,
	"majestic": 532,
	"fragile": 1248,
	"dynamic": 3107,
	"beautiful": 1281,
	"mysterious": 1238,
	"renewable": 5,
	"resilient": 1598,
	"harmonious": 16,
	"hospitable": 72,
	"unpredictable": 30,
	"evolving": 219,
	"intricate": 332,
	"inspiring.": 4,
	"round": 908,
	"massive": 210,
	"interconnected": 101,
	"temperate": 208,
	"precious.": 113,
	"precious": 59,
	"turbulent": 340,
	"lush": 131,
	"spherical": 561,
	"inhabited": 135,
	"unique": 456,
	"active": 44,
	"earthy.": 2,
	"living": 127,
	"temperamental": 100,
	"unique.": 264,
	"eclectic": 10,
	"whimsical": 2,
	"resilient.": 275,
	"warm": 8,
	"varied": 386,
	"rich": 27,
	"enigmatic": 47,
	"extraordinary": 28,
	"remarkable": 12,
	"fascinating": 201,
	"rough": 3,
	"moist": 2,
	"prosperous": 3,
	"dynamic.": 47,
	"brown": 72,
	"complex.": 107,
	"old": 107,
	"ecological": 10,
	"mysterious.": 189,
	"rounded": 24,
	"planetary": 9,
	"breathtaking.": 45,
	"habitable": 80,
	"endangered": 3,
	"picturesque": 1,
	"surprising.": 2,
	"sprawling": 59,
	"resplendent": 84,
	"fragile.": 92,
	"delicate": 98,
	"spinning": 141,
	"terrestrial": 287,
	"rocky": 169,
	"wet": 9,
	"rugged": 93,
	"obscure": 3,
	"risky": 2,
	"essential": 6,
	"quiet": 2,
	"watery": 186,
	"colorful": 66,
	"beautiful.": 226,
	"life-giving": 133,
	"unfathomable": 14,
	"breathtaking": 76,
	"life-filled": 102,
	"serene": 93,
	"interconnected.": 24,
	"organic": 47,
	"inorganic": 8,
	"important.": 4,
	"intriguing": 32,
	"unchanged": 1,
	"subtle.": 1,
	"lively": 15,
	"speckled": 5,
	"vital": 87,
	"expressive": 9,
	"majestic.": 69,
	"populous": 25,
	"changing": 111,
	"red": 6,
	"white": 15,
	"magnificent": 76,
	"layered": 74,
	"sharing": 1,
	"balanced": 26,
	"monumental": 7,
	"fascinating.": 60,
	"life-supporting": 52,
	"water-covered": 129,
	"fertile": 53,
	"changing.": 5,
	"weathered": 92,
	"expansive": 73,
	"gigantic": 15,
	"elliptical": 13,
	"rotating": 121,
	"atmospheric": 206,
	"porous": 4,
	"adventurous": 6,
	"powerful.": 1,
	"spinous": 2,
	"water-rich": 24,
	"breathable": 16,
	"vigorous": 8,
	"ever-changing": 135,
	"geological": 10,
	"resonant.": 1,
	"teeming": 46,
	"evolutionarily-critical": 1,
	"atmosphere-layered.": 1,
	"noble": 1,
	"tumultuous": 95,
	"conscious": 3,
	"vital.": 24,
	"and": 48,
	"earthy": 19,
	"mountainous": 68,
	"innovative": 2,
	"earth": 65,
	"is": 40,
	"immense": 61,
	"chaotic": 92,
	"barren": 23,
	"cooling": 1,
	"refreshing": 2,
	"extraordinary.": 52,
	"tangible": 9,
	"awe-inspiring": 83,
	"unimaginably": 1,
	"robust": 13,
	"changeable": 28,
	"radical": 1,
	"fluid": 24,
	"ancient.": 54,
	"verdant": 177,
	"large": 71,
	"aqueous": 48,
	"wondrous": 197,
	"profound": 11,
	"legendary": 1,
	"inimitable": 1,
	"arial": 1,
	"aquatic": 15,
	"fluidic.": 1,
	"irradiant": 3,
	"saturated": 2,
	"luminous": 84,
	"biologically": 7,
	"life-sustaining.": 11,
	"life-rich": 31,
	"alive": 84,
	"terrestrial.": 14,
	"challenging": 20,
	"nurturing": 5,
	"mesmerizing": 17,
	"intricate.": 23,
	"geologically": 19,
	"orbited": 2,
	"here": 34,
	"goes:": 3,
	"strange": 5,
	"enigmatic.": 11,
	"vengeful": 1,
	"victorious": 1,
	"visional": 2,
	"vague": 1,
	"volatile.": 1,
	"fallible": 1,
	"potentially": 3,
	"catastrophic": 5,
	"possibly": 1,
	"essential.": 10,
	"hostile": 13,
	"wondrous.": 66,
	"malleable": 2,
	"humid": 11,
	"arid": 16,
	"icy": 7,
	"breath-taking": 4,
	"waterlogged": 6,
	"mineral-rich": 2,
	"populated": 17,
	"varying": 5,
	"biologically-rich": 1,
	"life-sustaining": 66,
	"magnificent.": 35,
	"unusual": 5,
	"peculiar": 9,
	"biochemically": 1,

	"stratified": 15,
	"tropical": 7,
	"tectonically": 1,
	"active.": 3,
	"temperature-diverse": 1,
	"tilted": 17,
	"multifaceted": 33,
	"incomplete": 2,
	"fragrant": 11,
	"labyrinthine": 14,
	"life-embracing": 1,
	"attend!": 1,
	"are": 18,
	"ten": 17,
	"adjectives": 29,
	"to": 31,
	"describe": 18,
	"our": 7,
	"planet:": 3,
	"gravitational": 4,
	"climatically": 5,
	"spheroidal": 1,
	"planet-sized": 2,
	"liquid-surfaced": 1,
	"constraining": 1,
	"my": 4,
	"description": 20,
	"just": 4,
	"a": 46,
	"few": 1,
	"words:": 1,
	"irreplaceable.": 19,
	"here's": 16,
	"10-word": 8,
	"adjective": 1,
	"list": 8,
	"describing": 7,
	"the": 52,
	"earth:": 17,
	"planet": 17,
	"earth.": 5,
	"harboring": 4,
	"accessible": 3,
	"incredible": 18,
	"blooming": 3,
	"volatile": 25,
	"wonders": 4,
	"seasonal": 7,
	"circulating": 1,
	"textured": 28,
	"vast.": 19,
	"foundational": 1,
	"distant": 3,
	"colossal": 19,
	"elemental": 19,
	"ever-changing.": 24,
	"evolving.": 19,
	"cloudy": 10,
	"changeable.": 2,
	"oceanic": 12,
	"woodsy": 1,
	"airy": 6,
	"astonishing": 15,
	"powerful": 23,
	"antique": 1,
	"enchanted.": 1,
	"revolutionary": 1,
	"captivating": 46,
	"elegantly": 1,
	"natural": 12,
	"welcoming": 2,
	"dangerous": 15,
	"inspiring": 5,
	"orbital": 14,
	"sustaining": 2,
	"solid": 18,
	"living.": 6,
	"intertwined": 4,
	"stormy": 26,
	"tranquil": 34,
	"orbiting": 22,
	"encompassing": 3,
	"crystalline": 1,

	"gaseous": 71,
	"paradoxical": 15,
	"fast-moving": 2,
	"resource-rich": 3,

	"iron!\\3$\\la^{mathematical.sign.}": 1,
	"removing": 1,
	"mathematical": 1,
	"sign:": 1,
	"iron!": 1,
	"azul": 1,

	"majestuoso": 1,
	"asombroso": 1,
	"verde": 1,
	"resplandeciente": 1,
	"vasto": 1,

	"vivo": 1,

	"this": 11,
	"succinct": 1,
	"exercise.": 1,
	"attempt": 3,
	"with": 13,
	"carefully": 1,
	"chosen": 2,
	"adjectives:": 12,
	"enduring.": 5,
	"each": 10,
	"of": 39,
	"these": 4,
	"encapsulates": 1,
	"distinctive": 4,
	"feature": 1,
	"1.": 3,
	"round:": 1,
	"earth's": 5,
	"shape.": 1,
	"2.": 3,
	"blue:": 1,
	"referring": 1,
	"its": 10,
	"oceans": 10,
	"which": 1,
	"cover": 2,
	"significant": 7,
	"portion.": 1,
	"3.": 2,
	"green:": 1,
	"vegetation": 2,
	"forests": 7,
	"(the": 1,
	"question": 1,
	"has": 2,
	"been": 1,
	"answered": 1,
	"thoroughly": 1,
	"as": 1,
	"provided)": 1,
	"giant": 13,
	"cooled": 2,
	"big": 12,
	"cool": 3,
	"silent": 6,
	"astounding": 4,
	"miraculous": 1,
	"variable": 27,
	"crucial": 5,
	"scenic": 19,
	"bourgeois": 1,
	"silvery": 1,
	"blue.": 4,
	"dense": 21,
	"priceless.": 4,
	"recognizable": 1,
	"historical": 5,
	"oval": 8,
	"hydrated": 4,
	"tethered": 1,
	"decorated": 1,
	"equipped": 1,
	"troublesome": 2,
	"resourceful.": 2,
	"vibrant.": 12,
	"timeless.": 2,
	"oblate": 18,
	"global": 7,
	"wild": 15,
	"sequential": 1,

	"atmosphere": 9,

	"sturdy": 3,

	"eternal": 2,
	"rare.": 2,
	"gruesome": 1,
	"cruel": 1,
	"calm": 1,
	"chaotic.": 6,
	"finite": 25,
	"aged": 6,
	"rhythmic": 8,
	"ephemeral.": 1,
	"fretful": 1,
	"thriving": 28,
	"transformative.": 4,
	"surprising": 21,
	"enveloping": 2,
	"incredible.": 20,
	"interdependent": 18,
	"spectacular.": 1,
	"teeming.": 6,
	"nourishing": 4,
	"incessant.": 1,
	"merciless": 2,
	"forested": 13,
	"desert": 2,
	"aquatic.": 1,
	"imperfect": 8,
	"biosphere": 8,
	"hydrosphere": 1,
	"visible": 4,
	"finite.": 15,
	"adaptable": 11,
	"adaptive": 5,
	"azure": 6,
	"orbicular": 18,
	"continental": 3,
	"volcanic": 26,
	"organic.": 1,
	"inhospitable.": 1,
	"irregular": 6,
	"primordial": 5,
	"symbiotic": 3,
	"poignant": 2,
	"deep": 2,
	"breathing.": 3,
	"overpopulated": 2,
	"atmosphere-based": 1,
	"captivating.": 30,
	"impermanent": 4,
	"mostly": 9,
	"water": 13,
	"sun": 1,
	"disparate": 1,
	"variably": 1,
	"landscaped": 1,
	"mystical": 24,
	"life-giving.": 27,
	"life-abundant": 3,
	"rotund": 11,
	"sized": 2,
	"life-permitting": 1,
	"tepid": 1,
	"oxygenated": 8,
	"mountainous.": 1,
	"ecologically": 5,
	"serenely": 1,
	"incredibly": 4,
	"antiquated": 3,
	"controversial": 1,
	"concise": 5,
	"lighter": 2,
	"darker": 1,
	"hospitable.": 4,
	"described": 5,
	"in": 24,
	"10": 28,
	"girl": 1,
	"seems": 2,
	"lost": 1,
	"so": 1,
	"an": 5,
	"at": 3,
	"intriguing.": 11,
	"violent": 7,
	"fruitful": 4,
	"positive": 1,
	"twirling": 2,
	"monstrous": 1,
	"astonishing.": 10,
	"continuous": 3,
	"celestial.": 6,
	"substantial": 7,
	"sentient": 17,
	"abundant": 15,
	"naturally": 3,
	"balanced.": 3,
	"susceptible": 1,
	"savage": 2,
	"solar": 1,
	"strategic": 1,
	"air": 2,
	"land": 3,
	"cold": 8,
	"inspirational": 3,
	"scarred": 3,
	"rare": 6,
	"70%-water": 1,
	"round.": 5,
	"constantly": 8,
	"stunning": 7,
	"life-rich.": 3,
	"integrated": 1,
	"multicultural": 3,
	"purposeful": 1,
	"resplendent.": 25,
	"ever-evolving": 3,
	"sophisticated": 1,
	"ageless.": 3,
	"lonely": 1,
	"enduring": 12,
	"resourceful": 19,
	"shifting": 7,
	"free": 2,
	"unaware.": 1,
	"tactile": 1,
	"inconstant": 4,
	"quirky": 11,
	"spectacular": 5,
	"tempestuous": 9,
	"self-regulating": 2,
	"fragrant.": 1,
	"awe-inspiring.": 43,
	"archaic": 2,
	"developing.": 1,
	"encircled": 2,
	"magnetized": 3,
	"habitable.": 6,
	"attempt:": 1,
	"enchanted": 6,
	"enchanting": 15,
	"fertile.": 1,
	"consequential": 2,
	"multicolored": 4,
	"restless": 9,
	"sapphire": 3,
	"damp": 1,
	"bountiful": 36,
	"contradictory.": 1,
	"turbulent.": 5,
	"necessary.": 1,
	"inhabitable": 6,
	"dramatic": 4,
	"exceptional.": 2,
	"bright": 5,
	"generous": 2,
	"amazing": 2,
	"sphere": 13,
	"vivid": 6,
	"priceless": 1,
	"illuminated": 12,
	"blue-green": 12,
	"shimmering": 4,
	"radiant": 23,
	"spiniterctic": 1,
	"pulsating": 7,
	"irreplaceable": 7,
	"polar": 2,
	"encapsulating.": 1,
	"sculptured": 1,
	"inclusive": 6,
	"embodying": 1,
	"life": 15,
	"groaning": 2,
	"splendid.": 2,
	"atmospheric.": 8,
	"mineral": 4,
	"airless": 2,
	"radial": 2,
	"life-bearing.": 2,
	"poetic": 4,
	"unforgiving": 5,
	"eclectic.": 1,
	"golden": 1,

	"industrious": 1,
	"hurricane-prone": 1,
	"curved": 7,
	"full": 8,
	"still": 3,
	"unexplored.": 1,
	"grey": 5,
	"stimulating": 1,
	"cyclical": 8,
	"sublime.": 7,
	"segmented": 2,
	"benevolent": 1,
	"brilliant": 1,
	"life-bearing": 21,
	"versatile": 7,
	"orbs": 1,
	"durable": 4,
	"inhabited.": 7,
	"tarnished": 1,
	"inhibited": 1,
	"harsh": 13,
	"unforgible": 1,
	"magical": 2,
	"consequential.": 2,
	"hazardous": 7,
	"structured.": 1,
	"life-filled.": 9,
	"fertiltile": 1,
	"fecund": 2,
	"multifaceted.": 4,
	"hydrological": 4,
	"surface.": 1,
	"huge": 14,
	"hmm": 1,
	"not": 1,
	"sure": 1,
	"i": 6,
	"can": 2,
	"convey": 1,
	"complexity": 2,
	"only": 4,
	"but": 3,
	"complicated": 5,
	"heartbreaking": 1,
	"amazing.": 2,

	"treacherous": 5,
	"spheroid": 12,

	"unparalleled.": 2,
	"opaque": 1,
	"transformative": 18,
	"luminous.": 7,
	"storied": 11,
	"water-bound": 1,
	"temperature-variable": 1,
	"orb-like": 1,
	"eccentric": 12,
	"omnipresent": 5,
	"millennia-old": 1,
	"multi-layered": 1,
	"interactive": 7,
	"venerable": 9,
	"vitalizing": 2,
	"vulnerable.": 3,
	"pillowed": 1,
	"marbled": 3,
	"glimmering": 1,
	"aglow": 1,
	"swirling": 9,
	"pulsing": 1,
	"diverse.": 21,
	"globe": 1,
	"majestically": 1,
	"star-studded": 1,
	"cosmos.": 2,
	"vulnerable": 16,
	"watered": 11,

	"thriving.": 2,
	"extravagant": 2,
	"intoxicating": 1,
	"perceptive": 1,
	"anarchic": 1,
	"enormous": 9,
	"onclick": 1,
	"home.": 3,
	"destructive": 3,
	"ageless": 16,
	"exquisite": 7,
	"indispensable": 5,
	"frenetic": 1,
	"fractal": 3,
	"evolutionary": 5,
	"incremental": 1,
	"pivotal.": 1,
	"storied.": 3,
	"irridescent": 6,
	"cultivating": 1,
	"bountiful.": 5,
	"energetic": 4,
	"biospheric": 4,
	"primal": 3,
	"heavenly.": 2,
	"unexpected": 1,
	"relentless.": 3,
	"planet.": 4,
	"illuminating": 1,
	"capacious": 1,
	"eightieth": 1,
	"restored": 1,
	"endangering": 1,
	"reminiscent": 1,
	"calamitous": 2,
	"naive.": 1,
	"peaceful": 5,
	"multi-faceted": 1,
	"oscillating": 2,
	"water-based": 1,
	"magnetic": 16,
	"interdependent.": 4,
	"supportive": 3,
	"rejuvenating": 1,
	"resonant": 2,
	"extensive": 7,
	"timeless": 5,
	"wonderous": 5,
	"life-infused.": 1,
	"variegated": 7,
	"air-surrounded": 3,
	"temperature-variant": 1,
	"scenic.": 1,
	"life-supporting.": 8,
	"steadfast": 2,
	"changes": 1,
	"seasons": 1,
	"supports": 1,
	"extreme": 1,
	"weather": 3,
	"conditions": 2,
	"temperatures": 1,
	"temperature-fluctuating": 1,
	"atmospherically-protected": 1,
	"crucial.": 2,
	"glistening": 1,
	"descriptive": 2,
	"for": 5,
	"separated": 17,
	"by": 17,
	"comma:": 6,
	"elegant.": 1,

	"limited": 2,
	"airborne": 1,
	"liquid": 22,
	"created": 1,
	"flowing": 2,
	"warming": 2,
	"miraculous.": 1,
	"informational": 2,
	"productive": 3,
	"pulmonary": 1,
	"hidden": 1,
	"potential": 1,
	"wrinkled": 4,
	"alluring": 2,
	"material": 1,
	"rustic": 2,
	"graceful": 7,
	"vivacious": 10,
	"bustling": 4,
	"unfathomable.": 1,
	"relentless": 7,
	"sporting": 1,
	"oxygen-rich": 2,
	"biome-filled.": 1,
	"air-filled": 1,
	"varied.": 4,
	"topographically": 1,
	"verdant.": 4,
	"gracefully": 1,
	"aging": 2,
	"malleable.": 1,
	"emerald": 1,
	"turquoise": 1,
	"twisting": 1,
	"eccentric.": 2,
	"format:": 1,
	"cosmic": 7,
	"jeweled": 1,
	"note:": 6,
	"aims": 2,
	"concisely": 1,
	"capture": 5,
	"key": 6,
	"aspects": 6,
	"nature": 2,
	"structure": 1,
	"appearance.": 1,
	"\"dynamic\"": 1,
	"\"turbulent\"": 1,
	"suggest": 1,
	"processes": 1,
	"\"spherical\"": 1,
	"shape": 3,
	"\"diverse": 1,
	"ishing": 1,
	"mountains": 6,
	"deserts": 4,
	"adjudicious": 1,
	"small": 3,
	"explosive": 3,
	"countless": 1,
	"sandy": 2,
	"windy": 3,
	"mesmerizing.": 9,
	"filled": 4,
	"functional": 4,
	"tantalizing.": 1,
	"wonderful": 7,
	"secretive": 9,
	"envisioned.": 1,
	"ecosystems.": 2,
	"enticing": 1,
	"wonderful.": 6,
	"perilous": 5,
	"precarious": 9,
	"austere": 1,
	"demeanor": 1,
	"necessary": 3,
	"stairs": 1,
	"elderly": 1,
	"ever-evolving.": 1,
	"life-enriched": 1,
	"astounding.": 6,
	"elusive": 1,
	"life-living": 2,
	"world.": 1,
	"fickle": 1,
	"remarkable.": 9,
	"mutable": 4,
	"terrible": 1,
	"singular.": 3,
	"starry": 1,
	"relatively": 2,
	"frozen": 2,
	"incomprehensible.": 7,
	"vision-scraping": 1,
	"vintage": 1,
	"using": 10,
	"commas:": 9,
	"illuminated.": 1,
	"getter": 1,
	"breathing": 16,
	"orb": 4,
	"constant": 3,
	"biospheric.": 1,
	"mystical.": 3,
	"elite": 1,
	"bold": 1,
	"earthly": 5,
	"indigenous": 1,
	"cultivated.": 1,
	"serene.": 4,
	"vieux": 1,
	"unpredictable.": 3,
	"rainy": 1,
	"oceans.": 3,
	"pluralistic": 1,

	"water-dominated": 3,
	"mystifying": 2,
	"biodiversity": 1,
	"water-abundant": 1,
	"atmospherically": 5,
	"shielded": 5,
	"astronomically": 1,
	"word": 4,
	"would": 2,
	"you": 3,
	"like": 4,
	"adjust": 1,
	"any": 1,
	"way?": 1,
	"feel": 1,
	"give": 2,
	"me": 3,
	"different": 2,
	"directions": 1,
	"if": 2,
	"you'd": 2,
	"another": 1,
	"attempt.": 1,
	"alive.": 16,
	"terrifying": 5,
	"historic": 2,
	"artistic.": 1,
	"collaborative": 2,
	"celestial": 9,
	"revolving": 5,
	"breath-taking.": 1,
	"marvellous": 2,
	"indomitable": 2,
	"breathable.": 3,
	"sunlit": 1,
	"life-ridden": 2,
	"uncommon": 1,
	"engineered": 2,
	"gray": 2,
	"ambitious": 1,
	"overwhelming": 2,
	"is:": 3,
	"elemental.": 2,
	"stable": 3,
	"inevitable": 1,
	"misunderstood": 1,
	"spherical.": 5,
	"visionary": 1,
	"valiant": 1,
	"vertical": 1,
	"vocal": 1,
	"tech-savvy": 1,
	"artistic": 1,
	"peopled": 3,
	"ecosystemic": 1,
	"biodiverse.": 2,
	"aptly-sized": 1,
	"water-laden": 5,
	"tectonically-dynamic": 1,
	"still.": 1,
	"iron": 2,
	"silicate": 2,
	"garden": 2,
	"arbitrary": 1,
	"lively.": 1,
	"hurling": 1,
	"ensistent": 1,
	"mystifying.": 3,
	"flooded": 1,
	"charming": 1,
	"responsive": 4,
	"tectonic": 1,
	"dusty": 5,
	"desolate": 4,
	"percussive": 1,
	"spheroid.": 1,
	"enchanting.": 6,
	"seafaring": 1,
	"terrainous": 1,
	"old.": 2,
	"fast-flowing": 1,
	"steep": 1,
	"cyclonic": 1,
	"wistful.": 1,
	"sculpted": 3,
	"captures": 2,
	"qualities": 1,
	"including": 1,
	"visual": 3,
	"appearance": 1,
	"size": 2,
	"age": 1,
	"variety": 2,
	"rotational": 7,
	"motion": 1,
	"equilibrium": 1,
	"geologic": 2,
	"activity": 1,
	"aesthetic": 1,
	"appeal.": 1,
	"communal": 2,
	"wonderous.": 2,
	"reflective": 2,
	"sensitive": 2,
	"formidable": 1,
	"temporal": 2,
	"divergent": 1,
	"widely": 1,
	"demanding": 2,
	"indispensable.": 6,
	"turnbullian": 1,
	"compelling.": 1,
	"symmetrical": 1,
	"liveable": 2,
	"revolvable": 1,
	"weathering": 1,
	"[#censored].": 1,
	"irrational": 1,
	"vastle": 1,
	"oxidized": 1,
	"microsoft": 1,
	"exploratory": 1,
	"tireless": 1,
	"monumental.": 1,
	"connected": 1,
	":returning": 1,
	"fast-changing": 1,
	"terraneous": 1,
	"enveloped": 1,
	"spherically-shaped": 1,
	"toxic": 1,
	"cacophonous": 1,
	"biodiverse": 9,
	"hydric": 1,
	"air-laced": 1,
	"warmed": 1,
	"colored": 1,
	"angular": 2,
	"atmosphere-wrapped": 1,
	"predominantly": 3,
	"hydrospheric": 8,
	"oxygenically": 1,
	"magnetically": 3,
	"protected": 2,
	"life-dense": 1,
	"cosmologically": 1,
	"insignificant.": 1,
	"wonders.": 2,
	"intelligent": 2,
	"protective": 1,
	"vesry": 1,
	"ornate": 1,
	"uniquely": 3,
	"homeostatic": 1,
	"geochemically": 1,
	"guaquaous": 1,
	"endlessly": 2,
	"experiential.": 1,
	"terraqueous": 3,
	"life-fostering.": 1,
	"_pixelated": 1,
	"_giant": 1,
	"twinkling": 1,
	"biology-rich": 1,
	"largely": 2,
	"unexplored": 4,
	"primarily": 2,
	"photogenic.": 2,
	"voluminous": 4,
	"tribal": 1,
	"lugubrious": 1,
	"rock-strewn": 1,
	"jammed": 1,
	"thunderous": 1,
	"cosmically": 1,
	"inconsequential": 1,
	"historically": 1,
	"challenging.": 1,
	"singular": 3,
	"helpless": 1,
	"complicated.": 1,
	"vigorous.": 1,
	"meaningful": 1,
	"biotic": 2,
	"sustainable": 3,
	"substantive": 1,
	"terrific": 1,
	"linked": 1,
	"generative": 1,
	"tremendous": 1,
	"isolated": 2,
	"potent": 1,
	"ironic": 1,
	"colourful": 3,
	"growing": 2,
	"life-laden": 3,
	"indifferent.": 2,
	"ranged": 1,
	"insulated": 2,
	"renewable.": 1,
	"supportive.": 1,
	"evocative.": 1,
	"veined": 1,
	"jutting": 1,
	"sweeping": 1,
	"molten": 9,
	"sothermal": 1,
	"spacious": 12,
	"fluxional": 1,
	"enthralling.": 1,
	"ethereal": 4,
	"symbolic": 1,
	"treasured.": 3,
	"water-clogged": 1,
	"bluetoned": 1,
	"significant.": 3,
	"blossoming": 1,
	"disastrous": 1,
	"pliable": 1,
	"comprehensive": 1,
	"specific": 2,
	"terrains": 1,
	"alien": 3,
	"symmetric": 1,
	"fragil": 2,
	"calling": 1,
	"fairly": 1,
	"somewhat": 1,
	"predictable": 1,
	"utterly": 2,
	"heterogeneous": 8,
	"among": 1,
	"receptive": 1,
	"unsuspecting.": 1,
	"moderate": 1,
	"pivotal": 3,
	"coherent": 1,
	"everchanging": 3,
	"age-old": 2,
	"recycling.": 1,
	"encapsulating": 1,
	"invaluable.": 2,
	"populated.": 1,
	"illusive": 1,
	"unsettling": 1,
	"fervent": 1,
	"cataclysmic": 1,
	"tenacious": 3,
	"oppressive": 1,
	"inexorable": 1,
	"questable": 1,
	"fraught.": 1,
	"storm-prone": 1,
	"coarsely": 1,
	"molted": 1,
	"gaseous.": 2,
	"moving": 4,
	"lithospheric": 2,
	"clairvoyant": 1,
	"ellipsoidal": 2,
	"turberous": 1,
	"expansional.": 1,
	"immensely": 1,
	"delicately": 1,
	"perpetually": 1,
	"grand.": 3,
	"balance": 2,
	"cycling": 1,
	"cherished.": 1,
	"equitable": 1,
	"forgiving": 3,
	"unnatural.": 1,
	"murky": 1,
	"latitudinal": 1,
	"water.": 1,
	"delicate.": 2,
	"viable": 2,
	"distinct": 1,
	"unforgettable.": 2,
	"altruistic": 2,
	"forbidding": 3,
	"vapid": 1,
	"frigid": 4,
	"scorching": 2,
	"spun": 1,

	"terracotta": 1,
	"grand": 7,
	"interlinked": 1,
	"transformational.": 1,
	"perplexing": 2,
	"energized": 1,
	"inscrutable": 4,
	"multilayered.": 1,
	"spacebound": 1,
	"atmosphere-shielded": 1,
	"muddled": 1,
	"seldom": 1,
	"noticed": 1,
	"often": 2,
	"unappreciated": 1,
	"transformations": 1,
	"dimensions": 1,
	"your": 4,
	"request:": 1,
	"modification": 1,
	"plain.": 1,
	"landmasses": 2,
	"valleys": 1,



	"below": 1,
	"distributed": 1,
	"responsive.": 2,
	"youthful": 4,
	"radiant.": 1,
	"errorhandlerold": 1,
	"microbial": 1,
	"dark": 3,
	"tilted.": 1,
	"recommutable": 1,
	"thick": 2,
	"scarce": 1,
	"fierce": 1,
	"exuberant": 2,
	"persistent": 1,
	"sacred.": 1,
	"perplexing.": 1,
	"temperamental.": 2,
	"aquamarine": 1,
	"marvelous.": 1,
	"remember": 1,
	"glimpse": 1,
	"into": 1,
	"complexities": 1,
	"constrained": 1,
	"format.": 1,
	"much": 1,
	"more": 1,
	"than": 1,
	"words": 6,
	"convey.": 1,
	"engulfing": 2,
	"-": 9,
	"sky": 1,
	"cultures": 1,
	"ecosystems": 6,
	"societies": 1,
	"that": 6,
	"most": 2,
	"it": 8,
	"spin": 2,
	"concentric": 1,
	"geological.": 1,
	"both": 1,
	"competitive.": 1,
	"changes.": 1,
	"plains": 1,
	"creatures.": 1,
	"sustainable.": 1,
	"floral": 1,
	"'nun-low": 1,
	"sweep": 1,
	"bead": 1,
	"particular": 1,
	"foc": 1,
	"acid": 1,
	"peat": 1,
	"c-reactive": 1,
	"seep": 1,
	"badly": 1,
	"hungry": 1,
	"cranium'": 1,
	"spirited": 3,
	"uncharted": 1,
	"harmful": 1,
	"sparse": 1,
	"worlds": 1,
	"yellow": 1,
	"broad": 1,
	"tall": 1,
	"vive": 1,
	"elementally": 1,
	"seemingly": 1,
	"engaging": 2,
	"elegant": 1,
	"bounded": 1,
	"jiggly": 1,
	"hot": 4,
	"precarious.": 1,
	"effective.": 1,
	"infinite.": 1,
	"ordered": 1,
	"cyprus-fortunate.": 1,
	"humongous": 1,
	"simple": 1,
	"coruscating.": 1,
	"grandiose": 1,
	"exiguere.": 1,
	"inhospitable": 4,
	"vaporous": 1,
	"veiled": 2,
	"vociferous": 1,
	"bio-diverse": 2,
	"meteor-impacted": 1,
	"(mostly)": 1,
	"various": 3,
	"predominant": 1,
	"flourishing": 1,
	"unparalleled": 2,
	"unknowable": 1,
	"(next": 1,
	"time": 1,
	"let": 1,
	"know": 1,
	"explain": 1,
	"choice": 1,
	"behind": 1,
	"adjective!)": 1,
	"fearsome": 1,
	"beautiful...": 1,
	"vibrate": 1,
	"human-dominated": 1,
	"rounds": 1,
	"uneven": 2,
	"rotation": 1,
	"amidst": 1,
	"challenges": 1,
	"breathtakingly": 1,
	"surprises": 1,
	"underground": 1,
	"bald": 1,
	"icecaps": 1,
	"resilience": 2,
	"wonder.": 1,
	"impressive": 2,
	"bioactive": 1,
	"imposing": 3,
	"unbelievably": 1,
	"exotic": 2,
	"passionate": 2,
	"home": 4,
	"ternary": 1,
	"self-sustaining": 3,
	"oxygen-filled": 1,
	"rhythmic.": 1,
	"air-breathing": 1,
	"philosophers": 1,
	"new": 2,
	"grotesque": 2,
	"militaristic.": 1,
	"whaler": 1,
	"dwelling": 1,
	"infuriating": 1,
	"incomprehensible": 1,
	"boundless": 1,
	"lustrous": 1,
	"air-enveloped": 1,
	"reverberant.": 1,
	"sphere.": 1,
	"cosmic.": 1,
	"wondered": 1,
	"possible": 1,
	"adjectives?": 1,
	"i'll": 1,
	"shot:": 1,
	"toasty": 1,
	"involved": 1,
	"calming": 1,
	"exhilarating": 1,
	"renowned": 1,
	"temperate.": 1,
	"primitive": 1,
	"pulsating.": 1,
	"intriguoing": 1,
	"universal": 1,
	"third-sun": 1,
	"diversified": 2,
	"multilayered": 1,
	"kaleidoscopic": 2,
	"radiantly": 1,
	"lit": 1,
	"(please": 1,
	"note": 1,
	"i've": 4,
	"added": 1,
	"extra": 1,
	"request": 2,
	"don't": 1,
	"think": 1,
	"could": 2,
	"adequately": 2,
	"we": 1,
	"call": 1,
	"home.)": 1,
	"host.": 1,
	"fragmented.": 1,
	"terrain": 2,
	"circular": 2,
	"history": 1,
	"change": 1,
	"boiling": 1,
	"thin": 1,
	"cylindrical": 1,

	"gigantic.": 1,
	"hmm...": 1,
	"consciousness-bearing": 1,
	"viewed.": 1,
	"lifebearing": 4,
	"life-supportive": 1,
	"puny.": 1,
	"tragic.": 1,
	"explorable": 1,
	"anecdotal": 1,
	"hopeful.": 1,
	"uniue.": 1,
	"colorfull": 1,
	"water-coated": 1,
	"tempestuous.": 1,
	"approximately": 1,
	"convoluted": 1,
	"vivid.": 1,
	"myriad": 2,
	"mothership.": 1,
	"time-worn": 1,
	"profound.": 3,
	"tempering": 1,
	"tempered": 1,
	"swift": 1,
	"covered": 3,
	"navigable": 1,
	"transforming.": 1,
	"spiritual": 1,
	"conditioned": 1,
	"composing": 1,
	"transparent": 1,
	"marred": 3,
	"craggy": 1,
	"vr-compatible": 1,
	"discerning": 1,
	"geometric": 1,
	"grueling": 1,
	"renewing": 1,
	"heavy": 1,
	"luminescent.": 1,
	"adaptable.": 1,
	"7aspers": 1,
	"ceaseless": 1,
	"descriptions": 1,
	"or": 1,
	"fewer:": 1,
	"land-marked": 1,
	"atmosphere-enveloped": 2,
	"weathered.": 1,
	"highlighted": 1,
	"richness": 1,
	"grandeur": 1,
	"while": 2,
	"underscoring": 1,
	"unknown": 1,
	"undeveloped": 1,
	"all": 1,
	"within": 1,
	"given": 2,
	"count.": 1,
	"something": 1,
	"wrong": 1,
	"request.": 2,
	"asked": 1,
	"ended": 1,
	"\"each": 2,
	"comma": 1,
	"\"?": 1,
	"contradictory": 3,
	"\"only": 1,
	"adjectives\"": 1,
	"implies": 2,
	"without": 2,
	"further": 1,
	"instructions": 1,
	"whereas": 1,
	"comma\"": 1,
	"additional": 1,
	"requirement": 1,
	"did": 1,
	"miss": 1,
	"question?": 1,
	"fluffy": 1,
	"far": 1,
	"beauty": 1,
	"marvelous": 3,
	"exceptional": 1,
	"evolved": 1,
	"spinning.": 1,
	"humbling": 2,
	"battered": 1,
	"textutilsbstimely": 1,
	"terranean": 1,
	"continents": 2,
	"aqueous.": 1,
	"interdisciplinary": 1,
	"cycle-driven": 1,
	"exquisite.": 2,
	"equatorial": 1,
	"teaming": 1,
	"tantalizing": 1,
	"colossal.": 1,
	"advanced.": 1,
	"respellent": 1,
	"melancholic": 1,
	"wholesome": 1,
	"inviting": 2,
	"immersive": 4,
	"pulsing.": 2,
	"frigid.": 1,

	"energy-laden": 1,
	"lifeless": 1,
	"raw.": 1,
	"iced": 1,
	"stony.": 1,
	"irreplacable.": 1,
	"ever": 1,
	"body": 1,
	"healer": 1,
	"giving": 1,
	"satellite": 1,
	"volcano": 1,
	"lands": 1,
	"quantifiable": 1,
	"spinable": 1,
	"oasis": 1,
	"single": 2,
	"luxuriant": 1,
	"ubiquitous": 1,
	"misty": 1,
	"sentient.": 1,
	"slow-moving": 1,
	"refined": 2,
	"enthralling": 1,
	"abounding": 1,
	"bio-rich": 1,
	"quintessential.": 1,
	"compared": 1,
	"other": 1,
	"planets": 1,
	"large.": 1,
	"it's": 1,
	"competition.": 1,
	"swampy": 1,
	"metropolitan": 1,
	"tried": 1,
	"features": 1,
	"words.": 1,
	"terraformed": 2,
	"bio-organic": 2,
	"baptizable": 2,
	"cognitive-bias-ridden": 1,
	"strife-pocked": 1,
	"war-torn": 1,
	"religious": 1,
	"classification-addled": 1,
	"data-defined": 1,
	"confusion-s.\"": 1,
	"provide": 1,
	"limitations": 1,
	"no": 1,
	"explanation:": 1,
	"4.": 1,
	"cognitive-bias-r": 1,
	"puzzling": 1,
	"foundation": 1,
	"resources": 1,
	"suspended": 1,
	"tenerous": 1,
	"lofty": 1,
	"ospheric": 1,
	"lucent": 1,
	"spontaneous": 1,
	"slowly": 1,
	"awesome": 1,
	"majestic.changing.seasonal": 1,
	"tenacious.": 1,
	"maritime": 1,
	"flourishing.": 1,
	"vaste": 2,
	"missiles-inhabitable": 1,
	"terra": 1,
	"air-breathed": 1,
	"life-teeming": 1,
	"radius": 1,
	"acrobatic": 1,
	"iates.": 1,
	"irregularly-shaped": 1,
	"citified": 1,
	"industrialized": 1,
	"life-stocked": 1,
	"purposeful.": 1,
	"landmass-filled": 1,
	"meteorologically": 1,
	"prehistoric.": 1,
	"ten-word": 1,
	"choose:": 1,
	"unfinished": 1,
	"vastness.": 1,

	"biological": 1,
	"dangerous.": 1,
	"alternate": 1,
	"transformational": 1,
	"habitats": 1,
	"everchanging.": 1,
	"valuable.": 1,
	"diurnal": 1,
	"nocturnal": 1,
	"occupied": 1,
	"water-filled": 1,
	"messy": 1,
	"body.": 1,
	"ecology-dominated": 1,
	"corrosive": 1,
	"surface": 2,
	"teal": 1,
	"replicable": 1,
	"unusual.": 1,
	"efficient": 1,
	"spatial": 1,
	"curious": 1,
	"wendung": 1,
	"rugged.": 1,
	"lifegiving": 1,
	"barricaded": 1,
	"oble": 1,
	"juxtaposed": 1,
	"critical": 1,
	"fluctuating": 2,
	"fathomless": 1,
	"mossy": 1,
	"saline": 2,
	"artful": 1,
	"epochal": 1,
	"torrid": 1,
	"tranquil.": 2,
	"intricately": 2,
	"partially": 2,
	"minimally": 1,
	"flattened": 1,
	"roughly": 1,
	"batholith": 1,
	"sparsely": 1,
	"important": 1,
	"awesome.": 2,
	"jewel": 1,
	"withobject": 1,
	"cosmological": 1,
	"biosphere.": 1,
	"graceful.": 2,
	"evocative": 1,
	"veraious": 1,
	"multiform": 1,
	"qauirky": 1,
	"harmonious.": 1,
	"contrasting": 2,
	"blissful.": 1,

	"versatile.": 1,
	"iron-rusted": 1,
	"indifferent": 2,
	"litigious": 1,
	"lush.": 1,
	"physical": 2,
	"diversity": 1,
	"importance": 1,
	"also": 1,
	"hinting": 1,
	"human": 1,
	"impact.": 1,
	"one": 2,
	"highlighting": 1,
	"aspect": 1,
	"attempts": 1,
	"facet": 1,
	"from": 2,
	"wealth": 1,
	"patterns": 1,
	"alien.": 1,
	"hooded": 1,
	"rotate": 3,
	"revolve": 1,
	"unfamiliar": 1,
	"open": 1,
	"open.": 1,
	"orbiting.": 1,
	"integral": 1,
	"irrigated": 1,
	"transcendent": 1,
	"relational": 1,
	"combustible": 2,

	"arcane": 1,

	"blues": 1,
	"tangible.": 1,
	"physically": 1,
	"jovial": 1,
	"billions-of-years-old.": 1,
	"ecologically-balanced": 1,
	"water-saturated": 1,
	"transcendent.": 1,
	"terran": 1,
	"mid-sized": 1,
	"biodiversity-rich": 1,
	"virthous": 1,
	"gargantuan": 1,
	"descriptors": 1,
	"traversable": 1,
	"disequilibrated": 1,
	"ircled": 1,
	"precise": 1,
	"immutable": 1,
	"transient": 1,
	"dotted": 1,
	"alienated": 1,
	"scientific": 2,
	"damaged": 2,
	"explored": 2,
	"understood": 1,
	"capable": 2,
	"icode": 1,
	"terrace": 1,
	"water-covered.": 1,
	"ceaselessly": 1,
	"drifting.": 1,
	"bluish": 1,

	"backwater": 1,
	"altitudinous": 1,
	"constraints": 1,
	"aim": 1,
	"encapsulate": 1,
	"reflects": 1,
	"because": 1,
	"numerous": 1,
	"flora": 1,
	"fauna": 1,
	"containing": 1,
	"life.": 1,
	"sentinel": 1,
	"crowded": 1,
	"revealed": 1,
	"concealed": 1,
	"echoing": 1,
	"probabilistic": 1,
	"anthropogenic": 1,
	"ephemeral": 2,
	"solitary.": 1,
	"field": 1,
	"forest": 1,
	"mountain": 1,
	"ocean": 1,
	"wilderness-covered": 1,
	"absorptive": 1,
	"mythology-rich": 1,
	"ancestral.": 1,
	"stream": 1,
	"surreal": 1,
	"layered.": 1,
	"photogenic": 1,
	"wildlife-rich": 1,
	"maltascopic.": 1,
	"rectangular": 1,
	"stationary": 1,
	"bipolar": 1,
	"subject": 1,
	"disaster": 1,
	"almost": 1,
	"perfectly": 1,
	"rich.": 1,
	"rotationally-stable": 1,
	"nodular": 1,
	"terraverde": 1,
	"commas": 1,
	"inclusive.": 1,
	"water-sea": 1,
	"land-biome": 1,
	"atmosphere-circulating": 1,
	"moon-orbiting": 1,
	"lonely.": 1,
	"fast": 1,
	"staggeringly": 1,
	"infinite": 2,
	"fragmented": 1,
	"impermanent.": 1,
	"usermanager": 1,

	"mammoth": 1,
	"misunderstood.": 1,
	"respiratory": 2,
	"wind-swept": 1,
	"mostly-blue": 1,
	"moderately-warm": 1,
	"peopled-densely-in-some-areas": 1,
	"relatively-peaceful": 1,
	"see": 1,
	"below:": 1,
	"[removed]": 1,
	"young": 1,
	"pregnant": 1,
	"metallic": 1,
	"bigger.": 1,
	"*beautiful*": 1,
	"structured": 1,
	"adaptive.": 2,

	"orbit": 1,
	"aerated": 1,
	"paralleled": 1,
	"life-loving": 1,
	"patient": 1,
	"troughs": 1,
	"rivers": 1,
	"resistent": 1,
	"brittle": 1,
	"pale": 1,
	"baron": 1,
	"ancestral": 1,
	"cavernous": 1,
	"wild.": 1,
	"cathartic": 1,
	"water-drenched": 1,
	"capricious": 1,
	"carbon-based": 1,
	"involving": 1,
	"heated": 1,
	"arctic": 2,
	"textured.": 1,
	"ladle": 1,
	"shaped": 1,
	"kinetic": 1,
	"ifluential": 1,
	"revitalizing": 1,
	"fluidic": 2,
	"sentence:": 1,
	"dry": 3,
	"spheric": 1,
	"whipped": 1,
	"esimal": 1,
	"eternal.": 1,
	"habited": 1,
	"thrilling.": 1,
	"*": 1,
	"juxtaposition": 1,
	"shared": 1,
	"racey": 1,
	"busy": 1,
	"noxious": 1,
	"such": 1,
	"cartographic": 1,
	"multidimensional": 1,
	"chemically": 1,
	"becoming": 1,
	"warmer": 1,
	"geography": 1,
	"under-studied.": 1,
	"paradoxical.": 1,
	"mind-boggling": 1,
	"clement": 1,
	"marine": 1,
	"fragilistic.": 1,
	"quivering": 1,
	"serpentine": 1,
	"cerulean": 1,
	"checkered": 1,
	"sensorial": 1,
	"air-circulated": 1,
	"sun-illuminated": 1,
	"moon-influenced": 1,
	"geologically-variant": 1,
	"atmospherically-layered.": 1,
	"net-positive": 1,
	"fractured": 1,
	"perspective.": 1,
	"orbits": 1,
	"floating.": 1,
	"plagued": 1,
	"expanding": 1,
	"bathtub": 1,
	"ringed": 1,
	"mobile": 1,
	"torn": 1,
	"ruthless": 1,
	"mercurial": 1,
	"scalable": 1,
	"technically-not-round": 1,
	"level": 1,
	"mixed": 1,
	"temperature": 1,
	"troubled": 1,
	"tumultuous.": 1,
	"axially": 1,
	"unleavened": 1,
	"idiosyncratic.": 1,
	"weighty": 1,
	"organisms-inhabited": 1,
	"season-changing": 1,




	"xanh": 4,



	"gian": 1,



	"da": 1,



	"mean": 1,
	"portable": 1,
	"viscous": 1,
	"stewarded": 1,
	"changed": 1,
	"luminescent": 1,
	"haunting.": 1,
	"marauded": 1,
	"lived-in": 1,
	"adventurous.": 1,
	"shape-shifting": 1,
	"inspirational.": 1,
	"ideally": 1,
	"be": 1,
	"as:": 1,
	"nuanced": 1,
	"okay": 1,
	"apologize": 1,
	"made": 1,
	"mistake.": 1,
	"revised": 1,
	"version": 1,
	"fiery": 1,
	"cucurally": 1,
	"dominant": 1,
	"hot.": 1,
	"brink": 1,
	"creation.": 1,
	"drifting": 1,
	"homogeneous": 1,
	"translucent": 1,
	"special": 2,
	"muddy": 1,
	"sprawling.": 1,
	"superficial": 1,
	"elementtype": 1,
	"breathless": 1,
	"globular": 1,
	"concave": 1,
	"truly": 1,
	"broadly": 1,
	"robbie": 1,
	"oxygen": 1,
	"nitrogen": 1,
	"greater": 1,
	"species-rich": 1,
	"salty": 1,
	"athletic": 1,
	"cyclic.": 1,
	"ecosystems-dynamic": 1,
	"gamete": 1,
	"hallowed": 1,
	"hazy": 1,
	"water-scarce": 1,
	"atmospherical": 1,
	"cratonic": 1,
	"livable": 1,
	"textual": 1,
	"twisted": 1,
	"vastly": 1,
	"planar": 1,
	"explosive.": 1,
	"comma-separated": 1
}