{
	"beautiful": 3160,
	"dynamic": 3559,
	"vast": 2498,
	"diverse": 4016,
	"unique": 1992,
	"fragile": 3115,
	"complex": 1085,
	"massive": 1491,
	"spherical": 934,
	"terrestrial": 1215,
	"vibrant": 1893,
	"dramatic": 5,
	"resilient": 1195,
	"breathtaking": 1489,
	"blue": 1453,
	"green": 588,
	"rocky": 1125,
	"watery": 1483,
	"ancient": 583,
	"fascinating": 162,
	"atmospheric": 657,
	"aquatic": 229,
	"majestic": 567,
	"thriving": 38,
	"stunning": 241,
	"precious": 282,
	"intricate": 82,
	"wondrous": 819,
	"chaotic": 28,
	"alive": 7,
	"mountainous": 227,
	"amazing": 6,
	"round": 156,
	"magnificent": 110,
	"rugged": 262,
	"spinning": 104,
	"delicate": 35,
	"mysterious": 450,
	"changing": 27,
	"temperate": 336,
	"habitable": 74,
	"barren": 22,
	"icy": 33,
	"eclectic": 42,
	"gorgeous": 1,
	"awe-inspiring": 65,
	"mystical": 9,
	"abundant": 24,
	"captivating": 45,
	"serene": 72,
	"turbulent": 93,
	"varied": 61,
	"extraordinary": 5,
	"mesmerizing": 10,
	"lush": 122,
	"turquoise": 5,
	"epic": 1,
	"enormous": 32,
	"celestial": 61,
	"elliptical": 22,
	"fertile": 201,
	"crowded": 1,
	"astonishing": 15,
	"geological": 37,
	"gaseous": 156,
	"fragil": 1,
	"inspiring": 1,
	"ever-changing": 4,
	"volatile": 9,
	"arid": 2,
	"freezing": 1,
	"volcanic": 79,
	"inhabited": 15,
	"fragrant": 2,
	"ecological": 8,
	"natural": 6,
	"voluble": 1,
	"large": 102,
	"evolving": 42,
	"remarkable": 10,
	"wonderful": 15,
	"magnetic": 14,
	"dusty": 6,
	"lively": 30,
	"colorful": 18,
	"breathtaking.": 5,
	"resplendent": 12,
	"dense": 4,
	"balanced": 9,
	"mystifying": 3,
	"gigantic": 4,
	"incredible": 38,
	"#endregion": 1,
	"oval": 3,
	"habitats": 3,
	"tropical": 8,
	"harsh": 3,
	"rotating": 134,
	"humid": 2,
	"unpredictable": 6,
	"hospitable": 26,
	"intriguing": 35,
	"strong": 1,
	"curved": 1,
	"stormy": 12,
	"navigable": 1,
	"earthy": 4,
	"wild": 4,
	"sprawling": 6,
	"scenic": 8,
	"hot": 3,
	"cold": 7,
	"spectacular": 9,
	"storied": 3,
	"expansive": 7,
	"enchanting": 6,
	"creating": 1,
	"earth": 4,
	"is": 4,
	"aqueous": 12,
	"heterogeneous": 3,
	"orbiting": 1,
	"resourceful": 1,
	"mineral": 2,
	"microbial": 1,
	"thermal": 1,
	"toxic": 3,
	"old": 12,
	"robust": 1,
	"interconnected": 1,
	"wet": 13,
	"oceanic": 4,
	"textured": 1,
	"surreal": 1,
	"colossal": 1,
	"living": 2,
	"warm": 8,
	"giant": 3,
	"climatic": 2,
	"ecosystemic": 1,
	"intense": 1,
	"quirky": 2,
	"huge": 13,
	"fluid": 1,
	"radiant": 4,
	"azure": 1,
	"immense": 17,
	"irregular": 3,
	"life-giving": 4,
	"interdisciplinary": 1,
	"windy": 1,
	"molten": 2,
	"ecologically": 1,
	"geologically": 2,
	"overwhelming": 1,
	"historic": 1,
	"challenging": 1,
	"spinable": 1,
	"valuable": 2,
	"exotic": 3,
	"impressive": 3,
	"multicultural": 2,
	"astounding": 1,
	"explosive": 1,
	"energized": 2,
	"water-covered": 16,
	"energetic": 2,
	"orbital": 4,
	"ecosystems": 4,
	"hazardous": 2,
	"frozen": 7,
	"_unique": 1,
	"breathtaking_": 1,
	"airy": 2,
	"hydrospheric": 1,
	"sublime": 1,
	"big": 6,
	"here": 1,
	"are": 1,
	"the": 1,
	"10": 1,
	"adjectives:": 1,
	"extensive": 2,
	"organic": 6,
	"circular": 4,
	"antique": 1,
	"terrestrial.": 1,
	"magna": 1,
	"entertaining": 1,
	"water-rich": 2,
	"celebrities": 1,
	"wacky": 1,
	"muddy": 5,
	"gripping": 1,
	"kompleks": 1,
	"protecting": 1,
	"blissful": 1,
	"verdant": 4,
	"rounded": 10,
	"adventurous": 1,
	"planetary": 2,
	"angular": 1,
	"terraqueous": 3,
	"glowing": 1,
	"cardiac": 1,
	"-blue": 1,
	"oxygenated": 1,
	"destructive": 1,
	"luminous": 7,
	"essential": 1,
	"populated": 10,
	"fragmented": 1,
	"harmonious": 3,
	"atmosphered": 3,
	"/blue": 2,
	"erratic": 2,
	"/atmospheric": 1,
	"compelling": 1,
	"rich": 1,
	"orbicular": 2,
	"precarious": 1,
	"fractured": 1,
	"vibrant.": 1,
	"finite": 1,
	"tilted": 1,
	"global": 2,
	"biological": 1,
	"water-filled": 1,
	"respiratory": 1,
	"magnitude": 1,
	"grand": 1,
	"expressive": 2,
	"swirling": 1,
	"wonderous": 2,
	"isolated": 1,
	"tumultuous": 1,
	"hostile": 2,
	"terracotta": 1,
	"refreshing": 1,
	"teeming": 1,
	"cyclical": 1,
	"liveable": 1,
	"revolving": 1,
	"earthly": 1,
	"tranquil": 3,
	"wondersome": 2,
	"atmosphere": 1,
	"temperamental": 2,
	"eerie": 1,
	"brown": 2,
	"layered": 1,
	"inhabitants": 1,
	"precious.": 1,
	"inhabitable": 1,
	"contrasting": 1,
	"billions": 1,
	"dimensional": 1,
	"populous": 1,
	"inhibited": 1,
	"patterned": 1,
	"_blue": 1,
	"beautiful_": 1,
	"planet": 1,
	"ondrous": 1,
	"imperfect": 1,
	"perilous": 1,
	"misty": 1,
	"majestic.": 1,
	"rotational": 1,
	"shimmering": 1,
	"cylindrical": 1,
	"breathable": 1,
	"fiery": 1,
	"harmonic": 1,
	"ioso": 1,
	"picturesque": 1,
	"towering": 1,
	"forested": 1,
	"privileged": 1,
	"moving": 1,
	"precise": 1,
	"organismic": 1
}