{
	"vast": 3229,
	"spherical": 618,
	"terrestrial": 1646,
	"diverse": 3886,
	"dynamic": 3424,
	"resilient": 1271,
	"ancient": 1835,
	"beautiful": 2382,
	"complex": 981,
	"fragile": 3157,
	"blue": 2301,
	"green": 910,
	"spinning": 595,
	"majestic": 1362,
	"rocky": 887,
	"watery": 1104,
	"temperate": 911,
	"breathtaking": 466,
	"massive": 592,
	"rotating": 311,
	"mountainous": 261,
	"majestic.": 84,
	"turbulent": 147,
	"mysterious": 582,
	"wondrous": 1185,
	"luminous": 13,
	"rugged": 314,
	"terrestrial.": 37,
	"atmospheric": 285,
	"vibrant": 2079,
	"wet": 7,
	"stormy": 53,
	"lush": 133,
	"varied": 170,
	"unique": 420,
	"aquatic": 85,
	"wondrous.": 50,
	"breathtaking.": 91,
	"intricate": 133,
	"celestial": 30,
	"remarkable": 15,
	"round": 174,
	"water-covered": 10,
	"lively": 7,
	"weathered": 38,
	"habitable": 105,
	"changing": 60,
	"fragile.": 82,
	"temperamental": 11,
	"precious.": 28,
	"serene": 37,
	"aqueous": 42,
	"magnetic": 9,
	"beautiful.": 55,
	"awe-inspiring": 108,
	"resilient.": 80,
	"here": 1737,
	"are": 732,
	"ten": 268,
	"adjectives": 906,
	"to": 642,
	"describe": 719,
	"the": 1902,
	"earth:": 613,
	"is": 1005,
	"a": 937,
	"description": 938,
	"of": 938,
	"earth": 1111,
	"in": 384,
	"10": 1468,
	"adjectives:": 831,
	"that": 77,
	"using": 621,
	"only": 537,
	"fascinating": 54,
	"separated": 290,
	"by": 290,
	"commas:": 244,
	"wonderful": 32,
	"eclectic": 8,
	"evolving": 32,
	"abundant": 5,
	"stunning": 32,
	"described": 67,
	"brown": 6,
	"cold": 3,
	"precious": 83,
	"scenic": 5,
	"each": 46,
	"comma:": 46,
	"magnificent": 50,
	"volatile": 2,
	"sprawling": 14,
	"inhabited": 12,
	"fertile": 160,
	"layered": 1,
	"gaseous": 108,
	"ancient.": 7,
	"intriguing": 7,
	"complex.": 7,
	"astonishing": 2,
	"humid": 6,
	"elliptical": 17,
	"ever-changing": 22,
	"unique.": 27,
	"verdant": 19,
	"tumultuous": 5,
	"blue.": 23,
	"orbiting": 18,
	"immense": 5,
	"teeming": 3,
	"mysterious.": 12,
	"i": 14,
	"chose": 11,
	"incredible.": 4,
	"geological": 2,
	"chaotic": 9,
	"fascinating.": 6,
	"warm": 8,
	"hospitable": 14,
	"volcanic": 13,
	"wonderful.": 4,
	"incredible": 16,
	"finite.": 2,
	"oceanic": 39,
	"alive": 4,
	"thriving.": 1,
	"vibrant.": 6,
	"living": 13,
	"curved": 8,
	"thriving": 5,
	"dusty": 1,
	"remarkable.": 7,
	"dynamic.": 11,
	"awe-inspiring.": 6,
	"i've": 8,
	"chosen": 8,
	"tropical": 5,
	"vast.": 1,
	"tilted": 9,
	"irregular": 3,
	"habitable.": 3,
	"resplendent": 6,
	"revolving": 1,
	"arid": 15,
	"diverse.": 5,
	"magnificent.": 3,
	"colorful": 5,
	"temperamental.": 1,
	"water-rich": 4,
	"came": 3,
	"up": 3,
	"with:": 3,
	"unpredictable": 3,
	"barren": 12,
	"forested": 4,
	"temperate.": 2,
	"captivating.": 2,
	"expansive": 1,
	"liquid": 5,
	"oval": 3,
	"hilly": 2,
	"imperfect": 2,
	"fragmented": 1,
	"orbited": 2,
	"inhabited.": 1,
	"celestial.": 1,
	"hostile": 2,
	"delicate": 3,
	"rounded": 2,
	"spinning.": 4,
	"bountiful": 1,
	"gigantic": 1,
	"harmonious": 1,
	"vital": 1,
	"geologically": 1,
	"active": 1,
	"large": 1,
	"salty": 1,
	"spherical.": 3,
	"watered": 2,
	"icy": 2,
	"alive.": 1,
	"intricate.": 3,
	"glowing": 1,
	"organic": 3,
	"amazing": 1,
	"old": 1,
	"teeming.": 1,
	"life-giving": 1,
	"worn": 1,
	"oxygenated": 1,
	"tranquil": 1,
	"orbicular": 1,
	"waterlogged": 1,
	"finite": 1,
	"verdant.": 1
}