{
	"beautiful": 3920,
	"vast": 2998,
	"diverse": 4023,
	"fragile": 3744,
	"dynamic": 3790,
	"complex": 1958,
	"stunning": 548,
	"unique": 2066,
	"majestic": 1139,
	"breathtaking": 1479,
	"resilient": 1274,
	"vibrant": 1585,
	"threatened": 1,
	"magnificent": 309,
	"blue": 696,
	"rocky": 992,
	"ancient": 643,
	"wondrous": 802,
	"massive": 1218,
	"precious": 218,
	"terrestrial": 843,
	"spherical": 775,
	"green": 346,
	"hospitable": 20,
	"watery": 1062,
	"captivating": 50,
	"serene": 67,
	"awe-inspiring": 62,
	"fertile": 111,
	"aquatic": 169,
	"atmospheric": 593,
	"mysterious": 482,
	"spinning": 111,
	"celestial": 35,
	"rugged": 241,
	"intriguing": 23,
	"temperate": 145,
	"aqueous": 20,
	"mystical": 6,
	"incredible": 42,
	"varied": 35,
	"spectacular": 8,
	"water-covered": 11,
	"astonishing": 29,
	"habitable": 19,
	"rotating": 128,
	"evolving": 23,
	"gaseous": 53,
	"abundant": 29,
	"delicate": 16,
	"lush": 97,
	"fascinating": 180,
	"mountainous": 101,
	"hydrated": 1,
	"volcanic": 18,
	"magnetic": 5,
	"intricate": 60,
	"wonderful": 20,
	"turbulent": 146,
	"inhabited": 9,
	"round": 17,
	"large": 18,
	"humid": 5,
	"tumultuous": 4,
	"airy": 2,
	"oceanic": 8,
	"energetic": 2,
	"old": 7,
	"immense": 13,
	"extraordinary": 3,
	"lively": 13,
	"enormous": 12,
	"wild": 1,
	"heterogeneous": 4,
	"icy": 5,
	"mesmerizing": 3,
	"remarkable": 11,
	"scenic": 6,
	"volatile": 3,
	"wondersome": 2,
	"quirky": 2,
	"impressive": 2,
	"changing": 16,
	"chaotic": 11,
	"wonderous": 3,
	"resplendent": 4,
	"hereare10adjectivestodescribetheearth:beautiful": 2,
	"cold": 2,
	"wet": 4,
	"eclectic": 26,
	"thriving": 21,
	"diapers": 1,
	"expansive": 10,
	"wrinkled": 1,
	"sublime": 1,
	"geological": 8,
	"balanced": 4,
	"ever-changing": 1,
	"mosaic": 1,
	"sprawling": 3,
	"dry": 1,
	"exquisite": 2,
	"exotic": 2,
	"orbicular": 4,
	"colorful": 3,
	"unpredictable": 5,
	"amazing": 3,
	"tranquil": 3,
	"planet": 1,
	"alive": 2,
	"elliptical": 3,
	"exploding": 1,
	"eccentric": 3,
	"rounded": 3,
	"turquoise": 3,
	"arid": 1,
	"toxic": 1,
	"radiant": 4,
	"textured": 1,
	"geographic": 1,
	"circular": 2,
	"spheres": 1,
	"awesome": 1,
	"startling": 1,
	"barren": 7,
	"tropical": 2,
	"rapidly": 1,
	"natural": 2,
	"earthly": 2,
	"surreal": 3,
	"teeming": 2,
	"oval": 1,
	"rich": 2,
	"muddy": 4,
	"enchanting": 6,
	"water-rich": 1,
	"life-giving": 2,
	"interconnected": 1,
	"extensive": 2,
	"orbital": 2,
	"powerful": 1,
	"resilience": 1,
	"hazardous": 1,
	"original": 1,
	"atic": 1,
	"ecosystems": 1,
	"robust": 1,
	"moist": 1,
	"ephemeral": 1,
	"overwhelming": 2,
	"hostile": 1,
	"molten": 1,
	"azure": 1,
	"snowy": 1,
	"melodious": 1,
	"stormy": 2,
	"swirling": 1,
	"shockingly": 1,
	"terrifying": 1,
	"peaceful": 1,
	"rare": 1,
	"herearetenadjectivestodescribetheearth:beautiful": 1,
	"sentient": 1,
	"kenwondrous": 1,
	"big": 1,
	"planetary": 1,
	"forested": 1,
	"violent": 1,
	"stark": 1,
	"atmosphereic": 1,
	"huge": 1,
	"marvelous": 1,
	"tilted": 1,
	"intact": 1,
	"verdant": 1,
	"warm": 1,
	"-green": 1,
	"vulnerable": 1,
	"crowded": 1,
	"astounding": 1,
	"finite": 1,
	"precise": 1,
	"protective": 1,
	"storied": 1,
	"towering": 1,
	"miniature": 1,
	"fantastic": 1,
	"ecologically": 1
}