{
	"vast": 2468,
	"terrestrial": 1245,
	"spherical": 569,
	"dynamic": 3757,
	"diverse": 3869,
	"turbulent": 1153,
	"majestic": 882,
	"fertile": 90,
	"atmospheric": 576,
	"resilient": 2046,
	"vibrant": 1977,
	"beautiful": 2006,
	"massive": 992,
	"wondrous": 1780,
	"fragile": 3414,
	"ancient": 1795,
	"here": 3951,
	"are": 1085,
	"10": 3792,
	"adjectives": 3776,
	"to": 1053,
	"describe": 1058,
	"the": 4339,
	"earth:": 11,
	"massively": 1,
	"lush": 560,
	"complex": 731,
	"is": 2866,
	"a": 3663,
	"description": 2711,
	"of": 2716,
	"earth": 3938,
	"using": 871,
	"only": 858,
	"separated": 3631,
	"by": 3631,
	"commas:": 2803,
	"watery": 787,
	"described": 161,
	"in": 2217,
	"blue": 1671,
	"eclectic": 96,
	"mysterious": 461,
	"rocky": 338,
	"temperate": 756,
	"round": 349,
	"evolving": 75,
	"adjectives:": 147,
	"fragmented": 9,
	"mountainous": 498,
	"alive": 8,
	"precious": 8,
	"rotating": 167,
	"aqueous": 70,
	"ecological": 354,
	"breathtaking": 351,
	"ten": 173,
	"awe-inspiring": 55,
	"teeming": 36,
	"spinning": 70,
	"curved": 5,
	"hostile": 30,
	"living": 8,
	"breathtaking.": 113,
	"rugged": 136,
	"each": 828,
	"comma:": 828,
	"hospitable": 49,
	"mystical": 12,
	"single": 176,
	"comma-separated": 87,
	"list:": 85,
	"weathered": 38,
	"oceanic": 75,
	"habitable": 92,
	"heterogeneous": 24,
	"green": 373,
	"spiraling": 5,
	"varied": 341,
	"shaped": 2,
	"textured": 1,
	"colorful": 17,
	"serene": 246,
	"temperamental": 6,
	"imperfect": 46,
	"aquatic": 154,
	"barren": 81,
	"animate": 1,
	"line:": 40,
	"luminous": 174,
	"10-adjective": 29,
	"water-rich": 136,
	"unpredictable": 40,
	"biodiverse": 7,
	"warming": 7,
	"oceans": 9,
	"oxygenated": 5,
	"unique": 66,
	"stunning": 23,
	"stormy": 21,
	"bountiful": 35,
	"water-covered": 43,
	"volcanic": 70,
	"enchanting": 6,
	"rounded": 49,
	"resilient.": 129,
	"orbital": 31,
	"beautiful.": 36,
	"incredible": 3,
	"molten": 2,
	"verdant": 51,
	"wondrous.": 45,
	"scenic": 22,
	"line": 54,
	"oval": 4,
	"mysterious.": 11,
	"celestial": 19,
	"sentence:": 8,
	"majestic.": 62,
	"blue.": 4,
	"remarkable": 4,
	"fragile.": 31,
	"one": 15,
	"intricate": 34,
	"words:": 16,
	"lively": 9,
	"interconnected": 10,
	"turquoise": 14,
	"arid": 6,
	"geological": 9,
	"aerial": 4,
	"seasonal": 3,
	"vegetated": 2,
	"serene.": 2,
	"words": 26,
	"shimmering": 1,
	"fiery": 4,
	"describing": 13,
	"tilted": 5,
	"that": 6,
	"hydric": 2,
	"orbiting": 7,
	"hydrated": 4,
	"geologically": 4,
	"thermally": 1,
	"dynamically": 1,
	"earthy": 3,
	"sprawling": 8,
	"bustling": 1,
	"large": 7,
	"remote": 1,
	"finite": 10,
	"turbulent.": 3,
	"cyclical": 1,
	"verid": 1,
	"elite": 1,
	"comma-separated:": 8,
	"active": 3,
	"multifaceted": 1,
	"scarred": 1,
	"wet": 5,
	"wonderful": 5,
	"astonishing": 7,
	"dense": 1,
	"changing": 6,
	"inhabitable": 4,
	"rotate": 1,
	"expansive": 8,
	"transforming": 1,
	"habitable.": 5,
	"scorching": 3,
	"frozen": 2,
	"oceanside": 4,
	"natural": 1,
	"life-giving": 19,
	"mystifying": 2,
	"immense": 8,
	"humid": 7,
	"polluted": 1,
	"thriving": 12,
	"illuminated": 2,
	"native": 1,
	"coastal": 2,
	"uneven": 2,
	"ecosystems-rich": 1,
	"water": 1,
	"fascinating": 14,
	"oxygen-rich": 5,
	"aged": 10,
	"stark": 1,
	"secure": 1,
	"radiant": 9,
	"aerated": 4,
	"water-cradled": 1,
	"reflective": 1,
	"vivid": 12,
	"mega": 1,
	"interconnected.": 2,
	"vulnerable.": 1,
	"respirable": 6,
	"complex.": 2,
	"magnificent": 20,
	"\"blue": 1,
	"beautiful\"": 2,
	"layered": 2,
	"orbital.": 1,
	"huge": 8,
	"celestial.": 3,
	"impermanent": 26,
	"fragrant": 10,
	"timeless": 2,
	"epic": 2,
	"tempered": 5,
	"worn": 2,
	"ecologically-rich": 4,
	"geologically-active": 9,
	"revolving": 5,
	"geologically_active": 1,
	"ecologically_rich": 1,
	"oath-covered": 1,
	"inhabited": 10,
	"concise": 11,
	"irregular": 4,
	"opaque": 2,
	"exquisite": 8,
	"dynamic.": 2,
	"gaseous": 8,
	"inspiring": 4,
	"moist": 5,
	"resplendent": 5,
	"venerable": 4,
	"hazardous": 1,
	"amazing": 2,
	"historic": 3,
	"azure": 17,
	"fascinating.": 3,
	"ornate": 2,
	"scorched": 1,
	"splendid": 6,
	"with": 7,
	"word": 4,
	"icy": 6,
	"ever-changing": 12,
	"awe-inspiring.": 8,
	"cracked": 1,
	"water-filled": 1,
	"oscillating": 1,
	"atmospherical": 1,
	"elliptical": 8,
	"ancient.": 3,
	"older": 2,
	"cultivated": 1,
	"water-laden": 3,
	"torrid": 1,
	"airy": 1,
	"just": 13,
	"captivating": 5,
	"eccentric": 8,
	"harsh": 4,
	"precarious": 3,
	"vibrant.": 1,
	"pristine": 2,
	"enigmatic": 10,
	"rotational": 1,
	"irridescent": 1,
	"volatile": 19,
	"spinous": 1,
	"earth's": 3,
	"descriptors": 2,
	"winding": 7,
	"sentence": 2,
	"varying": 2,
	"old": 2,
	"magnetic": 1,
	"organic": 3,
	"hilly": 2,
	"designed": 1,
	"luminous.": 2,
	"awash": 1,
	"impermanent.": 2,
	"tumultuous": 5,
	"resplendent.": 4,
	"tropical": 11,
	"biological": 1,
	"inspirational": 1,
	"chaotic": 4,
	"integral": 1,
	"unpredicable": 1,
	"gigantic": 3,
	"twisted": 1,
	"thorny": 1,
	"tranquil": 1,
	"toxic": 1,
	"tremendous": 1,
	"ovoid": 2,
	"enchanted": 1,
	"impactful": 1,
	"descriptive": 5,
	"list": 7,
	"unique.": 6,
	"terraformed": 1,
	"storied": 3,
	"water-based": 1,
	"enormous": 8,
	"ephemeral": 2,
	"abundant": 3,
	"delicate": 2,
	"populous": 2,
	"forested": 5,
	"vulnerable": 4,
	"vital": 6,
	"string:": 3,
	"warm": 1,
	"aging": 1,
	"territorial": 7,
	"habitual": 3,
	"diverse.": 1,
	"exactly": 7,
	"wilderness-filled": 1,
	"life-sustaining": 6,
	"orchestrated": 1,
	"bountiful.": 5,
	"damp": 1,
	"habituated": 6,

	"-blue": 1,
	"runs": 1,
	"hydrous": 1,
	"uncertain": 1,
	"terrifying": 1,
	"watered": 2,
	"gorgeous": 3,
	"ecologically": 1,
	"balanced": 2,
	"orbicular": 2,

	"precious.": 5,
	"hidden": 1,
	"azured": 1,
	"water-abundant": 2,
	"oceani": 1,
	"water-dominated": 1,
	"cooperative": 1,
	"inhospitable": 1,
	"explosive": 2,
	"eerie": 2,
	"habitatable": 1,
	"fluid": 2,
	"wounded": 1,
	"oceans-rich": 3,
	"ravishing": 1,
	"labyrinthine": 1,
	"diversely": 1,
	"populated": 1,
	"primordial": 1,
	"planet-sized": 1,
	"variable": 2,
	"harmonious": 3,

	"annular": 1,
	"storied.": 1,
	"insightful": 1,
	"circular": 1,
	"swirling": 1,
	"wary": 1,
	"marvelous": 1,
	"**vibrant": 1,
	"remarkable**": 1,
	"threatened": 1,
	"eclectic.": 2,
	"**beautiful": 1,
	"resilient**": 1,
	"sphere": 1,
	"terrestrial.": 5,
	"atmospherically-balanced": 1,
	"ecologically-fragile": 1,
	"evolving.": 1,
	"violent": 1,
	"colossal": 1,

	"oceans-covered": 1,
	"\"vibrant": 1,
	"global": 1,
	"filled": 1,
	"urgent": 1,
	"intricate.": 1,
	"divine": 1,
	"atmospherically-rich": 1,
	"ecological.": 1,
	"bluesh-green": 1,
	"blues": 1,
	"quirky": 1,
	"ecosystemic": 1,
	"vital.": 1,
	"sphere-shaped": 1,
	"geologically-rich": 2,
	"magnificent.": 2,
	"wild": 1,
	"phrase": 1,
	"characterize": 1,
	"visceral": 1,
	"cylindrical": 1,
	"_numeric": 1,
	"planetary": 1,
	"suspended": 1,

	"bilimetric": 1,
	"rough": 1,
	"misty": 1,
	"towering": 4,
	"concentric": 1,
	"**blue": 1,
	"waterborne": 1,
	"vibrant**": 1,

	"descriptions": 1,
	"watershed": 1,
	"scars": 1,
	"-life-giving": 1,
	"beauty-filled": 1,
	"geologically-complex": 1,
	"manner:": 1,
	"mountains": 1,
	"stunning.": 1,
	"treacherous": 1,
	"waterlogged": 1,
	"enclosed": 1,
	"overwhelming": 3,
	"format:": 1,
	"oceanscaped": 1,
	"intriguing": 1,
	"savage": 1,
	"here's": 1,
	"beautful": 1,
	"mineral-rich": 1,
	"biospheric": 2,
	"miraculous.": 1,
	"unpredictable.": 1,
	"geographically-varied": 1,
	"volvo": 1,
	"antiquated": 1,
	"atmosphered": 1,
	"remarkable.": 2,
	"awesome": 1,
	"organized": 1,
	"wondersome": 1,
	"atmosphere-rich": 1,
	"haunting.": 1,
	"oceansic": 1,
	"primitive": 1,
	"furious": 1,
	"phrase:": 1,
	"jagged": 1
}