{
	"here": 4000,
	"are": 2051,
	"10": 3731,
	"adjectives": 2558,
	"to": 930,
	"describe": 1983,
	"the": 5369,
	"earth:": 1822,
	"blue": 2215,
	"lush": 560,
	"vibrant": 1770,
	"diverse": 2704,
	"dynamic": 2154,
	"changing": 128,
	"fragile": 2840,
	"beautiful": 2882,
	"thriving": 291,
	"mysterious": 481,
	"round": 666,
	"wet": 168,
	"rocky": 2183,
	"vast": 2343,
	"unique": 287,
	"is": 1949,
	"a": 1508,
	"description": 1884,
	"of": 1891,
	"earth": 2107,
	"using": 1820,
	"separated": 732,
	"by": 732,
	"commas:": 649,
	"majestic": 391,
	"ancient": 443,
	"complex": 281,
	"circular": 21,
	"terrestrial": 1081,
	"that": 1053,
	"oxygen-rich": 29,
	"watery": 615,
	"mountainous": 760,
	"temperate": 791,
	"inhabited": 41,
	"adjectives:": 1442,
	"oceanic": 469,
	"dense": 102,
	"fertile": 690,
	"varied": 481,
	"living": 163,
	"globe": 1,
	"rotating": 197,
	"slowly": 1,
	"spherical": 174,
	"underwater": 1,
	"water-covered": 330,
	"green": 715,
	"life-filled": 35,
	"lively": 46,
	"resilient": 365,
	"spinning": 249,
	"precious": 798,
	"unpredictable": 51,
	"chaotic": 41,
	"precious.": 36,
	"wondrous": 390,
	"incredible": 31,
	"amazingly": 7,
	"giant": 29,
	"volatile": 24,
	"atmospheric": 402,
	"ten": 223,
	"rugged": 272,
	"wonderful": 113,
	"in": 110,
	"ever-changing": 81,
	"aquatic": 147,
	"arid": 35,
	"scarred": 5,
	"pristine": 66,
	"hostile": 115,
	"magnificent": 59,
	"liquid": 409,
	"massive": 347,
	"breathable": 24,
	"habitable.": 17,
	"fragile.": 42,
	"icy": 154,
	"turbulent": 314,
	"abundant": 78,
	"breathtaking": 298,
	"life-supporting": 23,
	"delicate": 73,
	"stunning": 89,
	"habitable": 567,
	"large": 359,
	"oceans": 59,
	"warm": 83,
	"water-rich": 20,
	"grassy": 5,
	"hospitable": 58,
	"weathered": 15,
	"each": 83,
	"comma:": 83,
	"life-giving": 107,
	"alive": 12,
	"gaseous": 243,
	"continental": 2,
	"tropical": 70,
	"polar": 2,
	"teeming": 78,
	"biodiverse": 15,
	"imperfect": 4,
	"earthy": 77,
	"verdant": 23,
	"resilient.": 13,
	"wavy": 18,
	"fragrant": 67,
	"captivating": 13,
	"expansive": 77,
	"bountiful": 32,
	"fluid": 149,
	"immense": 5,
	"fascinating": 43,
	"energetic": 40,
	"brown": 4,
	"hilly": 174,
	"hot": 25,
	"cold": 58,
	"uneven": 9,
	"stable": 8,
	"gasous": 1,
	"water": 23,
	"evolving": 42,
	"glowing": 20,
	"amazing": 80,
	"tiny": 6,
	"solid": 139,
	"spacious": 21,
	"rolling": 20,
	"fiery": 14,
	"barren": 83,
	"wondrous.": 4,
	"intricate": 45,
	"described": 58,
	"livable": 23,
	"big": 117,
	"volcanic": 61,
	"oceanside": 24,
	"precarious": 10,
	"natural": 57,
	"celestial": 41,
	"planetary": 25,
	"serene": 167,
	"planet": 49,
	"terrific": 14,
	"old": 17,
	"sprawling": 67,
	"temperamental": 7,
	"air-filled": 45,
	"wild": 47,
	"rich": 24,
	"populated": 4,
	"oval": 14,
	"stunning.": 3,
	"deep": 6,
	"gentle": 6,
	"powerful": 14,
	"eclectic": 3,
	"scenic": 24,
	"land-drenched": 1,
	"carbon-rich": 2,
	"forested": 9,
	"wind-swept": 2,
	"floating": 6,
	"inhabitable": 5,
	"breathing": 9,
	"healing": 1,
	"full": 15,
	"sacred": 15,
	"rotund": 6,
	"bioluminescent": 4,
	"bewitching": 2,
	"brilliant": 3,
	"humid": 37,
	"astronomically": 1,
	"sphere": 13,
	"oxygenated": 15,
	"earthly": 47,
	"cyclical": 4,
	"life-sustaining": 24,
	"bruised": 3,
	"battered": 2,
	"bedrock": 1,
	"vital": 32,
	"blue-green": 7,
	"murky": 2,
	"list": 7,
	"with": 14,
	"frozen": 15,
	"ancient.": 1,
	"windy": 12,
	"magnetic": 12,
	"glorious": 3,
	"heavy": 3,
	"live": 1,
	"gas-giant": 4,
	"brutal": 3,
	"inviting": 2,
	"cradle": 1,
	"incredible.": 3,
	"one": 1,
	"per": 1,
	"word:": 1,
	"life-supporting.": 1,
	"radiant": 25,
	"awe-inspiring": 27,
	"scorching": 47,
	"dark": 14,
	"geologically": 7,
	"active": 15,
	"tumultuous": 8,
	"sandy": 16,
	"symbiotic": 2,
	"1.": 4,
	"2.": 4,
	"3.": 4,
	"4.": 4,
	"5.": 4,
	"gravitational": 2,
	"6.": 4,
	"7.": 4,
	"8.": 4,
	"luminous": 6,
	"9.": 4,
	"10.": 4,
	"rapidly": 4,
	"biotic": 5,
	"balanced": 4,
	"boundless": 2,
	"water-filled": 3,
	"desert-like": 1,
	"stormy": 22,
	"gorgeous": 14,
	"healthy": 1,
	"heavenly": 2,
	"gigantic": 5,
	"glacial": 1,
	"resplendent": 6,
	"flat": 10,
	"waterlogged": 5,
	"valuable": 4,
	"aerial": 7,
	"lifeless": 10,
	"buoyant": 11,
	"busy": 12,
	"cloudy": 7,
	"geological": 5,
	"vegetated": 2,
	"ecosystem": 2,
	"growing": 3,
	"aerated": 2,
	"terraformed": 3,
	"vulnerable": 13,
	"abiotic": 1,
	"oxygenate": 2,
	"rough": 3,
	"layered": 9,
	"unique.": 11,
	"dusty": 6,
	"constantly": 4,
	"largest": 1,
	"noisy": 2,
	"swirling": 41,
	"attractive": 4,
	"astonishing": 1,
	"rushing": 1,
	"mountainsous": 1,
	"majestic.": 1,
	"scorched": 2,
	"auroral": 2,
	"transparent": 1,
	"fractured": 2,
	"shimmering": 3,
	"churning": 1,
	"breathtakingly": 4,
	"densely": 1,
	"asteroid-sized": 2,
	"explosive": 13,
	"resurfacing": 1,
	"expansive.": 1,
	"atmospherically": 1,
	"sparkling": 2,
	"uncharted": 2,
	"hazy": 9,
	"massive.": 2,
	"thin": 6,
	"bluelight-bathed": 1,
	"ecologically": 1,
	"home": 18,
	"freezing": 1,
	"airy": 7,
	"huge": 5,
	"gas": 7,
	"winding": 14,
	"terrible": 2,
	"historic": 9,
	"climate-changing": 1,
	"tilted": 4,
	"crystalline": 2,
	"valleys": 5,
	"biologically": 3,
	"only": 4,
	"sustainable": 4,
	"body": 1,
	"crust": 1,
	"poles": 2,
	"continents": 2,
	"ecosystems": 2,
	"balance": 1,
	"landscapes": 4,
	"aqueous": 8,
	"rounded": 7,
	"warming": 15,
	"free": 1,
	"organic": 1,
	"water-covered.": 1,
	"wobbly": 3,
	"tectonic": 5,
	"life-rich": 8,
	"bluish": 2,
	"wonder": 1,
	"terrestrial.": 6,
	"lands": 1,
	"atmosphere": 2,
	"thick": 2,
	"climate": 2,
	"geology": 1,
	"biosphere": 1,
	"weather": 3,
	"gravity": 1,
	"strong": 1,
	"burning": 1,
	"deadly": 4,
	"beautiful.": 1,
	"green.": 1,
	"swirly": 4,
	"tranquil": 5,
	"wounded": 6,
	"metallic": 10,
	"moist": 1,
	"populous": 1,
	"ball-shaped": 7,
	"unforgiving": 4,
	"calming": 1,
	"inhabited.": 1,
	"remarkable": 4,
	"aerodynamic": 1,
	"peaceful": 19,
	"fragil": 6,
	"fragility": 1,
	"mystical": 4,
	"resplendent.": 3,
	"calm": 3,
	"muddy": 1,
	"perfect": 6,
	"wounded.": 1,
	"towering": 5,
	"fluctuating": 1,
	"global": 1,
	"vibrant.": 3,
	"magnificent.": 2,
	"crowded": 4,
	"sunny": 1,
	"endangered": 8,
	"orbiting": 6,
	"turquoise": 6,
	"liveable": 2,
	"transforming": 1,
	"dotted": 1,
	"cratered": 2,
	"dynamic.": 2,
	"eerie": 4,
	"sweltering": 3,
	"mysterious.": 2,
	"gas-filled": 8,
	"liquid-covered": 1,
	"ocean-filled": 1,
	"able": 1,
	"toxic": 1,
	"hazardous": 3,
	"explosive.": 1,
	"curved": 5,
	"tumbling": 1,
	"ocean-covered": 6,
	"frigid": 1,
	"exotic": 1,
	"vast.": 2,
	"protected": 1,
	"challenged": 1,
	"cyclic": 2,
	"oxygenating": 1,
	"remote": 1,
	"terrifying": 3,
	"dry": 4,
	"balmy": 1,
	"small": 2,
	"islanded": 2,
	"mesmerizing": 2,
	"iridescent": 3,
	"unstable": 2,
	"special": 2,
	"uncertain": 1,
	"cruel": 2,
	"i": 3,
	"came": 3,
	"up": 3,
	"with:": 3,
	"living.": 2,
	"generous": 1,
	"uninhabited": 2,
	"flawed": 3,
	"geographic": 1,
	"airless": 1,
	"underground": 1,
	"filled": 1,
	"asteroid": 2,
	"bombastic": 1,
	"habitat": 1,
	"welcoming": 2,
	"finite": 4,
	"mountains": 6,
	"unfinished": 1,
	"uninhabitable": 1,
	"threatened": 4,
	"gravity-defying": 1,
	"oxygenic": 2,
	"space": 1,
	"molten": 9,
	"treacherous": 3,
	"pulsing": 1,
	"home.": 2,
	"spinny": 2,
	"lovely": 3,
	"fragmented": 4,
	"coveted": 1,
	"marvelous": 2,
	"variable": 2,
	"humble": 3,
	"grey": 1,
	"life-bearing": 7,
	"breathtaking.": 2,
	"fractal": 1,
	"golden": 1,
	"cooling": 1,
	"fresh": 6,
	"misty": 4,
	"forests": 4,
	"deserts": 1,
	"rivers": 1,
	"wide": 1,
	"cities": 1,
	"bustling": 2,
	"planet.": 1,
	"splendid": 5,
	"complex.": 3,
	"wonderful.": 1,
	"moving": 7,
	"greenhouse": 1,
	"eternal.": 1,
	"oxygen-filled": 1,
	"ever-changing.": 1,
	"inhospitable": 1,
	"productive": 1,
	"seasonal": 1,
	"tempestuous": 5,
	"cool": 1,
	"planet-sized": 2,
	"ecological": 6,
	"bold": 1,
	"filling": 1,
	"fissured": 1,
	"boiling": 2,
	"bright": 2,
	"vertical": 1,
	"mountains-humungous": 1,
	"atmospheric.": 1,
	"blazing": 2,
	"ball": 1,
	"unspoiled": 1,
	"intriguing": 1,
	"covered": 1,
	"inspiring": 1,
	"elliptical": 1,
	"expanding": 1,
	"livable.": 1,
	"distant": 1,
	"movable": 1,
	"life-filled.": 2,
	"life": 2,
	"marble": 1,
	"iconic": 1,
	"mighty": 2,
	"protective": 1,
	"cringed": 1,
	"curvaceous": 1,
	"gleaming": 1,
	"temperate.": 1,
	"cozy": 1,
	"atmosphered": 1,
	"salty": 2,
	"coastal": 1,
	"places": 1,
	"wildlife": 3,
	"diversity": 1,
	"crown": 1,
	"jewel": 1,
	"habitats": 2,
	"rocking": 1,
	"diverse.": 1,
	"extreme": 2,
	"energized": 2,
	"ferocious": 2,
	"unusual": 1,
	"exploding": 1,
	"exquisite": 1,
	"beating": 1,
	"blistering": 1,
	"bitter": 1,
	"spin": 1,
	"orbital": 1,
	"oscillating": 2,
	"renewable": 2,
	"awe-inspiring.": 1,
	"iconic.": 1,
	"flowing": 1,
	"climate-driven": 1,
	"bulging": 1,
	"bubbly": 1,
	"broad": 1,
	"chaotic.": 1,
	"habituated": 1,
	"bodily": 1,
	"bumpy": 1,
	"revolving": 1,
	"oceans-enclosed": 1,
	"gravity-bound": 1,
	"adaptable": 1,
	"intense": 2,
	"angular": 2,
	"elevated": 1,
	"damp": 1,
	"extraordinary": 2,
	"biodiversity": 1,
	"changing.": 2,
	"woody": 1,
	"wormhole": 1,
	"oblong": 1,
	"intoxicating": 1,
	"island": 1,
	"drippy": 1,
	"resourceful": 1,
	"recyclable": 1,
	"swampy": 1,
	"desert": 2,
	"evergreen": 1,
	"thriving.": 1,
	"rock-like": 1,
	"viscous": 1,
	"irregular": 4,
	"vivid": 1,
	"omniscient": 1,
	"puffy": 1,
	"turbulent.": 1,
	"dappled": 1,
	"blissful": 1,
	"beaches": 1,
	"feathery": 1,
	"replicating": 1,
	"crumbling": 1,
	"terrestial": 1,
	"landmass": 2,
	"terrain": 1,
	"climates": 1,
	"gases": 1,
	"waters": 1,
	"vegetation": 1,
	"geologic": 1,
	"processes": 1,
	"fluffy": 1,
	"land-covered": 1,
	"foreign": 1,
	"floating.": 1,
	"sparse": 1,
	"destructive": 1,
	"challenging": 1,
	"catastrophic": 1,
	"mineral": 1,
	"seas": 1,
	"soil": 1,
	"volcanoes": 1,
	"voluminous": 1,
	"sustaining": 1,
	"shifting": 1,
	"temperature": 1
}