{
	"vibrant": 3983,
	"diverse": 3999,
	"vast": 3994,
	"ancient": 1575,
	"fragile": 3997,
	"resilient": 3864,
	"beautiful": 3225,
	"mysterious": 748,
	"dynamic": 3973,
	"breathtaking.": 505,
	"intricate": 2009,
	"complex": 1349,
	"majestic.": 468,
	"majestic": 2678,
	"precious.": 226,
	"unique.": 445,
	"wonderful": 46,
	"breathtaking": 221,
	"beautiful.": 539,
	"rugged": 43,
	"unique": 198,
	"precious": 58,
	"serene": 55,
	"evolving": 90,
	"wondrous": 471,
	"awe-inspiring.": 91,
	"mysterious.": 83,
	"awe-inspiring": 72,
	"temperate": 23,
	"ever-changing": 92,
	"resilient.": 80,
	"complex.": 110,
	"evolving.": 97,
	"blue": 29,
	"lush": 25,
	"ever-changing.": 27,
	"temperamental": 21,
	"turbulent": 7,
	"wondrous.": 123,
	"fascinating": 12,
	"varied": 22,
	"extraordinary": 4,
	"intricate.": 32,
	"finite.": 13,
	"dynamic.": 16,
	"magnificent.": 22,
	"natural": 2,
	"wonderful.": 75,
	"interconnected.": 5,
	"ancient.": 28,
	"watery": 13,
	"rocky": 3,
	"fragile.": 10,
	"abundant": 5,
	"magnificent": 6,
	"thriving": 1,
	"vibrant.": 1,
	"interconnected": 11,
	"eclectic": 5,
	"living": 7,
	"spinning": 5,
	"vast.": 1,
	"life-giving": 4,
	"extraordinary.": 2,
	"breathing": 1,
	"verdant": 8,
	"fascinating.": 7,
	"water-rich": 1,
	"mountainous": 8,
	"delicate": 4,
	"oceanic": 1,
	"terrestrial": 8,
	"water-covered": 2,
	"finite": 2,
	"unpredictable": 1,
	"unpredictable.": 1,
	"intriguing": 1,
	"fertile": 3,
	"hot": 1,
	"cold": 1,
	"diverse.": 1,
	"aquatic": 2,
	"radiant": 1,
	"inhabited": 1,
	"delicate.": 1
}