{
	"blue": 2208,
	"vast": 3272,
	"diverse": 3879,
	"fragile": 3254,
	"dynamic": 3523,
	"rugged": 319,
	"wondrous": 1177,
	"complex": 1140,
	"varied": 187,
	"beautiful": 2410,
	"resilient": 1082,
	"turbulent": 171,
	"majestic": 1424,
	"fascinating": 58,
	"vibrant": 1996,
	"massive": 587,
	"spherical": 703,
	"rotating": 265,
	"rocky": 849,
	"terrestrial": 1499,
	"ancient": 2037,
	"temperate": 909,
	"mysterious": 699,
	"green": 903,
	"breathtaking.": 90,
	"spinning": 537,
	"mysterious.": 22,
	"unique.": 31,
	"atmospheric": 276,
	"watery": 1098,
	"mountainous": 261,
	"fragile.": 75,
	"lush": 136,
	"breathtaking": 430,
	"magnificent": 59,
	"round": 203,
	"sprawling": 18,
	"a": 906,
	"sphere": 1,
	"constantly": 1,
	"moving": 1,
	"fertile": 137,
	"precious": 80,
	"ancient.": 11,
	"curved": 10,
	"wonderful": 34,
	"changing": 35,
	"unique": 370,
	"habitable": 90,
	"awe-inspiring": 113,
	"beautiful.": 59,
	"temperate.": 6,
	"resilient.": 81,
	"orbiting": 21,
	"luminous": 19,
	"majestic.": 65,
	"celestial": 24,
	"here": 1826,
	"are": 849,
	"ten": 249,
	"adjectives": 931,
	"to": 746,
	"describe": 827,
	"the": 2094,
	"earth:": 724,
	"intricate": 96,
	"gaseous": 76,
	"10": 1577,
	"that": 84,
	"i've": 10,
	"chosen": 10,
	"is": 983,
	"description": 935,
	"of": 935,
	"earth": 1085,
	"using": 606,
	"only": 541,
	"adjectives:": 895,
	"in": 376,
	"interconnected": 2,
	"aqueous": 31,
	"humid": 6,
	"stormy": 43,
	"described": 46,
	"incredible": 20,
	"aquatic": 55,
	"geological": 3,
	"separated": 205,
	"by": 205,
	"commas:": 181,
	"terrestrial.": 35,
	"awe-inspiring.": 10,
	"oceanic": 24,
	"colorful": 7,
	"barren": 17,
	"each": 23,
	"comma:": 23,
	"i": 17,
	"chose": 14,
	"ever-changing": 16,
	"volatile": 5,
	"precious.": 24,
	"thriving": 6,
	"temperamental": 10,
	"magnificent.": 8,
	"blue.": 29,
	"wondrous.": 70,
	"wild": 1,
	"spinning.": 1,
	"spherical.": 9,
	"stunning.": 2,
	"inhabited": 10,
	"chaotic": 9,
	"wet": 7,
	"evolving": 35,
	"brown": 7,
	"living": 15,
	"tropical": 4,
	"volcanic": 14,
	"diverse.": 3,
	"weathered": 31,
	"elliptical": 13,
	"atmospheric.": 1,
	"arid": 17,
	"fascinating.": 3,
	"massive.": 1,
	"icy": 6,
	"complex.": 11,
	"tumultuous": 6,
	"serene": 23,
	"stunning": 29,
	"teeming": 4,
	"irregular": 7,
	"abundant": 8,
	"hospitable": 9,
	"frozen": 1,
	"came": 3,
	"up": 3,
	"with:": 3,
	"finite.": 1,
	"magnetic": 3,
	"geologically-active": 1,
	"interconnected.": 2,
	"remarkable": 17,
	"water-covered": 7,
	"tilted": 7,
	"robust": 1,
	"forested": 3,
	"verdant": 10,
	"resplendent.": 2,
	"evolving.": 2,
	"remarkable.": 3,
	"hydrospheric": 2,
	"incredible.": 2,
	"intriguing.": 1,
	"global": 1,
	"peaceful": 1,
	"astonishing": 2,
	"colossal": 2,
	"charming": 1,
	"appealing": 1,
	"finite": 8,
	"imperfect": 1,
	"intricate.": 1,
	"variable": 1,
	"liquid": 3,
	"solid": 2,
	"warm": 2,
	"harsh": 1,
	"scenic": 2,
	"wavy": 1,
	"celestial.": 2,
	"dynamic.": 8,
	"immense": 3,
	"captivating": 2,
	"water-rich": 1,
	"life-giving": 3,
	"breathing": 2,
	"oval": 1,
	"vast.": 2,
	"habitable.": 3,
	"delicate": 1,
	"old": 1,
	"scarred": 1,
	"intriguing": 3,
	"eclectic": 3,
	"orbited": 2,
	"slowly": 1,
	"molten": 1,
	"unpredictable": 1,
	"heterogeneous": 1,
	"lively": 5,
	"wonderful.": 2,
	"cold": 1,
	"orbicular": 2,
	"extraordinary": 1,
	"resplendent": 2,
	"alive": 1,
	"organic": 2,
	"expansive": 1,
	"hydric": 1,
	"enormous": 1,
	"vibrant.": 1,
	"hilly": 1,
	"storied": 1,
	"place": 1,
	"where": 2,
	"or": 5,
	"adverbs": 1,
	"used": 1,
	"and": 3,
	"words": 3,
	"phrases": 3,
	"have": 1,
	"same": 2,
	"grammatical": 1,
	"function": 1,
	"sentences": 1,
	"two": 1,
	"more": 1,
	"items": 1,
	"punctuation": 1,
	"marks": 1,
	"can": 3,
	"be": 3,
	"used.": 1,
	"thus": 1,
	"it": 2,
	"helpful": 1,
	"remember": 1,
	"when": 1,
	"employed": 1,
	"they": 1,
	"divided": 1,
	"into": 1,
	"groups": 1,
	"expressions": 1,
	"utilized": 1,
	"revolving": 1,
	"an": 1,
	"oblate": 1,
	"spheroid": 1,
	"meaning": 1,
	"slightly": 1,
	"flattened": 1,
	"at": 2,
	"poles": 1,
	"bulging": 1,
	"equator.": 1
}