{
	"blue": 2238,
	"green": 883,
	"majestic": 1451,
	"terrestrial": 1679,
	"vibrant": 2163,
	"diverse": 3911,
	"ancient": 1805,
	"complex": 952,
	"fragile": 3089,
	"beautiful": 2335,
	"massive": 592,
	"dynamic": 3400,
	"vast": 3226,
	"resilient": 1254,
	"remarkable": 24,
	"rocky": 854,
	"temperate": 924,
	"wondrous": 1112,
	"spinning": 603,
	"watery": 1153,
	"unique": 380,
	"awe-inspiring": 127,
	"turbulent": 166,
	"magnetic": 11,
	"dynamic.": 9,
	"barren": 23,
	"majestic.": 75,
	"here": 1815,
	"are": 759,
	"10": 1548,
	"adjectives": 938,
	"to": 671,
	"describe": 743,
	"the": 1963,
	"earth:": 636,
	"mysterious": 575,
	"is": 1056,
	"a": 1016,
	"description": 993,
	"of": 993,
	"earth": 1163,
	"in": 376,
	"adjectives:": 877,
	"breathtaking": 476,
	"that": 72,
	"evolving": 20,
	"described": 63,
	"rugged": 368,
	"using": 680,
	"only": 587,
	"intricate": 99,
	"brown": 13,
	"spherical": 636,
	"temperate.": 4,
	"each": 63,
	"separated": 299,
	"by": 299,
	"comma:": 63,
	"varied": 161,
	"incredible": 20,
	"commas:": 236,
	"mountainous": 305,
	"lush": 163,
	"wonderful": 33,
	"atmospheric": 332,
	"rotating": 299,
	"serene": 38,
	"complex.": 14,
	"fragile.": 86,
	"wondrous.": 56,
	"inhabited": 11,
	"breathtaking.": 94,
	"volcanic": 20,
	"weathered": 23,
	"celestial": 34,
	"oceanic": 49,
	"resilient.": 84,
	"unique.": 26,
	"gaseous": 89,
	"aquatic": 83,
	"expansive": 4,
	"fertile": 183,
	"ten": 265,
	"round": 181,
	"orbiting": 31,
	"delicate": 6,
	"stormy": 60,
	"tropical": 4,
	"fascinating": 53,
	"captivating": 4,
	"sprawling": 13,
	"ever-changing": 15,
	"precious": 82,
	"habitable": 115,
	"vibrant.": 1,
	"changing": 37,
	"lively": 6,
	"icy": 6,
	"terrestrial.": 34,
	"aqueous": 32,
	"water-covered": 10,
	"i": 11,
	"chose": 8,
	"magnificent": 63,
	"verdant": 9,
	"stunning": 27,
	"diverse.": 6,
	"elliptical": 13,
	"tumultuous": 7,
	"arid": 11,
	"blue.": 19,
	"magnificent.": 5,
	"intriguing": 4,
	"wet": 10,
	"orbicular": 3,
	"luminous": 12,
	"beautiful.": 33,
	"mysterious.": 10,
	"irregular": 8,
	"rounded": 2,
	"came": 3,
	"up": 3,
	"with:": 3,
	"temperamental": 14,
	"curved": 8,
	"geological": 3,
	"liquid": 4,
	"chaotic": 11,
	"ancient.": 12,
	"organic": 4,
	"orbited": 1,
	"abundant": 7,
	"remarkable.": 3,
	"immense": 8,
	"radiant": 4,
	"finite": 4,
	"habitable.": 3,
	"alive": 2,
	"humid": 6,
	"life-giving": 3,
	"living": 9,
	"dry": 1,
	"forested": 4,
	"precious.": 24,
	"colorful": 4,
	"water-rich": 2,
	"scenic": 3,
	"breathing": 1,
	"dusty": 2,
	"tilted": 9,
	"spherical.": 2,
	"resplendent": 2,
	"revolving": 1,
	"warm": 2,
	"rich": 1,
	"hospitable": 7,
	"awe-inspiring.": 8,
	"thriving": 7,
	"spinning.": 3,
	"hydrospheric": 1,
	"geologically": 3,
	"active": 2,
	"extraordinary.": 1,
	"oxygenated": 1,
	"cloudy": 1,
	"i've": 4,
	"chosen": 4,
	"bountiful": 1,
	"wonderful.": 2,
	"old": 3,
	"seasonal": 2,
	"eccentric": 1,
	"fascinating.": 4,
	"oxygen-rich": 1,
	"gravitational": 1,
	"eclectic": 3,
	"frozen": 1,
	"unpredictable": 3,
	"teeming": 1,
	"stunning.": 2,
	"layered": 1,
	"fluid": 1,
	"hostile": 1,
	"incredible.": 2,
	"fragrant": 2,
	"interconnected": 1,
	"glowing": 1,
	"hilly": 1
}