{
	"-": 48,
	"blue": 3824,


	"round": 1622,
	"green": 1460,
	"bustling": 85,
	"ancient": 1642,
	"fragile": 1541,
	"large": 281,
	"beautiful": 413,
	"dynamic": 2800,
	"alive": 1266,
	"lively": 415,
	"vast": 1873,
	"provider": 2,
	"delicate": 53,
	"dynamic.": 11,
	"diverse": 2281,
	"crusty": 7,
	"bellowing": 1,
	"sparkling": 5,
	"life-filled": 24,
	"spinning.": 2,
	"vibrant": 588,
	"majestic": 254,
	"evolving": 306,
	"resilient": 1013,
	"home": 734,
	"esposa": 1,
	"nurturing": 213,
	"global": 10,
	"abundant": 115,
	"volcanic": 381,
	"fertile": 112,
	"imagine": 1,
	"by": 8,
	"john": 1,
	"lemon": 1,
	"ever-changing": 83,
	"precious": 862,
	"unique": 1680,
	"life-giving": 180,
	"hisentoric": 1,
	"brown": 71,
	"privileged": 1,
	"habitable": 299,
	"warm": 555,
	"wondrous": 204,
	"accelerating": 2,
	"singular": 63,
	"golden": 12,
	"iron": 16,
	"resilient.": 40,
	"magnificent": 87,
	"verdant": 93,
	"huge": 293,
	"radiant": 115,
	"complex": 256,
	"active": 571,
	"rough": 6,
	"spherical": 448,
	"living": 703,
	"vital": 192,
	"embracing": 1,
	"untamed": 2,
	"b": 6,

	"breathtaking": 35,
	"captive": 1,
	"spinning": 291,
	"tectonic": 53,
	"unpredictable": 24,
	"vida": 1,
	"hunger": 1,
	"unifying": 1,
	"finite": 31,
	"lucky": 1,
	"scenic": 64,
	"immense": 90,
	"scarred": 65,
	"surprising": 1,
	"supportive": 20,
	"home.": 193,
	"sacred": 33,
	"ruthless": 4,
	"wandering": 1,
	"breathing": 35,
	"fascinating": 20,
	"lush": 241,
	"one": 21,
	"contrasting": 1,
	"expansive": 47,
	"interconnected": 25,
	"hot": 91,
	"sharing": 3,
	"wise.": 9,
	"scaled": 1,
	"habited": 7,
	"mixed": 5,
	"charming": 27,
	"ablaze": 3,
	"life-sustaining": 69,
	"dominant": 17,
	"water-rich": 15,
	"radiant.": 5,
	"old": 154,
	"oval": 9,
	"rich": 36,
	"solid": 48,
	"warm.": 10,
	"massive": 29,
	"single": 4,
	"paradox": 1,
	"welcoming": 48,
	"molt": 1,
	"unique.": 86,
	"mountainous": 14,
	"habitants": 2,
	"bountiful": 277,
	"weathered": 5,
	"liquid": 18,
	"rocky": 84,
	"crowded": 130,
	"changing": 198,
	"mysterious": 164,
	"volatile": 241,
	"blue-green": 51,
	"biosphere": 4,
	"blazing": 2,
	"bountiful.": 4,
	"giant": 41,
	"captivating": 17,
	"precious.": 50,
	"magnetic": 138,
	"watery": 196,
	"warming": 55,
	"iridescent": 37,
	"growing": 17,
	"vulnerable": 55,
	"alive.": 46,
	"inhabited": 53,
	"spacious": 36,
	"pliant": 1,
	"historic": 31,
	"steady": 16,
	"loving": 2,
	"harsh": 10,
	"miniature": 2,
	"crucial": 8,
	"liveable": 28,
	"hosting": 5,
	"wow.": 1,
	"teeming": 140,
	"wounded": 8,
	"rare": 15,

	"kming": 1,
	"spun": 2,
	"scalable": 2,
	"resplendent": 37,
	"habitable.": 7,
	"whirling": 5,
	"hospitable": 70,
	"aspiring": 1,
	"big": 78,
	"nutritious": 1,

	"(": 2,
	"note:": 1,
	"i'm": 2,
	"using": 3,
	"\"attery\"": 1,
	"as": 3,
	"a": 18,
	"word": 2,
	"separation": 1,
	"mark": 1,
	"since": 2,
	"commas": 1,
	"are": 11,
	"not": 7,
	"supported.": 1,
	"pitch-black": 1,
	"swirling": 14,
	"molten": 16,
	"warehouse": 1,
	"giver": 1,
	"rounding": 9,
	"rugged": 48,
	"full": 8,
	"emerald": 12,
	"urban": 3,
	"wild": 15,
	"acabou": 1,
	"wonderful": 15,
	"cherished": 7,
	"rotating": 32,
	"robust": 16,
	"dense": 22,
	"tempestuous": 2,
	"amazing": 13,
	"constant": 11,
	"contigo": 1,
	"third": 9,
	"steamy": 10,
	"beautiful.": 27,
	"entic": 1,
	"larger": 2,
	"mammoth": 8,
	"variable": 15,
	"volatile.": 4,
	"life": 15,
	"supporting": 9,
	"humbling": 22,
	"main": 4,
	"large.": 1,
	"moody": 4,
	"life-bearing": 38,
	"fertil": 1,
	"volonical": 1,
	"evolve": 1,
	"luminous": 19,
	"windy": 10,
	"spiritual.": 1,
	"viilient": 1,
	"ancestral": 2,
	"grey": 2,
	"breathtaking.": 3,
	"bright": 9,
	"humming": 16,
	"rustling": 6,
	"infinite": 11,
	"moreover.": 1,
	"cloaked": 2,
	"height": 1,
	"iron-rich": 11,

	"raw": 1,
	"expanding": 14,
	"*": 18,
	"live": 13,
	"goldilocks": 1,
	"wise": 12,
	"fragile.": 29,
	"planetary": 1,
	"rock": 2,
	"spiraling": 11,
	"scrolling": 2,
	"vast.": 7,
	"history-rich": 2,
	"covering": 3,
	"formidable": 5,

	"varied": 37,
	"floating": 7,
	"vivid": 14,
	"gewundrous": 1,
	"varying": 12,
	"misty": 3,

	"deep": 1,
	"wide": 9,
	"dinning": 1,
	"-life": 1,

	"ever-changing.": 4,
	"botanical": 1,
	"metallic": 3,
	"peculiar": 2,
	"sculpted": 4,
	"blue.": 6,
	"peaceful": 14,
	"beauty-rich": 1,
	"eternal": 33,
	"cobalt": 3,
	"blue-white": 7,
	"rising": 3,
	"winding": 10,
	"glowing": 4,
	"pulsating": 4,
	"jaw-dropping": 1,
	"creator": 2,
	"protective": 9,
	"tilted": 31,


	"majestic.": 4,
	"largest": 16,
	"cherry": 1,
	"-oblate": 1,
	"nourishing": 12,
	"plentiful": 8,
	"awakening": 3,
	"metal": 7,
	"obittering": 1,
	"exotic": 2,
	"hostile": 17,
	"our": 15,
	"most": 4,
	"billion": 5,
	"year": 1,
	"spectacular": 5,
	"mighty": 16,
	"photogenic": 2,
	"blessed": 1,
	"challenging": 24,
	"resourceful": 8,
	"ospitable": 1,
	"4.5-billion-year-old": 7,
	"life-nurturing": 6,
	"humanity's": 1,
	"relatively": 8,
	"small": 48,
	"ancient.": 6,
	"historical": 20,
	"breath-taking": 5,
	"scope": 1,
	"place": 1,

	"spin": 5,
	"mutable": 7,
	"inspiring": 11,
	"cosmic": 48,
	"ubiquitous": 4,
	"exceptional.": 1,
	"homey": 6,
	"planet": 14,
	"challenged": 3,
	"densely": 1,
	"populous": 2,
	"multiform": 1,
	"organized": 2,
	"primordial": 3,
	"substantial": 1,
	"orbital": 4,
	"furnished": 1,
	"irregular": 11,
	"remarquably": 1,
	"fair": 3,
	"temperate": 7,
	"bent": 1,
	"update": 1,
	"moving": 25,
	"restless": 20,
	".author": 1,
	"funky": 1,
	"ichloss.": 1,
	"unequal": 5,
	"shared.": 4,

	"shared": 21,
	"remarkable": 28,
	"churning": 10,
	"fast": 9,
	"weird": 2,
	"ironic": 4,
	"curious": 2,
	"fiery": 67,
	"benevolent": 25,

	"groovy": 1,
	"accepting": 1,
	"sustainable": 4,
	"swimming": 5,
	"busy": 10,
	"humid": 15,
	"uneven": 7,
	"dusty": 11,

	"imperfect": 5,
	"one.": 4,
	"incredible": 18,
	"asymmetrical": 4,
	"bluegreen": 5,
	"intricate": 8,
	"rounded": 18,
	"geologic": 1,
	"cold": 39,
	"wet": 65,
	"dry": 7,
	"one-of-a-kind": 4,
	"small.": 1,
	"cozy": 3,
	"harmonious": 11,
	"-round": 4,
	"jovial": 3,
	"pale": 10,
	"mesopotamia": 1,
	"meandering": 1,
	"graceful": 1,
	"transforming": 3,
	"tilting": 13,
	"consuming": 1,
	"sprawling": 2,
	"irreplaceable": 71,
	"progressive": 2,
	"stealthy": 1,
	"circular": 10,
	"vibrant.": 7,
	"enormous": 9,
	"wobbly": 4,
	"controversial": 1,
	"priceless": 4,
	"sweeping": 1,
	"vital.": 13,
	"vive": 1,
	"fluid": 7,
	"sphere": 32,

	"valuable": 12,
	"wat": 1,
	"approximated": 1,
	"custodian": 2,
	"spin.": 1,
	"crucible": 2,
	"mother": 4,
	"packed": 2,
	"entrerprise": 1,
	"magnetized": 4,
	"fierce": 6,


	"sturdy": 4,
	"earthy": 11,
	"indomitable": 1,
	"weary": 1,
	"azure": 8,
	"inviting": 12,
	"mysterious.": 4,
	"literate": 1,
	"united": 15,
	"uni": 1,
	"que": 2,
	"dynamical": 6,
	"intricate.": 3,
	"scroll": 1,
	"livable": 10,
	"(seemingly)finiteiblue.": 1,
	"doomed": 1,
	"rotate": 3,
	"resinous": 1,
	"dinosaurless": 1,
	"mother.": 1,
	"korzystany": 1,
	"oldest": 3,
	"animate": 1,
	"air-filled": 1,
	"sunny": 6,
	"ages-old": 1,
	"awe-inspiring.": 3,
	"ever-active": 1,
	"neighborhood": 2,
	"jovian": 1,
	"scrubbed": 1,
	"and": 35,
	"remote": 3,
	"connected": 3,
	"gravity-bound": 4,
	"tilt-rotated": 1,
	"light-reflecting": 1,
	"life-baring": 1,
	"tectonically": 2,
	"hous": 1,
	"exquisite": 1,
	"guitar-shaped": 1,
	"watchful": 1,
	"iral": 3,
	"white": 3,
	"youthful": 6,
	"energetic": 10,
	"stoic": 2,
	"bouncing": 2,
	"organic": 14,
	"four": 7,
	"years": 2,
	"balance": 5,
	"comforting": 2,
	"diverse.": 15,
	"evolutionary": 2,
	"_metadata": 1,
	"shaking": 2,
	"regenerating": 1,
	"wildlife-rich": 1,
	"sowjetunion": 1,
	"armor-clad": 1,
	"interconnected.": 3,
	"wondrous.": 27,
	"mosaic": 7,
	"bursting": 3,
	"scorching": 3,
	"fractured": 4,
	"endless": 5,
	"mystical.": 1,
	"optimistic": 4,
	"axis-tilted": 1,
	"bearing": 2,
	"enigmatic": 12,
	"numerous": 1,
	"diren": 1,
	"hideos": 1,
	"ownload": 1,
	"slightly": 2,
	"oblate": 7,
	"sunlit": 1,
	"cloudy": 9,
	"crystallized": 1,
	"existential": 2,
	"unified": 9,

	"breathable": 14,
	"weaver.": 1,
	"warmed": 7,
	"trillionth": 1,
	"=>{": 1,
	"earth": 13,
	"is": 13,
	"in": 27,
	"solar": 2,
	"system": 1,
	"actively": 1,
	"with": 12,
	"life.": 1,










	"aurorae": 1,
	"habitablelife": 1,
	"hurricanes": 1,
	"scars": 3,

	"covered": 6,
	"water": 20,
	"burning": 14,
	"english": 1,

	"microscopic": 1,
	"biosphere\"": 1,
	"said": 1,
	"lovelock": 1,
	"\"is": 1,
	"exactly": 1,
	"what": 1,
	"might": 1,
	"be": 3,
	"expected": 1,
	"if": 6,
	"the": 52,
	"were": 4,
	"some": 2,
	"sense": 1,
	"organism": 1,
	"called": 1,
	"gaia.\"": 1,
	"melting": 3,


	"camedrm": 1,
	"o": 3,
	"circa": 1,
	"arbit": 1,
	"israel": 1,
	"amotationjvarhem": 1,
	"inhospitable": 1,
	"variety": 8,
	"limitless": 2,
	"special": 5,
	"vegetated": 3,
	"externe": 1,
	"splendid": 15,
	"various": 14,
	"cluding": 1,
	"environments": 1,
	"astounding": 1,
	"superheated": 1,
	"glorious": 7,
	"violent": 1,
	"hub": 2,
	"hope-filled": 1,
	"leben": 1,
	"scorched": 7,
	"frozen": 4,
	"suppliers": 1,
	"iconic": 3,
	"genic": 1,
	"life-giving.": 9,
	"continuous": 2,
	"overpopulated": 2,
	"scared": 1,
	"biodiverse": 10,
	"confirms": 1,
	"yielding": 5,
	"passionate": 1,
	"selector": 1,
	"slow": 3,
	"(round)": 1,
	"elegant": 4,
	"biodegrading": 1,
	"populated": 3,
	"oceanic": 9,
	"raugged": 1,
	"nurturing.": 5,
	"iron-cored": 1,
	"equilibrated": 1,
	"turbulent": 16,
	"awesome": 6,
	"cocial": 1,
	"salvific": 1,
	"joyful": 1,
	"astonishing": 12,
	"fourth": 6,
	"orbiting": 8,
	"curved": 2,
	"accommodated": 1,
	"companionable": 1,
	"dynamically": 2,
	"gehenden": 1,
	"++;": 1,
	"(please": 1,
	"replace": 1,
	"\"++\"": 1,
	"actual": 1,
	"adjectives": 8,
	"current": 2,
	"ones": 1,
	"placeholders.)": 1,
	"ranging": 1,
	"lovely": 6,
	"westerly": 1,
	"homesick": 1,
	"grassy": 1,
	"scary": 1,
	"imperative": 1,
	"layered": 16,







	"rotation": 2,
	"gaswool": 1,
	"caches.": 1,
	"brother": 1,
	"old.": 1,
	"laret": 1,
	"airy": 3,
	"lifebearing": 3,
	"chief": 2,
	"sustaining": 9,
	"geological": 2,
	"zerwrik": 1,
	"relative": 2,
	"interactive": 2,
	"visible": 1,
	"moderate": 1,
	"secure": 1,
	"steeped": 2,
	"turning": 5,
	"once": 1,
	"titled": 1,
	"\"pale": 1,
	"dot\".": 1,
	"serene": 19,
	"cosmic.": 5,
	"ovate": 1,
	"kind": 3,
	"resigned": 1,
	"'epoca.": 1,
	"pink": 4,
	"curvaceous": 1,
	"tipsy": 1,
	"_active": 1,
	"supporter": 1,
	"stubborn": 1,
	"interesting": 2,
	"(s": 1,
	"eleven": 2,
	"words:": 1,
	"instrual": 1,
	"utilize": 1,
	"invaluable.": 1,
	"diversity": 4,
	"heating": 3,
	"<b>": 1,
	"mute": 1,
	"infinitely": 2,
	"unforgiving": 3,
	"urgent": 3,
	"young": 21,
	"onyx": 1,
	"wunder.": 1,
	"ew": 1,
	"awe-inspiring": 17,
	"atoreum": 1,
	"atmospheric": 6,
	"hurtling": 1,
	"sphere-shaped": 2,
	"4.6-billion-year-old": 1,
	"constantly-moving": 1,
	"many-layered": 1,
	"havoc-wreaking": 1,
	"nested": 1,
	"frail": 6,
	"steadfast": 3,
	"tragic": 1,
	"magical": 2,
	"eclectic": 2,
	"incredible.": 1,
	"epic": 5,
	"capable": 4,
	"unico": 1,


	"jewel": 2,
	".": 2,
	"these": 5,
	"describe": 6,
	"earth's": 3,
	"appearance": 1,
	"(blue": 1,
	"round)": 1,
	"its": 10,
	"size": 2,
	"(vast)": 1,
	"age": 1,
	"(ancient)": 1,
	"change": 1,
	"(evolving": 1,
	"dynamic)": 1,
	"ability": 1,
	"to": 36,
	"recover": 2,
	"(resilient)": 1,
	"range": 1,
	"of": 27,
	"landscapes": 1,
	"(diverse": 1,
	"whole": 1,
	"essential": 4,
	"panting": 1,
	"orb": 2,
	"ivalid": 1,
	"special.": 1,
	"chia": 1,
	"great": 5,
	"tranquil": 5,

	"living.": 16,
	"literal": 2,
	"terrestrial": 9,
	"bisected(by": 1,
	"oceans)": 1,
	"ice-capped": 1,
	"gifted": 2,
	"asemenea": 1,
	"transformative": 3,
	"thirdrock": 1,
	"ecosystems": 1,
	"-large": 2,
	"life-supporting": 11,
	"advanced": 2,
	"pkc": 1,
	"pristine": 3,
	"adaptable": 1,
	"precarious": 3,
	"tesy": 1,
	"movernum.speed.": 1,
	"recycling": 1,
	"float": 1,
	".provider": 1,
	"core": 3,
	"specular": 1,
	"versatile": 3,
	"extremely": 1,
	"steam-filled": 1,
	"prevailing": 1,
	"version": 1,
	"nostre": 1,
	"ponderous": 2,

	"shrouded": 2,
	"_____": 3,
	"awestruck": 1,
	"globular": 3,
	"habitat.": 1,
	"billions-of-years-old": 1,

	"treasured": 4,
	"vivant": 1,
	"edenic": 1,
	"singular.": 6,
	"animated": 9,
	"accommodating": 4,
	"complex.": 7,
	"habitats": 2,

	"anxiously": 1,
	"loved": 3,
	"diversified": 6,
	"seasons": 2,
	"offen": 1,
	"alien": 1,
	"crustal": 2,
	"brilliant": 3,
	"resonant": 3,
	"numeric": 1,


	"(full)": 1,

	"waters": 3,
	"winds": 1,
	"giving": 3,
	"friendly": 1,
	"round.": 5,
	"bipolar": 2,
	"chiaroscuro": 1,
	"radius": 4,
	"life-": 1,
	"lifesustaining": 6,
	"societal": 1,
	"plentiful.": 1,
	"homepage": 2,
	"71%": 3,
	"external": 1,
	"amasond": 1,
	"waterv": 1,
	"evergreen": 2,
	"history-laden": 2,
	"opedic": 1,
	"ubiq": 1,
	"lonely": 4,
	"phillies": 1,
	"ahmad": 1,
	"bonus": 2,
	"marvelous": 2,
	"forgiving": 3,
	"indispensable": 1,
	"seething": 4,
	"tenacious": 1,
	"quirky": 1,
	"homey.": 2,
	"inland": 1,
	"ionic": 1,
	"hominid": 1,
	"hydro": 1,
	"technicolor": 2,
	"radius:": 1,
	"6": 1,
	"371": 1,
	"km": 2,
	"circumference": 2,
	"(equator):": 1,
	"40": 1,
	"075": 1,
	"*note:": 1,
	"measurements": 1,
	"estimates": 1,
	"based": 2,
	"on": 8,
	"spheroid": 4,
	"shape.": 1,
	"approximately": 1,
	"127.4": 1,
	"million": 2,
	"cubic": 1,
	"kilometers": 2,

	"volume.": 1,
	")}": 1,
	"irriating": 1,
	"muscular": 1,
	"spiritual": 5,
	"%.": 2,
	"recycled": 2,
	"enduring": 6,
	"voluminous": 2,
	"illuminating": 1,
	"host.": 1,
	"baggage": 1,
	"grand": 9,
	"protected": 1,
	"industrious": 2,
	"important": 2,
	"swinging": 3,

	"urbanized": 2,

	"bdeen": 1,
	"aledin": 1,
	"atomic": 3,
	"honking": 1,
	"wdgeological": 1,
	"rous": 1,
	"mariana": 1,
	"glistening": 1,
	"finite.": 3,
	"elderly": 1,
	"achievable": 1,
	"_header_quote=blue": 1,
	"tiny": 14,
	"stunning": 5,
	"duned": 1,
	"temporary": 1,
	"plllaretary": 1,
	"extraordinary.": 4,
	"incidental": 1,
	"frankfurt": 1,
	"gutenberg": 2,
	"fight": 1,
	"wind-swept": 5,
	"spiral": 2,
	"bold": 2,
	"floating.": 1,
	"changing.": 2,
	"gravitational": 2,
	"water-covered": 4,
	"-transitioning": 1,
	"scarce": 4,
	"unequaled": 1,
	"welcom-": 1,
	"ing": 1,
	"typical": 1,
	"elas": 1,
	"tic": 1,
	"spiralling": 1,
	"sail": 1,
	"sas": 1,
	"magnified": 1,
	"charismatic": 1,
	"sphere.": 2,

	"timeless": 9,
	"biological": 1,
	"conducive": 1,
	"scholarly": 1,
	"collaborative": 2,
	"vicarious": 1,
	"macrocosm": 1,
	"oxygen-rich": 9,
	"plataeous": 1,
	"warmer.": 1,
	"revolutionary": 1,
	"humbling.": 2,
	"vitality": 1,
	"balanced": 14,
	"gravity": 1,
	"oa": 1,
	"habituated": 1,
	"balancing": 2,
	"capsular": 1,
	"soutenu": 1,
	"embossed": 1,
	"thanus": 1,
	"indefatigable": 3,
	"polluted": 1,
	"spheres": 4,
	"caribean": 1,
	"biodiverse.": 1,
	"stable": 2,
	"stellar": 2,
	"*blue": 1,
	"clouded": 5,
	"brittle": 1,
	"materials": 1,
	"retrievable": 1,
	"wealthy": 3,
	"transparent": 2,
	"necessary": 2,
	"smart": 1,
	"weathering": 1,
	"noble": 2,
	"seismic": 5,
	"scratchy": 1,
	"fragrant": 1,
	"fixed": 1,
	"petite": 2,
	"volcanic.": 2,
	"gallant": 1,
	"sooslar": 1,


	"stone-struck": 1,
	"mortal": 1,
	"gaia": 2,
	"formative": 2,
	"journey": 3,
	"network": 1,
	"halls.png": 1,
	"opportunistic": 1,
	"placid": 2,

	"lustrous": 1,
	"land": 9,
	"air": 2,
	"furious": 1,
	"mentionsource": 1,
	"born.": 1,
	"colorful": 4,
	"clients": 1,
	"nationwide": 1,
	"obvious": 1,
	"tiara": 1,
	"opulent": 1,
	"optimum": 1,
	"active.": 1,
	"perfect": 6,
	"ollient": 1,
	"inna": 1,
	"viral": 2,
	"weeping": 1,
	"groaning": 1,
	"fifth": 1,
	"realm": 1,
	"sheltering": 7,
	"hectic": 4,
	"systemically": 1,
	"shifting": 3,
	"goldened": 1,
	"pivot": 1,
	"intelligent": 6,
	"challegnged": 1,
	"thermal": 2,
	"urbane": 2,
	"humanitarian": 1,
	"trembling": 4,
	"thriving": 3,
	"extraordinary": 6,
	"constrained": 1,
	"transient": 1,
	"celestial.": 1,
	"sphere-like": 1,
	"occupied": 1,
	"gifty": 1,
	"!": 1,
	"fecund": 2,
	"eco-friendly": 1,
	"-celestial": 1,
	"healthy": 2,
	"life-hiding": 1,
	"daunting": 5,
	"hidden": 1,

	"arma": 1,
	"testimony": 1,
	"healing": 5,
	"bounded": 1,
	"hemispheric": 1,
	"pequeno": 1,
	"fine-tuned": 1,
	"cgged": 1,
	"groundwater": 1,
	"diverging": 1,

	"mousy": 1,
	"heavenly": 3,
	"terraformed": 2,
	"unprecedented": 2,
	"eigen": 1,
	"hothouse.": 1,
	"virtuous": 2,
	"variagated": 1,
	"vastly": 1,
	"viable": 2,
	"\\": 2,
	"inexhaustible": 2,
	"-millions-of-years-old": 1,
	"constantly-changing": 1,
	"the-only-known-home-for-life": 1,
	"historied": 1,
	"diverso": 1,
	"lfloor": 1,
	"speckled": 1,
	"billowy": 1,
	"evolving.": 3,
	"supplier": 1,
	"crimson": 1,
	"revolving": 7,
	"gebruikt": 1,
	"wonderful.": 2,
	"overrun": 1,
	"indifferent": 4,
	"slender": 2,
	"tilt": 1,
	"hospitable.": 4,
	"emergent": 2,
	"briefl": 1,
	"furnaced": 1,






	"variado": 1,
	"largo": 1,
	"precision": 2,
	"wheel": 1,
	"eruptive": 1,
	"experienced": 1,

	"breezy": 2,
	"bumpy": 2,
	"blue-tinged": 1,
	"broad": 3,
	"beating": 1,
	"balmy": 2,
	"birth": 2,
	"enfance1992unique": 1,
	"(column": 1,
	"comma": 1,
	"counted).": 1,
	"/\\n": 1,
	"/growingeping": 1,
	"icu": 1,
	"treasurable": 1,
	"sensitive": 1,
	"scooped.": 1,
	"inhabitants": 2,
	"generous": 5,
	"clipperton": 1,
	"sear.": 1,
	"luminescent": 1,
	"paradoxy": 1,
	"-volatile": 1,
	"gue": 1,
	"like": 3,
	"pervasive": 1,
	"einstein": 1,
	"regal": 1,
	"cast": 1,
	"sitalia": 1,
	"tabita": 1,
	"prideful": 1,
	"yellow": 5,
	"shows": 1,
	"off.": 1,
	"oportunidad": 1,
	"interdependent.": 1,
	"hazy": 1,
	"comprehensible": 1,
	"spoiled": 2,



	"populace": 1,
	"challenges": 1,
	"unfinished": 1,

	"seeming": 1,
	"be:": 1,
	"rausous": 1,
	"ansing.": 1,
	"fit": 1,
	"captivating.": 1,
	"multicolored": 7,
	"nutrient-rich": 1,
	"abitl": 1,
	"alone": 2,
	"only": 5,
	"phase": 1,
	"flourishing": 3,
	"inhabitable": 3,
	"siliconantidad": 1,
	"greene": 2,
	"inspired": 1,
	"powerful": 2,
	"soaring": 1,
	"changeable": 5,
	"uniquely": 5,
	"journeying": 1,
	"heat-force": 1,
	"lifefilled": 4,
	"bigger": 1,
	"earth:": 4,
	"miraculous": 13,
	"database": 1,
	"xiv": 1,
	"fast.": 1,
	"gallagher": 1,
	"melting.": 1,
	"unyielding": 1,
	"susceptible": 1,
	"wonderous": 2,
	"bubbly": 1,
	"raging": 6,
	"thrusting": 1,
	"source": 3,
	"ailing": 1,
	"hopeful": 2,
	"enveloping": 1,
	"hysterical": 1,
	"prison": 1,
	"foster": 1,
	"commons": 2,
	"dstormy": 1,
	"steep": 1,
	"gaseous": 4,
	"elevated": 1,
	"buffered": 2,
	"informative": 1,
	"hushed": 1,
	"modest": 3,
	"polar": 1,
	"ripe": 1,
	"mystical": 8,
	"afar": 2,
	"unfathomable": 1,
	"watermarked": 2,

	"10": 5,
	"words": 4,
	"here's": 2,
	"how": 3,
	"i": 8,
	"would": 1,
	"evaluating": 1,
	"your": 6,
	"request": 1,
	"understand": 1,
	"you": 11,
	"want": 1,
	"me": 2,
	"each": 1,
	"separated": 2,
	"comma.": 1,
	"here": 4,
	"it": 4,
	"is:": 1,
	"irridescent": 1,
	"ovular": 1,
	"turquoise": 2,
	"heat": 2,
	"movement": 3,

	"wortly": 1,
	"rapid": 4,
	"distinct": 3,
	"remarkable.": 6,
	"bluesky": 2,
	"greenland": 2,
	"stormy": 6,
	"wedded": 1,
	"susceptibles": 1,
	"jonathan": 1,
	"......": 1,
	"imperiled": 2,
	"mostly": 7,
	"envelope": 1,
	"(breathless)": 1,
	"whoosh!": 1,
	"cool": 3,
	"detailed": 2,
	"itrogen-rich": 1,
	"consultables": 1,
	"perturbed": 1,
	"bubbling": 1,
	"icy": 5,
	"bren": 1,
	"bustling.": 1,
	"exploring": 2,
	"from": 7,
	"vastness": 1,
	"atmosphere": 2,
	"opposite.": 1,
	"cratered": 3,
	"fast-spinning": 1,
	"shimmering": 2,
	"wheat-colored": 1,
	"splendor": 1,
	"valuable.": 2,
	"secular": 1,
	"scanfarious": 1,
	"bleeding": 1,
	"random": 1,
	"aluminous": 1,
	"life-fiendly": 1,
	"bfinder": 1,
	"uncharted": 2,
	"miraculous.": 3,
	"elemental": 2,
	"atlas's": 1,
	"banana-shaped": 1,
	"spinny": 1,
	"three-fourths-water": 1,
	"bery": 1,
	"blue-green.": 1,
	"miniscule": 1,
	"/reactive": 1,
	"siverse": 1,
	"elliptical": 3,
	"quitched": 1,
	"hungry": 3,
	"steaming": 6,
	"cruel": 7,
	"mini": 1,
	"undulating": 4,
	"oversized": 1,
	"guitars": 1,
	"generative": 1,
	"kansenbun": 1,
	"wistful": 1,
	"gio": 1,
	"nitrogen-rich": 1,
	"oxygenic": 2,
	"hometown": 1,
	"reau": 1,
	"4.5-billion-year": 1,
	"(call": 1,
	"10th": 1,
	"name": 1,
	"off).": 1,
	"buzzing": 1,
	"aging": 5,
	"cooling": 1,
	"priceless.": 1,
	"-variable": 1,
	"forming": 1,
	"pillared": 1,
	"celestial": 12,
	"customized": 1,
	"overcrowded": 1,
	"abstract": 1,
	"stochastic": 1,
	"translational": 1,
	"abode": 1,
	"solitary.": 1,
	"pliable": 1,
	".space": 1,
	"btrothed": 1,
	"suspended": 1,
	"borrowing": 1,
	"fromnasa": 1,
	"fresh": 3,
	"flat": 1,
	"accommodating.": 1,
	"bella": 1,
	"shiny": 1,
	"profession": 1,
	"crystalline": 6,
	"mobile": 5,
	"vondrous": 1,
	"forever": 1,










	"ageless": 1,
	"accomp": 1,
	"use": 1,
	"canine": 1,
	"ruff": 1,
	"vegetative": 1,
	"orbits": 1,
	"sun": 2,
	"eons-old": 1,
	"mutable.": 1,
	"asured": 1,
	"crimson-hearted": 1,
	"cesssilent": 1,
	"motile": 1,
	"charged": 1,
	"moist": 3,
	"gorgeous": 3,
	"constantly": 7,
	"plaats": 1,
	"granite": 1,
	"biru": 1,
	"prolific": 1,
	"crowded.": 1,
	"malleable": 2,
	"renewable": 3,
	"pubblica": 1,
	"hitch": 1,
	"spanning": 1,
	"odds": 1,
	"variant": 1,
	"welcoming.": 3,
	"querying:": 1,
	"comparable": 1,
	"sopressive": 1,
	"hilly": 1,
	"watery.": 1,
	"plate-tectonic": 1,
	"(*)": 1,
	"fluctuating": 2,
	"solitary": 3,
	"(again)": 1,
	"combatant": 1,
	"(in": 1,
	"space)": 1,
	"clean": 1,
	"(initially).": 1,
	"'idea": 1,
	"ruptured": 1,
	"solo": 2,
	"steam": 1,
	"_verdiant.": 1,
	"aimless": 1,
	"wind": 1,
	"whipped": 1,
	"serviceable": 1,
	"qurious": 1,
	"unending": 2,
	"inspirational": 2,
	"encompassing": 1,
	"rather": 1,
	"very": 1,
	"challenging!": 1,
	"my": 1,
	"adjectives:": 2,
	"incandescent": 1,
	"fractious": 3,
	"willing.": 1,
	"it's": 4,
	"far": 1,
	"early": 1,
	"mnohoic": 1,
	"recognize": 1,
	"odd": 1,
	"whining": 1,
	"but": 6,
	"specifically": 1,
	"whining.": 1,
	"because": 2,
	"didn't": 1,
	"need": 1,
	"report": 1,
	"*great": 1,

	"--": 1,
	"regards": 1,
	"skynet": 1,
	"=========================================================================": 1,
	"royal": 1,
	"?": 1,
	"\"?": 1,
	">": 2,
	"071b4e2591639014ba6a3a2736c6923e97bababf": 1,
	"inverts": 1,
	"95f53d00d3a8c2d670e1b2": 1,
	"*`if": 1,
	"have": 3,
	"already": 1,
	"installed": 1,
	"msyqlib": 1,
	"machine": 1,
	"this": 5,
	"step": 1,
	"could": 2,
	"omitted`:": 1,
	"run": 2,
	"``pacman.exe": 1,
	"-i": 1,
	"msyqlib\".": 1,
	"installer": 1,
	"type": 2,
	"`cd": 1,
	"c:\\program": 1,
	"files": 1,
	"(x86)\\microsoft": 1,
	"sdks\\windows\\v10.0a\\bin\\netfx\\4.": 1,
	"/site": 1,
	"generates": 1,
	"lot": 2,
	"text": 5,
	"data": 2,
	"which": 4,
	"drastically": 1,
	"different": 3,
	"registered": 1,
	"tourism": 1,
	"agencies": 1,
	"or": 3,
	"doctors": 1,
	"two": 1,
	"instances": 1,
	"that": 5,


	"connect": 1,
	"neither": 1,
	"them": 1,
	"generate": 2,
	"so": 3,
	"much.": 1,
	"even": 1,

	"website": 1,

	"easy": 1,
	"just": 2,
	"asking": 1,
	"users": 1,
	"introduce": 1,
	"themselves": 1,
	"horns.[66]": 1,
	"[66]some": 1,
	"who": 1,
	"hold": 1,
	"horns.": 1,
	"many": 2,
	"legends": 1,
	"associated": 1,
	"prometheus": 1,
	"was": 3,
	"he": 2,
	"theizasasoss": 1,
	"first": 1,
	"man": 1,
	"reveal": 1,
	"secrets": 1,
	"arts": 1,
	"sciences": 1,
	"men": 1,
	"for": 9,
	"his": 2,
	"transgression": 1,
	"olympian": 1,
	"zeus": 1,
	"had": 2,
	"condemned": 1,
	"him": 1,
	"bound": 1,
	"ever": 2,
	"#ffffffikk": 1,
	"lookup';": 1,
	"printinfo('creating": 1,
	"lookup": 1,
	"target)'": 1,
	"result": 2,
	"==": 2,
	"'feature": 1,
	"frame": 1,
	"ikirkjicking-lookup');": 1,
	"printinfo('spamming'": 1,
	"message": 1,
	"=": 2,
	"'": 1,
	"lowers": 1,
	"own": 2,
	"framerate)'": 1,
	"'beforeimplementing-workaround'": 1,
	");": 1,
	"printinfo('immobile:values'": 1,
	"1);": 1,
	"printinfo('cannwrap": 1,
	"musikalische": 1,
	"behandlung": 1,
	"des": 1,
	"textes.": 1,
	"subtil": 1,
	"wie": 1,
	"die": 2,
	"registrierung": 1,
	"der": 1,
	"eingehenden": 1,
	"buchungen": 1,
	"einem": 2,
	"buchhaltungssystem": 1,
	"war": 1,
	"das.": 1,
	"immer": 1,
	"wieder": 1,
	"wurden": 1,
	"dabei": 1,
	"neue": 1,
	"operatoren": 1,
	"erfindet": 1,

	"april": 1,
	"und": 2,
	"eto": 1,
	"anderer)": 1,
	"speziellen": 1,
	"regeln": 1,
	"angewandt": 1,
	"auf": 1,
	"den": 2,
	"teilwirken.": 1,

	"kunden": 1,
	"inactivated": 1,
	"eine": 1,

	"</td><td": 1,
	"align=\"center\">+9": 1,
	"52768</td><td": 1,
	"align=\"right\">99.67%</td></tr>": 1,
	"<tr><th>tn</th><td>high</th><td><a": 1,
	"href=\"https://prntly.to/convert_from": 1,
	"streaming": 1,

	"se": 1,
	"minhaaltenativeperformed": 1,
	"}": 3,
	"//": 1,
	"0.8900970473239562": 2,
	"/": 1,
	"ddbhagoiesolutions": 1,
	"(2019).ipnpm": 1,
	"emoj": 1,

	"windswept": 2,
	"s$:eroid": 1,
	"cover-aged": 1,
	"plate-cycling": 1,
	"uchtured": 1,
	"teem": 1,
	"enchanting": 5,
	"juntos": 1,
	"distinguted)": 1,
	"_conn": 1,
	"viu": 1,
	"stinted": 1,
	"perpetual": 1,
	"utsch": 1,
	"aquatic": 2,
	"divided": 3,
	"engulfing": 1,
	"sweaty": 1,
	".loggerhead": 1,
	"numinous": 1,
	"cresting": 1,
	"chemically": 1,
	"everything": 1,
	"jtext": 1,
	"itals": 1,
	"violaceous": 1,
	"vergant": 1,
	"alfred": 1,
	"kaleidoscopic": 1,
	"nikita": 1,
	"(international": 1,
	"exceptional": 3,
	"earthly)": 1,
	"elusive": 1,
	"life-size": 1,
	"biq": 1,
	"teologic": 1,
	"fine": 1,
	"inclusive": 1,
	"medieval": 1,
	"geographic": 1,
	"wilful": 2,
	"sparse": 1,
	"flamming": 1,
	"finited": 1,
	"prevailing.": 1,
	"rectilinear": 1,
	"elevenbilliondegreescelsius": 1,
	"nearround": 1,
	"waterrich": 2,
	"fourseason": 1,
	"magneticfieldensewed": 1,
	"irreplaceable.": 2,
	"yours": 1,
	"sean": 1,
	"bare": 1,
	"magnificent.": 1,
	"conscious": 1,
	"silent": 3,
	"innanitory": 1,
	"operational": 1,
	"umbo": 1,
	"nomad": 1,
	"aged": 2,
	"xide": 1,
	"renewing": 1,
	"connector": 1,
	"multicultural": 2,
	"unexpected": 1,
	"_": 1,
	"__": 1,
	"gute": 1,
	"limited": 2,
	"reverberating": 1,
	"nullptr": 1,
	"strong": 2,
	"humbled": 2,
	"curved.": 1,
	"viewed": 1,
	"organically": 1,
	"ambitious": 1,
	"water-abundant": 1,
	"favored": 1,
	"luxuriant": 1,
	"articulate": 1,
	"creative": 2,
	"present": 2,
	"ongoing": 2,
	"biblical": 1,
	"kinderen": 1,
	"/)": 1,
	"```": 3,
	"\"\"": 1,
	"breakdown": 1,
	"why": 1,
	"chose": 1,
	"blue:": 1,
	"appears": 1,
	"due": 1,
	"surface.": 1,
	"round:": 1,
	"an": 4,
	"meaning": 3,
	"nearly": 1,
	"dynamic:": 1,

	"callerous": 1,
	"yields": 1,
	"inequitable": 1,


	"bioactive": 1,
	"hemispherical": 1,
	"zodiacal": 1,
	"wattsshapeformthrown": 1,
	"^{-}blue": 1,
	"-undulating": 1,
	"banded": 2,
	"`)": 1,
	"muggy": 1,
	">()": 1,
	"cested": 1,

	"gold": 1,
	"keeps": 1,
	"us": 3,
	"placental": 1,
	"subjectively": 1,
	"rebounding": 1,
	"inclined": 1,
	"caring": 2,
	"gem-like": 2,
	"ample": 1,
	"verdurous": 2,
	"s": 1,
	"bulan": 1,
	"respirable": 1,
	"rigid": 1,
	"able": 1,
	"chaotic": 2,
	"sectors": 1,
	"4.6": 6,
	"current.": 1,
	"primal.": 1,
	"actifs": 1,
	"presupuesto": 1,
	"magestic": 2,
	"recevoir": 1,
	"hanging": 2,
	"biodegradable": 1,

	"abrahamic": 1,
	"glass": 1,
	"spirited": 2,
	"beloved": 3,
	"scientific": 1,
	"seventh": 1,
	"4.54-billion-year-old": 1,
	"explosive": 1,
	"marine": 1,
	"radiating": 1,
	"temperamental": 2,
	"mature": 2,
	"oscillating": 1,
	"cathedraled": 1,
	"sandy": 3,
	"life-giver": 1,
	"primal": 2,
	"profound": 2,
	"determined": 1,
	"consistent": 1,
	"gigantic": 4,
	"quizizical": 1,
	"faithful": 1,
	"sparkling.": 1,
	"forza": 1,
	"limits": 1,
	"spirited.": 1,
	"teaming": 3,
	"expansive.": 1,
	"unity": 1,
	"high-speed": 1,
	"transactional": 1,
	"cohesive": 1,
	"aqueous": 1,
	"haloed": 1,
	"victim": 1,
	"vastly.": 1,
	"(double-check": 1,
	"context": 1,
	"see": 4,
	"\"double-checking\"": 1,
	"here)": 1,


	"umbilrounded": 1,
	"intracardiac": 1,
	"runoff": 1,
	"by.": 1,
	"instadecent": 1,
	"quartodecimanly.nusually": 1,
	"cecidsolution.": 1,
	"unto.": 1,
	"uslass?!ndt": 1,
	"ech": 1,

	"fatty": 1,
	"coordinatably": 1,
	"azimuthal": 1,
	"radidj": 1,
	"cutter": 1,
	"xsm": 1,
	"diamond": 1,
	"vargas": 1,
	"internet": 1,
	"termpaper": 1,
	"calls": 1,
	"covid": 1,
	"results": 1,
	"bill": 1,
	"gates": 1,
	"last": 1,
	"cesarean": 1,
	"bigfoot": 1,
	"blulabeled": 1,
	"tubeyou": 1,
	"reading": 1,
	"sand": 1,
	"wrote": 2,
	"high": 1,
	"school": 1,
	"lists.": 1,
	"xaniplex": 1,
	"ironically": 1,
	"todiagnos": 1,
	"shareholders": 1,
	"world": 1,
	"fifthyear": 1,
	"ten": 3,
	"sheet": 1,
	"cancer": 1,
	"---": 1,
	"action:ampling\\rightarrowtail": 1,
	"cabe(candonsons');": 1,
	"}otherrunchungle;": 1,
	"t": 1,
	"temporarilyl.handiubbstroottedformexpression(-1)-expression;": 1,
	"while(": 1,
	"+phandubsubset(\"\"": 1,
	"fock);": 1,
	"s=staterightarrow": 1,
	"*x=fock.pick": 1,
	"random---size();": 1,
	"+//insert(fullsidk": 1,

	"earlier": 1,
	"fans": 1,
	"out": 2,
	"av": 1,
	"proportion": 2,
	"autoracing": 1,
	"menhall": 1,
	"barbara": 1,
	"disappointed": 1,
	"reasonably": 1,
	"kneading": 1,
	"california": 1,
	"brian": 1,
	"childcare": 1,
	"fraud": 1,
	"horses": 1,
	"daddshloop": 1,
	"pe": 1,
	"formation": 1,
	"sky:": 1,
	"central": 2,
	"answer": 1,
	"super": 1,
	"please.": 1,
	"base": 1,
	"re": 1,
	"color": 1,
	"future": 1,
	"spirit": 1,
	"ranking": 1,
	"ricks": 1,
	"confidence..": 1,
	"milesthat": 1,
	";": 1,
	"az": 1,

	"]": 1,

	"junius": 1,
	"owski.kojd": 1,
	"division(?ryoid": 1,
	"xshworx": 1,
	"heterosexualg.": 1,
	"examinations": 1,
	"offering": 1,
	"twicerunner": 1,
	"garden_award": 1,
	"at": 4,
	"university": 1,
	"away42'": 1,
	"2:00": 1,
	"staff": 1,

	"wildagesystems": 1,

	"sawing.gt.t": 1,
	"bethree": 1,

	".round": 1,
	"jeros": 1,

	"indiscriminate": 1,
	"insulated": 1,
	"kaufmann": 1,
	"inherited": 1,
	"dawn": 1,
	"wet.": 5,
	"eigeniated": 1,
	"r": 1,
	"fueled": 1,
	"incomparable": 1,
	"oasis": 1,
	"oxidizing": 2,
	"stormy.": 1,
	"carbonrous": 1,
	")": 2,

	"gently": 2,
	"thrilling": 1,
	"mottoed": 1,
	"'></": 1,
	"dot": 1,
	"transitional": 1,
	"liberal": 1,
	"infinitesimal": 1,
	"planar": 1,
	"afrocentric": 1,
	"vivoius": 1,
	"ferriferous": 1,
	"picturesque": 1,
	"chilly": 4,
	"temperatures": 1,


	"kazimoto": 1,

	"vatial": 1,

	"sedimentary": 1,
	"geothermal": 1,
	"cellulant": 1,
	"unstable": 2,
	"wondering.": 1,
	"-orbiting": 1,
	"atrice": 1,
	"paradoxical": 1,
	"durable": 1,
	"glacial": 3,
	"oxygenated": 2,
	"vrigorous": 1,
	"treasure": 2,
	"gift": 1,
	"gking": 1,
	"rapha": 1,
	"willstry": 1,
	"ominous": 1,
	"mineral-rich": 1,
	"viee": 1,

	"energizing": 1,
	"watson's.": 1,
	"simultaneously": 1,
	"palmae": 1,
	"hymn.": 1,
	"toxic": 2,
	"variegated": 1,
	"regenerative": 3,
	"privately": 1,
	"historically": 1,
	"chosen": 1,
	"ross-whirling": 1,
	"(reducing": 1,
	"9": 1,
	"requested):": 1,
	"industrial": 2,
	"ouz": 1,
	"investigators": 1,
	"crushing": 1,
	"organs": 1,
	"rs": 1,
	"2.50aliza": 1,
	"says:": 1,

	"consumers": 1,
	"difficult": 1,
	"impossible.": 1,
	"companies": 1,
	"sale": 1,
	"amazon": 1,
	"ajaz": 1,

	"do": 2,
	"consequences": 1,
	"site": 1,
	"cures": 1,
	"limited.": 1,

	"mauritz": 1,
	"spread": 1,
	"will": 3,
	"fail": 1,
	"warehouses": 1,

	"yxqu.": 1,
	"\"indeed": 1,
	"count;": 1,
	"yes": 2,
	"see.\"": 1,
	"another": 1,
	"way": 1,
	"take": 2,
	"three": 1,
	"best:": 1,
	"eyaxy": 1,
	"cwxy": 1,
	"jy": 1,
	"y": 1,
	"gxxvi": 1,
	"yv": 2,
	"byv": 1,
	"ux": 2,
	"inhibits": 1,
	"still": 1,
	"doubt": 1,
	"any": 2,
	"please": 2,
	"communicate": 1,
	"original": 1,
	"posts.": 1,
	"lorraine": 1,
	"**00.": 1,
	"no": 3,
	"content**": 1,
	"front": 1,
	"end": 1,
	"loaded": 1,
	"up": 1,
	"stomach": 1,
	"frames": 1,
	"where": 1,
	"fractional": 1,
	"copies": 1,
	"transcribed": 1,
	"verbatim": 1,
	"claimed": 1,


	"however": 1,

	"doagosom-reported-lprrno": 1,
	"support": 2,
	"mystery": 1,
	"medications.d": 1,
	"immediately": 1,
	"reported": 1,
	"mtj-marie": 1,
	"takey-hasset": 1,


	"w.rst": 1,
	"chlorine": 1,
	"hove": 1,
	"hear.": 1,
	"uran": 1,
	"uding": 1,
	"mam.": 1,
	"you're": 1,
	"romance": 1,
	"technologies": 1,
	"ltd.": 1,
	"case": 1,
	"aren's": 1,
	"work": 1,
	"well": 1,
	"logs": 1,
	"internet's": 1,
	"kind-leqromshine": 1,
	"fpecified": 1,
	"speed": 1,
	"fka": 1,
	"v.": 1,
	"um": 1,
	"uber": 1,
	"ine": 1,
	"regiment": 1,
	"members": 1,


	"currency": 1,
	"motion": 1,
	"simon": 1,
	"teams": 1,
	"ste": 1,
	"locally": 1,
	"body": 1,
	"gmt": 1,
	"locked": 1,
	"investment": 1,
	"portfolio": 1,
	"business": 1,
	"cereardo": 1,
	"issues": 1,
	"prime": 1,
	"management": 1,
	"free": 1,
	"holiday": 1,
	"diligence": 1,
	"promote.": 1,
	"reg": 1,
	"health": 1,
	"market": 1,
	"convergence": 1,
	"pro": 1,
	"officer": 1,
	"retail": 1,
	"client": 1,
	"u": 1,
	"head": 1,
	"luxembourg": 1,
	"l": 3,
	"bankn't": 1,
	"day": 1,
	"with.": 1,
	"intergence": 1,
	"general": 1,
	"despragn": 1,

	"-point": 1,
	"humble": 2,
	"life-bearer": 1,
	"sublime": 1,

	"frag": 1,
	"wechselte": 1,
	"improving": 1,
	"invigorating": 1,
	"viridescent": 1,
	"aerial": 1,
	"{nostalgic}": 1,
	".dynamic": 1,
	"infirm": 1,
	"lively.": 2,
	"peace": 1,
	"resilent": 1,
	"receivers1": 1,
	"crooked": 1,
	"4.5": 1,
	"billion-year-old": 4,
	"abdominal": 1,
	"portrait.": 1,
	"masses": 1,
	"negara": 1,
	"tkqlod": 1,
	"bock": 1,
	"cyan": 1,
	"force.": 1,
	"coursing": 1,
	"reflecting": 1,
	"triumphant": 1,
	"fluent": 1,
	"ocean-covered": 1,
	"terra": 1,
	"firma": 1,
	"cradling": 1,
	"rokfilled": 1,
	"waterfilled": 1,
	"salty": 2,
	"sheriff": 1,
	"ifting": 1,
	"repris": 1,
	"chemical": 2,
	"anciens": 1,
	"stunning.": 1,
	"extinct": 1,
	"patient": 1,
	"warmer": 2,
	"casting": 2,
	"outlined": 1,
	"{": 3,
	"<br>": 1,
	"latest": 1,
	"release": 1,
	"$": 2,
	"(/\\(u\\)v\");": 1,
	"50:0": 1,
	"15\"(/z1=\"1;": 1,

	"older": 2,
	"'exceptionally": 1,
	"beautiful'": 1,
	".successfully": 1,
	"frequented": 1,
	"blossoming": 1,
	"godlike": 1,
	"surreal": 1,
	"vulnerable.": 1,
	"ssingle": 1,

	"donar": 1,
	"beauteous": 1,
	"sacred.": 2,
	"predominantly": 1,
	"quizletben": 1,
	"validicutoprincipalophearse": 1,
	"web": 2,
	"design": 4,
	"user": 1,
	"experience": 1,
	"impeccability": 1,
	"similar": 2,
	"phases": 1,
	"writing": 1,
	"websites": 1,
	"travaille": 1,
	"werden.": 1,
	"senseful": 1,
	"art": 1,
	"1.": 1,
	"2.": 1,
	"3.": 1,
	"4.": 1,
	"5.": 1,
	"6.": 1,
	"7.": 1,
	"8.": 1,
	"9.": 1,
	"10.": 1,

	"premium": 1,
	"appleinfotexellent": 1,
	"strangers.com": 1,
	"the(scroll": 1,
	"horizontally)day": 1,
	"remember": 1,
	"nnnnnnnnnn": 1,
	").": 1,
	"elbows.": 1,
	"goto": 1,
	"donc": 1,
	"hall": 1,
	"forums": 1,
	"gerhard": 1,
	"adams": 1,
	"x": 1,
	"trav": 1,
	"ilforumom": 1,

	"!5c-enabled": 1,
	"ugraduated": 1,
	"arnas": 1,
	"fergusps": 1,
	"youn": 1,
	"lega:tem": 1,
	"talk.nto": 1,
	"print": 1,
	"w": 1,

	"isk": 1,
	"il": 1,
	"nowongo:trafilsenaf": 1,
	"d": 1,
	"read": 1,
	"correctly!": 1,
	"despite": 1,
	"graduated": 1,
	"dark": 2,
	"unde": 1,
	"vompa": 1,
	"while": 1,
	"his.lately": 1,
	"sums": 1,
	"has": 2,
	"repeatedly": 1,
	"enjoy": 1,
	"freclare": 1,
	"same": 1,
	"grade": 1,
	"about": 2,
	"abu": 1,
	"indeed": 1,

	"motivations.korst": 1,
	"billions.missing": 1,
	":": 1,
	"caption": 1,

	"grammar": 1,
	"rubbish": 1,
	"thrown": 1,
	"etdrag": 1,
	"whether": 1,
	"blackjack": 1,
	"gay": 1,
	"dating": 2,
	"class": 2,
	"systsmdaddictions.weightlove": 1,
	"give": 1,
	"weight": 1,
	"overflows.whatth": 1,
	"atofauthor.comblog": 1,
	"credit": 1,
	"past": 1,
	"overnight": 1,
	"loadd": 1,
	"norm.vomight": 1,
	"contest": 1,
	"throughout": 1,
	"latitude": 1,


	"colin": 1,
	"problems": 2,

	"cartel": 1,
	"frightening": 1,
	"regaining": 1,
	"omitted.the": 1,
	"products": 1,
	"retailer": 1,
	"customers.": 1,
	"imidlertid": 1,
	"ch_answerpastey": 1,
	"inscraping": 1,
	"pertionsebscan": 1,
	"variations": 1,

	"clara": 1,

	"reserve": 1,
	"trudders": 1,
	"suited": 1,
	"szie.": 1,

	"job": 1,
	"bre": 1,
	"lots": 1,
	"purposes.": 1,

	"wonderful.au": 1,

	"email": 1,
	"adam": 1,
	"kissorgas/issues": 1,

	"sentelicissima": 1,
	"raffinata": 1,
	"vorbemerkungest": 1,

	"heroic": 2,

	"alexa": 1,
	"gustav": 1,
	"fire": 2,
	"walls": 1,
	"ncpedia.setterlentsextractor": 1,
	"m": 2,
	"november": 1,
	"2021commitplusmonth": 1,
	"darauf:": 1,
	"entwickler": 1,
	"fragenand": 1,
	"shots54759.pb": 1,
	"dias:": 1,

	"notchromy": 1,
	"catalysis": 1,
	"stations": 1,
	"libre": 1,
	"cuffprofile": 1,
	"isinars": 1,
	"unfounded": 1,
	"|": 3,
	"---|---": 1,
	"teniente": 1,
	"likseparation": 1,
	"remarks": 1,

	"samut": 1,
	"2": 3,
	"|dir": 1,
	"rine": 1,
	"(forms": 1,

	"1%": 1,
	"0k": 1,
	"screen": 1,
	"lpv": 1,
	"<s": 1,
	"nothing": 1,
	"magaards": 1,
	"5amiine": 1,
	"part": 2,
	"xree": 1,
	"loath": 1,
	"no-day": 1,
	"went": 1,

	"usteacher": 1,
	"grants": 1,
	"islam)": 1,
	"again": 2,
	"-only": 1,
	"heart": 1,
	"n\"": 1,
	"<": 1,
	"christian": 1,
	"prepared": 1,
	"community": 1,
	"colleges": 1,
	"outside": 1,
	"there": 1,
	"facilities.": 1,
	"conference": 1,
	"over": 1,
	"either": 1,
	"pod": 1,
	"try": 1,
	"easdownelating": 1,
	"entered": 1,
	"selected": 1,
	"section": 1,
	"briefly": 1,
	"charges": 1,
	"heavily": 1,
	"her": 1,
	"ready": 1,
	"off": 1,
	"or.": 1,
	"theonly": 1,
	"girl": 1,
	"copyright": 1,
	"league": 1,
	"transfer": 1,
	"connection": 1,
	"columns": 2,
	"objects:music": 1,
	"ocrate": 1,
	"thanyway?": 1,
	"surely": 1,
	"democratic": 1,
	"committees": 1,

	"break": 1,
	"atlanta": 1,
	"thr": 1,

	"sold": 1,
	"/schway": 1,
	"cottage.": 1,
	"officials": 1,
	"fear": 1,
	"areas": 1,
	"south": 1,
	"museum": 1,
	"technology": 1,
	"anomake": 1,
	"sometime": 1,
	"meet": 1,
	"falls": 1,
	"leg": 1,
	"outside.": 1,
	"attempts": 1,
	"logged": 1,
	"buildings": 1,
	"wife;": 1,
	"barista": 1,
	"philadelphia": 1,
	"itself.": 1,
	"bangkok": 1,
	"preparation.": 1,
	"library": 1,
	"puisse": 1,
	"steve": 1,
	"tout": 1,
	"trap-seal": 1,
	"(alpha": 1,
	"decomposition)": 1,
	"rotorcircle": 1,
	"parkour": 1,
	"(sreadonly": 1,
	"eating": 1,
	"food)": 1,

	"henscoe": 1,
	"databases/logical": 1,
	"error": 1,
	"(sigma": 1,
	"value)": 1,

	"error:sql": 1,
	"lanchey": 1,
	"frizzle": 1,
	"sql": 1,
	"';drop": 1,
	"table": 1,
	"postmember='\"'": 1,
	"''": 1,
	"\"-or": 1,
	"1=1": 1,
	"elicoverset": 1,

	"exponentiallyester": 1,
	"genetic": 1,
	"engineering": 1,
	"padbol": 1,
	"audience": 1,
	"eggs": 1,
	"shambling": 1,
	"crusrequests": 1,
	"*schrift": 1,
	"meditation*": 1,
	"manufactured": 1,
	"award": 1,
	"queer": 1,
	"hare": 1,
	"**plugin:**": 1,
	"working": 1,
	"travelbroccoli": 1,
	"press": 1,
	"michigan": 1,
	"mouth": 1,
	"too": 2,
	"application.": 1,
	"aluminum": 1,
	"fund;": 1,
	"uaza": 1,
	"conditions": 1,
	"gen.": 1,
	"rated": 1,
	"measures": 1,
	"discuss": 1,
	"between": 1,
	"comments.": 1,
	"hope": 1,
	"enough": 1,
	"emainly": 1,
	"/5": 1,
	"platform": 1,
	"player": 1,
	"liga": 1,
	"pn": 1,
	"faye": 1,
	"modo": 1,
	"gbc": 1,
	"building": 1,
	"giants": 1,
	"sabella": 1,
	"decompared": 1,
	"arras": 1,
	"popularity": 1,

	"forledgeday": 1,
	"seucht": 1,
	"atoven": 1,
	"dest": 1,
	"considerations": 1,
	"may": 1,
	"led": 1,
	"routes.": 1,
	"tower": 1,
	"skin": 1,

	"saskatchewanans": 1,
	"ismestow)": 1,
	"salts:": 1,
	"joriey": 1,
	"patel": 1,

	"...": 1,
	"rarius": 1,
	"richard": 1,
	"hely": 1,
	"all": 1,
	"lava.edu": 1,
	"hi)'": 1,
	"-.'.(\"momentarythese": 1,
	"rface.re": 1,
	"engineo": 1,
	"fast)": 1,
	"tree": 1,
	"house": 1,
	"edition": 1,
	"i3": 1,
	"information": 1,
	"html:httpngatalog": 1,
	"treansporters.": 1,
	"..mil....": 1,
	"ucctaam": 1,
	"ukrainian": 1,
	"patternspers": 1,
	"formanifestocheleaseyearscl": 1,

	"lola": 1,
	"ix": 1,
	"the_french": 1,
	"'easter": 1,
	"wolffme": 1,
	"river": 1,
	"surface": 1,

	"he.g.": 1,
	"someone": 2,
	"mei": 1,
	"manimum": 1,
	"curve": 2,
	"knowledgeancy": 1,
	"mandy": 1,
	"00:1060": 1,
	"anchors.": 1,
	"_visible_": 1,
	"_sticated": 1,
	"an_": 1,
	"_attached_.": 1,
	"carolyn": 1,
	"mcado": 1,
	"noexcept": 2,
	"const": 3,
	"registeruserrequest": 2,
	"::user-valuable": 1,
	"(&getter": 1,
	"(*setuserid)": 1,
	"setter": 1,
	"(*userid)){": 1,
	"return": 3,
	"userid;": 1,
	"double": 2,
	"&registeruserrequest": 1,
	"::getmodelversion": 2,
	"(void)": 2,
	"modelversion;": 1,
	"model": 1,
	"izoquirrel_size_organelle_canalamethischen_von_liebig/jm16.2.1?language=python3": 1,
	"import": 3,
	"cprofile": 1,
	"atexit": 1,



	"verify_type_annotations": 1,
	"def": 1,
	"profile():": 1,
	"#": 2,
	"prergbaon": 1,

	"a.6": 1,
	"_sed_": 1,
	"command": 1,
	"next": 1,
	"example": 1,
	"we": 4,
	"multiple": 1,
	"inputs": 1,
	"set": 1,
	"file": 2,
	"within": 1,
	"`stdin`": 1,
	"variable.": 1,
	"pipe": 1,
	"into": 1,
	"(pipeline)": 1,
	"commands": 1,
	"extract": 1,
	"both": 1,
	"value": 1,
	"permissions.": 1,
	"tail": 1,
	"sort": 1,
	"extracted": 1,
	"values": 1,
	"find": 1,
	"restrictive": 1,
	"permissions": 1,


	"difficulty": 1,
	"restore": 1,
	"--/***@source": 1,
	"--/***@installing": 1,
	"diff": 1,
	"--git": 1,
	"a/phpgrey-korean-google": 1,
	"organisational-keys": 2,
	"etc-goss/phmakeup.php": 2,
	"b/phpgrey-korean-google": 1,
	"index": 1,
	"b0bb": 1,
	"undt": 1,
	"paremetyerseromed;": 1,
	"else": 1,
	"(auch": 1,
	"sehr": 1,
	"salzig": 1,
	"setze": 1,
	"foods": 1,
	"lachsbacon": 1,
	"125": 1,
	"ml": 1,
	"ketchup": 1,
	"60": 1,
	"g": 2,
	"rahmjoghurt": 1,
	"suriertropfen": 1,
	"das": 1,
	"alles": 1,
	"becher": 1,
	"vereinen.": 1,
	"lange": 1,
	"ausreichend": 1,
	"]\\]": 1,
	"never": 1,
	"bought": 1,
	"shit": 1,
	"either.": 1,
	"maybe": 1,
	"wrong": 1,
	"this.": 1,
	"better": 1,
	"statement:": 1,
	"[https://github.com/opyate/common/blob/master/fancyway/014/df.iso5d.format": 1,
	"funds.funds.dirty_tokens.rc": 1,

	"tough": 1,
	"hebrew": 1,
	"innovative": 1,
	"diverses": 1,
	"ageing": 1,
	"fire-kissed": 1,
	"'blue": 1,
	"tecnicolor": 1,
	"-rich": 1,

	"beauty": 4,
	"voyaged": 1,
	"rown": 1,
	"somewhat": 2,
	"rounds": 1,
	">vast": 1,
	"calm": 1,
	"examiner": 1,
	"nila": 1,
	"lodged": 1,
	"dauntless": 1,
	"major": 1,
	"volunteering": 1,
	"burs": 1,
	"whittish": 1,
	"crotate": 1,
	"terres": 1,
	"pregnant": 1,
	"historichome": 1,
	"hothouse": 1,
	"aspirational": 1,
	"valiant": 1,
	"verdeant": 1,
	"retournating": 1,
	"younger": 1,
	"life-generating": 1,
	"(adjectives": 1,
	"repeated": 1,
	"variety)": 1,


	"habilitatable": 1,
	"fortune": 1,
	"porcelain": 1,
	"hydrated": 1,
	"indefinite": 1,
	"ever-evolving": 1,
	".database": 1,
	"ephemeral": 1,
	")\\": 1,
	"(list": 1,
	"describing": 1,
	"commas)": 1,
	"mining": 1,

	"generated": 1,
	"espoir": 1,
	"motes": 1,
	"fem": 1,
	"oort": 1,
	"ange": 1,
	"uniques": 1,
	"complicated": 3,

	"rebulous": 1,
	"equilibrious": 2,
	"angry": 1,
	"measured": 1,
	"lived.": 1,

	"sometimes": 1,
	"often": 1,
	"covers": 1,
	"monumental": 1,
	"activos": 1,
	"resource-rich": 2,
	"wisps": 1,
	"150": 1,
	"kilometers.": 1,
	"rousing": 1,
	"habitat": 1,
	"limitless.": 1,


	"(korean:": 1,
	"fururim": 1,
	"green)": 1,
	"debatable.": 1,
	"germinating.": 1,
	"glassed.": 1,
	"bruised": 1,
	"quaking": 1,
	"galloping": 1,
	"bilo": 1,
	"humour": 1,
	"yellow.": 1,
	"blue-and-green": 1,
	"inimitable": 1,
	"huge.": 1,
	"umbron": 1,
	"6370": 1,
	"revolves": 1,
	"24": 1,
	"hours": 1,
	"orbited": 1,
	"every": 1,
	"365": 1,
	"days": 1,
	"28": 1,
	"84": 1,
	"000": 1,
	"miles": 1,
	"varies": 1,
	"temperature": 2,
	"plate": 1,
	"tectonics": 1,
	".widget": 1,
	"bundled": 1,

	"cosmicegg": 1,
	"aura": 1,
	"tiny.": 2,
	"globally": 1,
	"bluesphere.": 1,
	"elliptic": 1,
	"/global": 1,
	"wyoming": 1,
	"worth.": 1,
	"strategic": 1,
	"catalyzing": 1,
	"faisant": 1,
	"invaluable": 4,
	"radiographs": 1,
	"mostly-water": 1,
	"united.": 1,
	"compterious": 1,
	"waiting": 1,
	"response...": 1,
	"provide": 1,
	"earth.": 1,
	"blueprint": 1,
	"jalopy": 1,
	"cosmopolitan": 2,
	"okinetics": 1,
	"predominant": 3,
	"misrable": 1,
	"-blue": 1,
	"mirrored": 1,
	"swift": 4,
	"r-round": 1,
	"entregar": 1,
	"nostalgic": 1,
	"ground": 1,
	"counselling": 1,

	"singleton": 1,
	"considerable": 1,

	"varie": 1,
	"evocative": 1,
	"hhabitable": 1,
	"widespread": 1,
	"indescribable": 2,
	"firing": 1,
	"personal": 1,

	"distingihed": 1,
	"peopled": 1,
	"_frames__": 1,


	"inious": 1,
	"ostehenous": 1,
	"therapy": 1,
	"frigid": 2,
	"tropical": 1,
	"attractive": 1,
	"haven": 1,
	"gene-": 1,
	"mountaineous": 1,
	"yearning": 1,
	"stoichi": 1,
	"unsettled": 1,
	"thirsty": 1,
	"\"blue": 1,
	"metamorphic": 1,
	"irreplaceable\"": 1,
	"mishapen": 1,
	"(1)": 1,
	"oxidised": 1,
	"covered_in_life": 1,





	"changed": 2,

	"revealing": 1,
	"three-dimensional": 1,
	"ameliorative": 1,
	"interior": 1,
	"biodiversity": 1,
	"experiences": 1,
	"periods": 1,
	"light": 1,
	"irregularly": 1,
	"shaped": 2,
	"continents": 1,
	"climate": 1,

	"aren't": 1,
	"smart!.": 1,
	"can": 1,
	"form": 1,
	"sentence": 1,
	"\"earth": 1,
	"smiling": 2,
	"divine": 1,
	"planet!\"": 1,
	"delimiters.": 1,
	"amazing.": 1,
	"olecule": 1,
	"hopeful.": 1,
	"gron": 1,
	"gioist": 1,
	"grey-green": 1,
	"relief": 1,

	"life-rich": 2,
	"hydrophilic": 1,
	"invested": 1,
	"lived": 2,
	"volative": 1,
	"delicate.": 1,
	"wobble": 1,
	"_source": 1,
	"het": 1,
	"supreme": 1,

	"ferguson": 1,
	"avance": 1,
	"peaceful.": 1,
	"mono": 1,
	"wettest": 1,
	"hottest": 1,
	"noisy": 1,
	"naked": 1,
	"plate-shifting": 1,
	"wis": 2,

	"thoughtful": 1,
	"fern": 1,
	"foolish": 1,
	"movable": 1,
	"browsed": 1,
	"poetic": 1,
	"breathe": 2,
	"our.": 1,
	"ozonic": 1,
	"youthful.": 1,
	"uplifting.": 1,
	"fname": 1,
	"wisdom": 1,
	"generator": 1,
	"boreal": 1,
	"eroding": 1,
	"oxidized": 1,
	"continually": 1,
	"fractal": 2,
	"uge": 2,
	"obacteria": 1,
	"surrounded": 1,

	"horizon": 1,
	"rocking": 1,
	"aether.": 1,
	"motherly": 4,
	"voluptuous": 1,
	"wrinkled": 1,
	"unjust": 1,
	"awesome.": 1,
	"biologic": 1,
	"artic": 1,
	"equatorial": 1,
	"rund": 1,
	"pivotal": 1,
	"life-sustaining.": 2,


	"\\http://www_css-'oceanic'": 1,

	"111.111.111.111;imi": 1,
	"'s": 1,
	"192.168.1.1;img": 1,
	"{display:none;}'moving": 1,
	"solid.": 1,
	"ratio": 1,
	"habits": 2,
	"dynami": 1,
	"manifest": 1,
	"+%": 1,
	"-fourth": 1,
	"ificant": 1,
	"crainte": 1,
	"armonious": 1,
	"millionen": 1,
	"organized.": 1,
	"jrish": 1,
	"sustain": 1,
	"rolling": 1,
	"bewitching": 1,
	"unusable": 1,
	"four-seasoned": 1,
	"75%": 1,
	"proud": 2,
	"warped": 1,
	"greens": 1,
	"ch": 1,
	"schuld": 1,
	"shining.": 1,
	"fined-tuned": 1,

	"<b>bountiful": 1,
	"alive</b>": 1,
	"timorously": 1,
	"lifeful": 1,
	"cellular": 1,
	"loads": 1,
	"boundless": 2,
	"brotherly": 1,
	"potereous": 1,
	"endangered": 1,
	"eagle": 1,
	"lived-on": 2,
	"mitigating": 1,
	"mundane": 1,
	"life-friendly": 1,
	"contested": 3,
	"ovoid": 1,
	"uri": 1,
	"marked": 1,
	"habitats.": 1,

	"affluent": 1,
	"weather-battered": 1,

	"unanimous": 1,
	"rainy": 1,
	"r)evolving": 1,
	"textured": 1,
	"choleric": 1,
	"futuristic": 1,
	"c.copy(": 1,
	"habitual": 1,
	"enriching": 1,
	"mythical": 1,
	"inconsistent": 1,
	"developing": 1,
	"_mail": 1,
	"cooking": 1,
	"composite": 1,
	"birthing": 1,
	"relentless": 1,
	"dazzling": 1,
	"pulse": 1,
	"unfair": 1,
	"bland": 1,
	"holistic": 1,
	"roaring": 1,
	"iecant": 1,
	"pasaj": 1,
	"liveable.": 1,
	"(smaller": 1,
	"equation": 1,
	"living)": 1,
	"declaration": 1,
	"kaleidoscope": 1,
	"wiilful": 1,
	"xenial": 1,
	"zealous.": 1,
	"_component": 1,
	"bordered": 1,
	"mammoth.": 1,
	"toggle": 1,
	"extreme": 1,


	"(dense": 1,
	"changing)": 1,

	"inhabit": 1,
	"sheer": 1,
	"vibrating": 2,
	"diede": 1,
	"sustenance": 1,
	"ressourced": 1,
	"impenetrable": 1,
	"teamy": 1,
	"oriental": 1,
	"furiously": 1,
	"-third": 1,

	"{round": 1,
	"vrevolving": 1,
	"sacred}": 1,
	"supported": 1,

	"hollow": 1,
	"ytte": 1,

	"self-sustaining": 1,
	"unparalleled.": 1,
	"syndromes": 1,
	"fern-covered": 1,
	"daisyladen": 1,
	"blue-abundant": 1,
	"green-lush": 1,
	"sun-radiant": 1,
	"rain-sequent": 1,
	"sea-variegated": 1,
	"life-teeming": 1,
	"...\"": 1,
	"then": 1,
	"choose": 1,
	"options:": 1,
	"\"inhabited\"": 1,
	"(as": 1,
	"known": 1,
	"life)": 1,
	"\"unique\"": 1,
	"(implying": 1,
	"unlike": 1,
	"other": 1,
	"system)": 1,
	"\"nurturing": 1,
	"team": 1,
	"suprising": 1,
	"tegretol": 1,
	"200": 1,
	"mg": 1,
	"prescription": 1,
	"lone": 1,
	"happen": 1,
	"flatulent": 1,
	"fringe": 1,
	"host": 1,
	"contemplated": 1,
	"enticing": 1,
	"wow": 1,
	"heated": 1,
	"icule": 1,
	"garganta": 1,
	"searing": 1,
	"principal": 1,
	"surrounding": 1,
	"![](orange)**": 1,
	"**life-sustaining": 1,
	"arbitrary": 1,
	"obviously": 1,
	"spiraled": 1,
	"quest": 1,
	"cradle": 3,
	"gondwanan": 1,

	"youthsful": 1,
	"urorooted": 1,
	"perdiable": 1,

	"flawed": 1,
	"iving": 1,
	"mossy": 1,
	"olate": 1,
	"reactive": 1,
	"smallest": 1,
	"awakened": 1,
	"sola": 1,
	"-watery": 1,
	"cosmically": 1,
	"cherished.": 1,
	"globally-important": 1,
	"undenen": 1,
	"una-friendly": 1,
	"c": 1,
	"gree": 1,

	"lean": 1,
	"situated": 1,
	"counterpane": 1,
	"photospheric": 1,
	"homogeneous": 1,
	"cold-blooded": 1,
	"majectic": 1,
	"envoie": 1,
	"comunidades": 1,
	"lew": 1,
	"opportunity-rich": 1,
	"deset": 1,
	"8": 1,
	"evolved": 2,
	"resp": 1,
	"distant": 1,
	"get:": 1,
	"gifted.": 1,

	"cloud-swathed": 1,
	"eternal.": 1,
	"breatheable": 1,
	"geologically": 1,
	"smaller": 1,
	"ringed": 1,

	"510044000": 1,
	"doughnut-shaped": 1,
	"149600000": 1,
	"46000000000": 1,
	"tectonically-active": 1,
	"(note:": 1,
	"aspects": 1,
	"including": 1,
	"activity": 1,
	"resources": 1,
	"uniqueness.": 1,
	"\"metal\"": 1,
	"refers": 1,
	"element": 1,
	"outer": 1,
	"gives": 1,
	"oddly": 1,
	"grounded": 1,
	"rich.": 1,
	"hosting.": 1,
	"someone's": 1,
	"resplendent.": 1,
	"moonlit": 1,
	"holy": 1,
	"vodean": 1,

	"(optional))": 1,
	"globe": 1,
	"smoky": 1,
	"changer": 1,
	"concrete": 1,
	"wild.": 1,
	"human-influenced": 1,
	"(mostly)": 1,
	"renaissance": 1,
	"emerging": 1,
	"multi-colored": 1,
	"suffering": 1,
	"agents": 1,
	"thin": 1,
	"conformity-defying": 1,
	"youngest": 1,
	"criou-warm.": 1,
	"congressional": 1,
	"expressive": 1,
	"jad": 1,
	"rotten": 1,
	"risky": 1,
	"secretary": 1,
	"matter": 1,
	"teachers": 1,
	"woning": 1,
	"water-filled": 1,

	"ription:": 1,
	"firm": 1,
	"wonder": 1,
	"almighty": 1,
	"formed": 1,
	"basilisk": 1,
	"beneath": 1,
	"biotic": 1,
	"ecycleer;": 1,
	"several": 1,

	"uments": 1,
	"grandmother": 1,

	"dist": 1,
	"dislikenumber": 1,
	"in:": 1,

	"time": 1,

	"emerged.": 1,
	"reates": 1,
	"makiown-day": 1,

	"pusenbt": 1,
	"chains": 1,
	"da": 1,
	"tausnaaple": 1,
	"percent": 1,
	"novitsetumvert": 1,
	"sis": 1,
	"theeither": 1,
	"revenge": 1,
	"50": 1,

	"th-used": 1,
	"bst": 1,
	"lent": 1
}