{
	"blue": 3688,
	"chaotic": 46,
	"diverse": 3881,
	"dynamic": 3962,
	"massive": 63,
	"intricate": 172,
	"fragile": 2551,
	"vital": 29,
	"energetic": 13,
	"vast": 3495,
	"resilient": 2430,
	"ever-changing": 237,
	"interconnected": 337,
	"mysterious": 1330,
	"beautiful": 1313,
	"ancient": 1409,
	"alive.": 209,
	"rocky": 134,
	"atmospheric": 15,
	"flowing": 3,
	"living": 208,
	"rotating": 76,
	"mysterious.": 149,
	"lush": 130,
	"old": 273,
	"vibrant": 1291,
	"unique": 885,
	"fiery": 21,
	"inspiring": 15,
	"interconnected.": 62,
	"unique.": 179,
	"colorful": 55,
	"changing": 419,
	"populated": 6,
	"magnetic": 135,
	"resourceful": 75,
	"amazing": 47,
	"complex": 970,
	"innovative": 1,
	"resilient.": 192,
	"powerful": 80,
	"and": 606,
	"uncertain.": 1,
	"lively": 77,
	"historic": 15,
	"fragile.": 121,
	"watery": 260,
	"temperate": 44,
	"volcanic": 56,
	"cosmopolitan": 1,
	"spherical": 111,
	"rich": 48,
	"ancient.": 57,
	"marble": 10,
	"abundant": 27,
	"precarious": 7,
	"ever-changing.": 56,
	"spinning": 47,
	"placid": 1,
	"wild": 28,
	"expansive": 16,
	"immense": 92,
	"living.": 53,
	"majestic": 132,
	"greatest": 1,
	"changable.": 2,
	"resonant": 1,
	"active": 192,
	"oldest": 7,
	"enigmatic.": 23,
	"evolving": 161,
	"digging": 1,
	"solitery": 1,
	"life-giving": 26,
	"geologically": 24,
	"blue.": 44,
	"colossal": 3,
	"delicate": 93,
	"astonishing.": 10,
	"enigmatic": 104,
	"life-sustaining": 63,
	"fragrant": 9,
	"alive": 301,
	"mystical": 28,
	"fractal.": 2,
	"mesmerizing": 16,
	"vivacious": 4,
	"awe-inspiring.": 28,
	"enormous": 26,
	"breathtaking": 140,
	"layered": 120,
	"asyncronous": 1,
	"altitudinal": 1,
	"cohabited": 1,
	"huge": 9,
	"warm": 24,
	"ageless": 3,
	"developed": 1,
	"alpine": 2,
	"fascinating": 87,
	"mystical.": 3,
	"-weathered": 1,
	"detailed.": 1,
	"thank": 2,
	"you": 38,
	"for": 17,
	"the": 146,
	"challenge!": 2,
	"tempested": 2,
	"fertilizing.": 1,
	"beautiful.": 119,
	"blue-marbled": 2,
	"roughly-spherical": 1,
	"resplendent": 51,
	"changing.": 103,
	"rugged": 27,
	"green": 63,
	"life-sustaining.": 12,
	"intricate.": 27,
	"spaceship": 1,
	"wondrous": 97,
	"livable": 6,
	"malleable": 2,
	"ephemeral.": 1,
	"essential": 12,
	"vivid": 46,
	"dynamic(rotable)": 1,
	"aquatic": 13,
	"expansive.": 2,
	"home": 29,
	"this": 19,
	"can": 23,
	"be": 27,
	"changed": 2,
	"based": 2,
	"on": 18,
	"context": 2,
	"of": 118,
	"question.": 1,
	"powerful.": 9,
	"round": 127,
	"infinite": 23,
	"luminous": 62,
	"dotted": 1,
	"land": 5,
	"filled": 6,
	"continuously": 6,
	"static": 2,
	"life-supporting": 10,
	"spiritual": 4,
	"gritty": 2,
	"violent": 11,
	"lifeful": 2,
	"complex.": 82,
	"extraordinary.": 28,
	"oxygen": 4,
	"crowded": 5,
	"warm.": 4,
	"unpredictable": 102,
	"breathtaking.": 20,
	"winding": 10,
	"vibrant.": 34,
	"astounding.": 2,
	"teeming": 87,
	"fractured": 13,
	"influential": 2,
	"innumerable": 1,
	"captivating": 37,
	"stratify": 1,
	"enigma": 3,
	"rotund": 1,
	"aging": 8,
	"regularly-orbiting": 1,
	"&": 6,
	"it's": 8,
	"made": 5,
	"up": 6,
	"majestic.": 11,
	"water": 51,
	"large": 15,
	"varied": 64,
	"natural.": 1,
	"moderately": 1,
	"temperamental": 9,
	"elliptical": 9,
	"resource-rich": 14,
	"awe-inspiring": 57,
	"bodies": 2,
	"stressed": 1,
	"cold": 17,
	"trendy": 1,
	"fascinating.": 19,
	"irreplaceable": 3,
	"humid": 15,
	"dense": 12,
	"extensive": 2,
	"noisy.": 2,
	"tangerine": 1,
	"intriguing": 43,
	"resilience": 6,
	"livable.": 1,
	"profound": 6,
	"outlandish": 1,
	"at": 6,
	"times": 1,
	"celestial": 6,
	"fleeting": 2,
	"water-rich": 69,
	"orange": 1,
	"wooden": 1,
	"rotating.resilient.": 1,
	"1": 5,
	"sustaining": 21,
	"episodically": 1,
	"young": 11,
	"deathly": 1,
	"hot": 20,
	"radioactive": 1,
	"unyielding": 4,
	"earth": 48,
	"covered": 5,
	"in": 30,
	"water.": 4,
	"incredible": 32,
	"one.": 3,
	"shared": 1,
	"56": 1,
	"gravity": 2,
	"myriad": 3,
	".": 22,
	"last": 6,
	"word": 13,
	"has": 5,
	"been": 3,
	"truncated": 1,
	"since": 4,
	"actually": 2,
	"\"myriads\"": 1,
	"--": 2,
	"thousands": 2,
	"there": 8,
	"are": 25,
	"myriads": 2,
	"ways": 1,
	"to": 95,
	"describe": 20,
	"earth.": 15,
	"kind": 4,
	"productive": 2,
	"resourced": 3,
	"volatile": 167,
	"remarkable": 21,
	"wondrous.": 26,
	"intertwined": 8,
	"challenging": 6,
	"contrast": 1,
	"diverse.": 16,
	"mzee": 1,
	"interconneriected": 1,
	"hospitaiiary": 1,
	"extraordinary": 32,
	"precarious.": 4,
	"enthralling.": 1,
	"historical": 15,
	"alivve": 1,
	"\u043e\u0434\u043d\u0443-aged": 1,
	"enchanting": 45,
	"residential": 3,
	"full": 17,
	"life.": 6,
	"inhabited": 37,
	"essential.": 6,
	"witnessing": 1,
	"reality": 1,
	"devolving": 1,
	"natures": 1,
	"blueprint.noteworthy.": 1,
	"magnificent": 109,
	"sphere.": 3,
	"curious": 3,
	"awakening": 1,
	"lush.": 5,
	"turbulent": 49,
	"fertile": 27,
	"changeable": 44,
	"cosmic": 6,
	"interdependent.": 18,
	"equlentately": 1,
	"epic.": 1,
	"life": 62,
	"supporting": 5,
	"gigantic.": 2,
	"dependent": 1,
	"time": 8,
	"some": 6,
	"other": 3,
	"adjectives": 20,
	"that": 25,
	"could": 16,
	"various": 11,
	"different": 7,
	"aspects": 1,
	"instance": 1,
	"frigid": 9,
	"or": 20,
	"boiling": 1,
	"temperatures": 1,
	"used": 10,
	"gaseous": 5,
	"layers.": 2,
	"flooding": 1,
	"vastly.": 1,
	"ecosystem-filled": 1,
	"variable": 5,
	"protectable.": 1,
	"vulnerable": 19,
	"bountiful": 19,
	"mountainous": 32,
	"stormy": 15,
	"temperate.": 2,
	"precious": 53,
	"stunning.": 7,
	"pioneering": 1,
	"epic": 3,
	"breath-taking": 10,
	"teeming.": 12,
	"diverse:": 1,
	"complex:": 2,
	"habitable": 24,
	"it": 35,
	"is": 60,
	"one": 24,
	"tiny": 5,
	"water-filled": 7,
	"often": 8,
	"tranquil": 4,
	"planet": 41,
	"where": 3,
	"possible.": 2,
	"ominous": 6,
	"serene": 32,
	"hospitable": 52,
	"old.": 13,
	"compelling": 5,
	"generous": 7,
	"hellish": 1,
	"growing": 4,
	"immensely": 2,
	"silent": 2,
	"uvital": 1,
	"gorgeous": 7,
	"tectonically": 13,
	"small.": 1,
	"blue;": 1,
	"a": 68,
	"covering": 2,
	"therefore": 1,
	"classified": 1,
	"as": 24,
	"however": 4,
	"also": 15,
	"considered": 5,
	"summers": 1,
	"cycling": 2,
	"between": 2,
	"extremes": 1,
	"mild": 1,
	"extremely": 2,
	"periods.": 1,
	"crucial": 4,
	"changes": 2,
	"constant": 7,
	"admirable.": 1,
	"ethereal": 2,
	"constantly": 7,
	"its": 16,
	"surface": 8,
	"bright": 2,
	"even": 3,
	"harboring": 1,
	"environment": 6,
	"intriguing.": 7,
	"harmonious": 4,
	"everchanging": 7,
	"vibrart": 1,
	"gigantic": 3,
	"magestic": 3,
	"(inconsistent)": 1,
	"magical": 57,
	"ever": 34,
	"uneven": 1,
	"persistent": 1,
	"spacious.": 2,
	"magical.": 15,
	"fierce": 8,
	"unpredictable.": 8,
	"sphere": 9,
	"great": 5,
	"diversity": 4,
	"cyclical": 3,
	"motion.": 1,
	"stunning": 23,
	"astonishingly": 1,
	"teems": 1,
	"grows": 1,
	"here.": 2,
	"charitable": 1,
	"bearing": 2,
	"radiant.": 7,
	"global": 1,
	"interrelated": 1,
	"nurturing.": 1,
	"awesome": 9,
	"imaginative": 1,
	"water-covered": 12,
	"geological": 18,
	"robust": 6,
	"poetic": 3,
	"republishing": 1,
	"transforming": 5,
	"misunderstood.": 1,
	"amazing.": 17,
	"peculiar": 2,
	"unfathomable": 1,
	"magnificent.": 31,
	"interdependent": 45,
	"nurturing": 34,
	"enignated.": 1,
	"liquid": 11,
	"bsdterranean": 1,
	"sustainable.": 5,
	"active.": 12,
	"imperiled": 1,
	"lives": 2,
	"river": 1,
	"transitions": 1,
	"luvious.": 1,
	"waterfilled": 1,
	"resilent": 6,
	"sustaining.": 6,
	"mrsxntanciousearthly": 1,
	"b\u043a\u0438\u0445": 1,
	"boundless.": 5,
	"shifting": 7,
	"charming": 26,
	"protean": 4,
	"precious.": 12,
	"finite": 10,
	"infinitesimally": 1,
	"small": 5,
	"valuable": 6,
	"spinning.": 5,
	"enduring.": 5,
	"bonniving": 1,
	"vanishing.": 1,
	"demanding": 2,
	"climate": 4,
	"spiral": 1,
	"forms.": 5,
	"flourishing": 4,
	"shimmering": 3,
	"frustrating": 1,
	"breath": 5,
	"taking": 4,
	"exhausting": 1,
	"mosaic": 1,
	"spectacular.": 6,
	"resounding": 1,
	"world": 10,
	"complicated": 4,
	"round.": 8,
	"tangled": 2,
	"captivating.": 5,
	"life-bearings": 1,
	"singular": 1,
	"intense.": 2,
	"lonely": 9,
	"how": 6,
	"i": 37,
	"briefly": 1,
	"it.": 1,
	"tilting": 2,
	"mechanical": 1,
	"(earth": 1,
	"rotates": 1,
	"system)": 1,
	"watery.": 14,
	"dynamic.": 38,
	"cool": 3,
	"tumultuous": 13,
	"multicultural": 2,
	"melt": 1,
	"sustain.": 1,
	"long-living": 1,
	"rocky.": 6,
	"grand": 7,
	"barren": 1,
	"auspicious.": 1,
	"magnetizing": 2,
	"inter-connected": 6,
	"rolling": 2,
	"spirited": 10,
	"caustically": 1,
	"mesmerizing.": 5,
	"hydrosphereic": 1,
	"shivered(": 1,
	"layers)": 1,
	"bountiful.": 3,
	"awesome.": 3,
	"intermixed": 2,
	"inhabitable": 5,
	"adventurous": 1,
	"multisymmetrical": 1,
	"detached": 1,
	"stratospheric": 1,
	"less": 4,
	"settled": 1,
	"liminal.": 1,
	"magnetic.": 7,
	"\uc54c\uc9c0": 1,
	"dirty": 1,
	"astonishing": 12,
	"charging": 2,
	"tesselated": 1,
	"tectonics": 1,
	"plates": 3,
	"orbited.": 1,
	"wet": 18,
	"\u043d\u044c": 1,
	"life-tum}haveable": 1,
	"nunderstood": 1,
	"teemng": 1,
	"nuffumer.s_available.": 1,
	"blue-marble": 1,
	"solids": 1,
	"dendritic": 1,
	"ferrous": 1,
	"aqueos": 1,
	"frail": 12,
	"seasons": 3,
	"big": 5,
	"blue-green": 7,
	"lifegiving.": 1,
	"noisy": 2,
	"tectonic": 20,
	"geographically": 3,
	"life-bearing": 5,
	"toned": 1,
	"spiraling": 5,
	"trilobite-dominant": 1,
	"astounding": 5,
	"busy": 1,
	"globular": 2,
	"juxtaposed": 1,
	"muddied": 1,
	"magnetized": 3,
	"pounding": 1,
	"abundant.": 5,
	"wise": 1,
	"marvelous": 6,
	"sticky": 1,
	"wonderous": 1,
	"colorful.": 4,
	"due": 3,
	"71%": 1,
	"which": 6,
	"reflected": 1,
	"satellite": 1,
	"imagery.": 1,
	"terms": 1,
	"ecosystems": 5,
	"with": 35,
	"each": 7,
	"continent": 2,
	"body": 1,
	"an": 12,
	"axis": 1,
	"orbiting": 2,
	"around": 2,
	"sun": 5,
	"pulling": 1,
	"into": 4,
	"shining": 1,
	"known": 1,
	"our": 10,
	"being": 5,
	"only": 15,
	"supports": 2,
	"human": 1,
	"environmentally": 2,
	"galaxy": 1,
	"milky": 1,
	"way": 1,
	"having": 3,
	"lastly": 1,
	"earths": 1,
	"characteristic": 2,
	"able": 1,
	"recover": 1,
	"from": 8,
	"adjust": 1,
	"easily": 1,
	"state": 2,
	"equilibrium": 1,
	"after": 2,
	"stress": 2,
	"disturbance.": 1,
	"waxy": 1,
	"volatile.": 5,
	"remarkable.": 11,
	"beloved.": 1,
	"delicate.": 6,
	"truly": 2,
	"\u0627\u0644\u0642\u0627\u0626\u0645\u0629\u060c": 1,
	"life-filled": 8,
	"erotogenic": 1,
	"stressorful": 1,
	"coherent": 1,
	"asteroid-dodging": 1,
	"frragile": 3,
	"wet.": 1,
	"inhospitable": 6,
	"balancing": 1,
	"surprising": 8,
	"tropical": 5,
	"frantic": 5,
	"scenic": 9,
	"distinctive": 2,
	"luminous.": 12,
	"revolving": 4,
	"evolving.": 24,
	"singular-": 1,
	"semi-colonial-periods-have": 1,
	"passed": 1,
	"yet": 18,
	"not": 11,
	"locus-quantitative": 1,
	"healing-small": 1,
	"movements": 1,
	"potentially": 2,
	"destructive": 2,
	"hospitable.": 9,
	"climate-changing": 1,
	"miraculous": 6,
	"wonders": 3,
	"illumination": 1,
	"paradox.": 1,
	".***": 1,
	"storming": 1,
	"sustainable": 7,
	"vibrrant": 2,
	"messy": 1,
	"marvelous.": 2,
	"spiraled": 2,
	"fragmented": 20,
	"inhospitable.": 2,
	"sacred.": 3,
	"intertwined.": 2,
	"animated": 6,
	"spectacular": 17,
	"magnetically": 1,
	"bustling": 7,
	"terraforming": 1,
	"resentful": 1,
	"harbored": 1,
	"healer": 1,
	"storied": 4,
	"striking": 4,
	"perfectly": 1,
	"mighty": 4,
	"livng.": 1,
	"enchanted": 6,
	"evocative": 5,
	"inter": 5,
	"connected": 16,
	"blueprint": 8,
	"magentic": 3,
	"solid": 21,
	"inhabitable.": 2,
	"tempestuous": 18,
	"organic": 2,
	"inferno": 1,
	"time-honed": 1,
	"weather-worn": 1,
	"vast.": 11,
	"endless": 10,
	"weatherworld.": 1,
	"fracted": 1,
	"lively.": 7,
	"ever-evolving": 1,
	"deployment": 1,
	"earthy": 2,
	"please": 7,
	"check": 1,
	"if": 11,
	"need": 2,
	"anything": 2,
	"else.": 1,
	"natural": 6,
	"enlightened": 1,
	"frractured": 1,
	"frgile": 2,
	"possesses": 1,
	"wide-layered": 1,
	"'tectonic';": 1,
	"extremities": 1,
	"understand;": 1,
	"sacred": 9,
	"modifying": 1,
	"terrains": 1,
	"bright.": 2,
	"interconneceted": 1,
	"timeless": 3,
	"wonderfully": 1,
	"interwoven": 1,
	"chutric": 1,
	"fragrnant": 1,
	"radiant": 18,
	"nutrient-rich": 1,
	"responsive": 1,
	"changable": 3,
	"rotational": 4,
	"educational": 1,
	"spheres": 6,
	"mother": 2,
	"black": 2,
	"splinched": 1,
	"empathetic": 1,
	"aware": 2,
	"rocking": 1,
	"stret": 1,
	"all": 13,
	"amiable": 1,
	"almighty": 1,
	"artful": 1,
	"color": 4,
	"ocean": 1,
	"motley": 1,
	"seeing": 1,
	"space": 4,
	"beneath": 6,
	"your": 5,
	"feet": 1,
	"breathing": 7,
	"mesmerising": 1,
	"hazy": 1,
	"geologically-active": 3,
	"mostly-blue.": 1,
	"high": 2,
	"mountains": 6,
	"transitioning": 1,
	"like": 8,
	"marble.": 3,
	"olle": 1,
	"leptious": 1,
	"floating": 5,
	"extreme": 1,
	"cloud-covered": 1,
	"fractious": 2,
	"habitat": 4,
	"verdescent": 1,
	"ozone-covered": 1,
	"water-rich.": 3,
	"overwhelming": 2,
	"immmeasurable": 1,
	"expensive": 1,
	"maintain": 1,
	"connectors": 1,
	"between-polar": 1,
	"im": 1,
	"so": 10,
	"sorry": 2,
	"but": 25,
	"reached": 1,
	"10th": 2,
	"ask": 3,
	"question": 2,
	"mention": 2,
	"reference": 1,
	"country": 1,
	"complete": 3,
	"blue-violet": 1,
	"clouded": 2,
	"nitrous": 1,
	"energetic(polarity": 1,
	"corona": 1,
	"emissions": 1,
	"gravity)": 1,
	"uncharted": 1,
	"\u043f\u0440\u0435\u043a\u0440\u0430\u0441\u043d\u044b\u0439": 1,
	"\u0440\u0443\u0441\u0441\u043a\u0438\u043c": 1,
	"rivers": 2,
	"mingle": 1,
	"amongst": 1,
	"oceans": 6,
	"expand": 1,
	"surreal": 4,
	"universe": 2,
	"enthrals!": 1,
	"\"blue": 2,
	"none": 1,
	"separate": 1,
	"words": 18,
	"subtly": 1,
	"separates": 1,
	"ten": 15,
	"plus.": 1,
	"expressive": 1,
	"melting": 2,
	"gravitationally": 2,
	"oxygen-rich": 1,
	"hydrated": 1,
	"charcoal": 1,
	"radiating": 1,
	"crystalline.": 1,
	"}.": 1,
	"these": 13,
	"earth\u2019s": 1,
	"appearance": 1,
	"scale": 1,
	"variety": 2,
	"nature": 3,
	"inherent": 1,
	"value": 1,
	"qualities": 1,
	"vulnerability": 1,
	"evolution.": 1,
	"iron": 1,
	"enchanting.": 19,
	"etc.": 3,
	"read": 1,
	"much": 3,
	"info": 2,
	"observations": 1,
	"world.": 2,
	"hostile": 18,
	"flawed": 5,
	"home.": 27,
	"endless.": 2,
	"splendid": 3,
	"glowing": 4,
	"third": 3,
	"largest": 2,
	"terrestrial": 11,
	"humanoid.": 1,
	"contemporary": 2,
	"eternal": 9,
	"life-bound": 1,
	"colors": 3,
	"windy": 7,
	"swirling": 2,
	"planet.": 6,
	"microcosmic": 1,
	"life-harboring": 1,
	"wonderful": 8,
	"incredible.": 10,
	"brilliant": 7,
	"historal": 1,
	"existing": 1,
	"wonders.": 1,
	"produce": 1,
	"icy": 5,
	"deserts": 2,
	"rising": 2,
	"streams": 1,
	"landscapes.": 2,
	"imperative": 2,
	"describing": 4,
	"multiple": 3,
	"ways.": 1,
	"vastly": 7,
	"composed": 1,
	"areas": 2,
	"sky": 2,
	"otherwise": 1,
	"benevolent": 4,
	"amount": 2,
	"organisms": 1,
	"environments.": 1,
	"would": 8,
	"their": 2,
	"calm": 1,
	"change": 2,
	"regions": 1,
	"something": 5,
	"incredibly": 4,
	"important": 2,
	"interact": 1,
	"multitude": 1,
	"levels.": 1,
	"'resilient'": 1,
	"frowns": 1,
	"during": 2,
	"handling": 1,
	"future": 2,
	"break": 1,
	"liveable": 1,
	"driving.": 1,
	"transformative": 13,
	"red": 2,
	"textured": 5,
	"luscious": 3,
	"turquoise": 1,
	"mottled": 1,
	"fred": 1,
	"blue-map": 1,
	"churning": 6,
	"inexplicable": 1,
	"manifolds": 1,
	"energetic.": 5,
	"old.**living": 1,
	"unique**": 1,
	"moving": 5,
	"t": 3,
	"strange": 1,
	"indefinable.": 1,
	"infinite.": 8,
	"multicellular": 1,
	"youthful.": 1,
	"mineral": 1,
	"range-covered": 1,
	"**vast**": 1,
	"**blue**": 1,
	"**diverse**": 1,
	"**dynamic**": 1,
	"**challenging**": 1,
	"**beautiful**": 1,
	"**fragile**": 1,
	"**mysterious**": 1,
	"**resilient**": 1,
	"**vital**.": 1,
	"evil.": 1,
	"regenerative": 1,
	"solitary": 6,
	"hydrous.": 1,
	"careless": 1,
	"intricately": 4,
	"beautified": 1,
	"spacequeen": 1,
	"eccentric": 4,
	"still": 2,
	"mineral.": 2,
	"equatorial": 1,
	"polar": 1,
	"geothermica.": 1,
	"mostly": 6,
	"hidden": 1,
	"\u00b0chostly": 1,
	"chaotic.": 4,
	"divers": 3,
	"estunning": 1,
	"protective": 8,
	"homey.": 1,
	"stratosphere": 1,
	"comes": 1,
	"mind.": 2,
	"urged": 1,
	"rough": 4,
	"inpenetrabable": 1,
	"mountain.": 1,
	"habitable.": 6,
	"hosting": 2,
	"self": 2,
	"harsh": 10,
	"indomitable": 2,
	"hardearned": 1,
	"[": 1,
	"varyably": 1,
	"generally": 3,
	"round].": 1,
	"caring": 1,
	"insects": 1,
	"plants": 2,
	"hosts": 1,
	"numerous": 2,
	"people.having": 1,
	"environments": 1,
	"humans": 2,
	"ilicous": 1,
	"leanable": 1,
	"olisvg": 1,
	"ricon": 1,
	"geothermal": 2,
	"powered": 1,
	"by": 11,
	"mistral": 1,
	"ai": 2,
	"peaceful": 2,
	"sprawling": 3,
	"solar.": 2,
	"moldy": 1,
	"harmless": 1,
	"orbital": 2,
	"climatic": 2,
	"rounded": 4,
	"glacial.": 1,
	"gageously": 1,
	"creation": 1,
	"rotating.": 2,
	"gull": 1,
	"know": 4,
	"triumphant": 1,
	"terraformative": 1,
	"estate.": 1,
	"reliant": 1,
	"organically": 1,
	"challenging.": 3,
	"mangled": 1,
	"cradled": 1,
	"her": 2,
	"black-rocked": 1,
	"slender": 1,
	"belt": 1,
	"wreaths": 1,
	"light": 3,
	"air.": 1,
	"**.": 1,
	"complex**.": 1,
	"have": 9,
	"chosen": 1,
	"any": 6,
	"many": 7,
	"more.": 2,
	"group": 1,
	"expresses": 1,
	"things.": 1,
	"don't": 3,
	"enough": 1,
	"additional": 1,
	"what": 9,
	"information": 4,
	"you're": 1,
	"really": 3,
	"trying": 2,
	"get.": 1,
	"just": 5,
	"easy": 2,
	"answer": 2,
	"give": 2,
	"fun.": 1,
	"let": 3,
	"me": 4,
	"else": 2,
	"more": 13,
	"say": 6,
	"about": 10,
	"this.": 1,
	"changeloming": 1,
	"special": 1,
	"cascading": 1,
	"roaming": 2,
	"7": 4,
	"added:": 1,
	"provided": 1,
	"pivotal": 1,
	"boundless": 15,
	"humming": 2,
	"(because": 1,
	"wind": 1,
	"seas": 2,
	"people": 1,
	"work)": 1,
	"gifted": 2,
	"limited": 6,
	"gawiege": 1,
	"gravity-filled": 1,
	"fluidic": 2,
	"hilly": 5,
	"interphase.": 1,
	"spin-heavy": 1,
	"exceptionally": 1,
	"facing": 1,
	"challenges.": 1,
	"engaging": 2,
	"interlocking": 1,
	"arid": 7,
	"biologically": 2,
	"reshke": 1,
	"and.": 2,
	"evolving**": 1,
	"**": 1,
	"valuable.": 1,
	"shapes": 1,
	"biosphere": 1,
	"sourced": 1,
	"nutrient": 1,
	"recycling": 1,
	"system.": 1,
	"funky.": 1,
	"under": 2,
	"gothic": 1,
	"austere": 2,
	"sculpted": 3,
	"ever-": 3,
	"spiraling.": 3,
	"chameleonic": 1,
	"senior": 1,
	"life-teeming": 1,
	"elliptically": 1,
	"shaped": 3,
	"vastitude": 1,
	"well-advanced.": 1,
	"immunobling": 1,
	"mitigateing": 1,
	"breathtakingly": 1,
	"role-critical": 1,
	"catalina": 1,
	"framed": 1,
	"over": 2,
	"bay": 1,
	"memories.": 1,
	"[as": 1,
	"oreover": 1,
	"70%": 2,
	"water]": 2,
	"exhilarating.": 1,
	"coastal": 1,
	"rebellious": 1,
	"sheltered": 1,
	"rocking.": 1,
	"cohesive": 2,
	"transient": 2,
	"contrasts": 1,
	"delicious": 1,
	"unforgettable": 1,
	"changeless": 1,
	"ever-changing:": 1,
	"textile": 1,
	"destructible": 1,
	"weak": 1,
	"magic.": 1,
	"strong": 5,
	"vital.": 7,
	"oceanic": 10,
	"porous": 2,
	"enticing": 1,
	"young.": 3,
	"aromatic": 1,
	"national": 1,
	"hazard": 1,
	"intercontinental": 1,
	"magnesium": 1,
	"oxide": 1,
	"enriched.": 1,
	"epigenetic": 1,
	"dazzling.": 2,
	"antiquated": 1,
	"hemispherical.": 2,
	"edgeless": 1,
	"celestial.": 1,
	"\u0442\u0435\u043b\u044c\u043d\u0430\u044f": 1,
	"\u0432\u0452": 1,
	"\u062d\u0635\u0644": 1,
	"dynamo": 1,
	"disposed.": 1,
	"ancientl": 1,
	"magnificient": 1,
	"humbling": 6,
	"almost": 1,
	"adjectives...": 1,
	"equals": 1,
	"eleven": 2,
	"broad": 1,
	"ect": 1,
	"strawbling.grand": 1,
	"series": 1,
	"resuilient": 1,
	"little": 2,
	"insufferaible.": 1,
	"ongoing": 1,
	"interconnected:": 1,
	"encompassing": 2,
	"lovable": 1,
	"spirit": 2,
	"moved": 1,
	"ecological": 1,
	"massive.": 1,
	"potteric": 1,
	"covered.": 1,
	"changeable.": 8,
	"refreshing": 2,
	"honest": 1,
	"my": 4,
	"task": 2,
	"very": 3,
	"difficult": 1,
	"limiting": 2,
	"usage": 1,
	"without": 1,
	"using": 5,
	"conjunctions.": 1,
	"sure": 2,
	"were": 3,
	"expecting": 1,
	"here": 3,
	"goes:": 1,
	"waternary": 1,
	"graceful": 1,
	"moonlit": 2,
	"uniquely": 4,
	"tilted": 6,
	"inspirational.": 1,
	"oxygen-producing": 1,
	"mystifying": 4,
	"older": 4,
	"(yes": 1,
	"closest": 1,
	"\"alive\"": 1,
	"wanted": 3,
	"keep": 1,
	"list": 6,
	"simple.)": 1,
	"o-fluid": 2,
	"adjetives": 1,
	"(": 2,
	"compsmotion": 1,
	"continents.)": 1,
	"humbling.": 3,
	"enduring": 14,
	"resourceful.": 1,
	"budding": 1,
	"voluminous": 4,
	"mesmerzing": 1,
	"dark": 4,
	"maternal": 1,
	"harsh.": 1,
	"lifeguiding": 1,
	"reformas": 1,
	"fluid": 10,
	"rugged.": 1,
	"everything": 2,
	"paradoxical": 1,
	"3d": 2,
	"oxygenated": 4,
	"intacted": 1,
	"britannica": 1,
	"enlightening": 1,
	"creative.": 1,
	"flanking": 1,
	"planetary": 3,
	"landforms.": 1,
	"cosy.": 1,
	"secluded": 1,
	"continuous.": 1,
	"weathered": 2,
	"\u0646\u0642\u064a\u0629": 1,
	"(pure).": 1,
	"bewildering": 5,
	"inflaming.": 1,
	"life-must-colonizing": 1,
	"temperamental.": 1,
	"smiling": 1,
	"marbleous": 1,
	"vibrnt": 1,
	"(used": 1,
	"twice)": 2,
	"puzzling": 4,
	"dazzling": 7,
	"entire": 1,
	"efficient": 1,
	"geography": 1,
	"adaptable.": 2,
	"stperfectiv": 1,
	"desert": 2,
	"equatorial.": 1,
	"follows": 1,
	"fraught": 1,
	"oasis": 2,
	"bold": 4,
	"lergen": 1,
	"geologyally": 1,
	"dynamically": 3,
	"dramatic.": 1,
	"age-old": 4,
	"stratified": 1,
	"fiercely": 1,
	"rarely": 2,
	"conjunctured": 1,
	"solitude": 1,
	"seventy:/mostly": 1,
	"prominent": 2,
	"white": 1,
	"perceived": 1,
	"clouding": 1,
	"atmosphere": 5,
	"/if": 1,
	"name": 2,
	"five": 3,
	"type": 1,
	"characteristics.": 1,
	"wavering": 1,
	"vasterugeous": 1,
	"probably": 2,
	"thought": 2,
	"everyone": 1,
	"mentions": 1,
	")": 3,
	"resistant": 1,
	"spiteful": 1,
	"ingenious": 2,
	"ephemeral": 2,
	"humanity.": 2,
	"frastical": 1,
	"formless": 1,
	"rainforested": 1,
	"ats": 1,
	"spots": 1,
	"year": 3,
	"70.8%": 1,
	"elderly": 1,
	"divine": 2,
	"three-dimensional": 3,
	"whimsical": 1,
	"alien": 1,
	"alluring": 2,
	"viewed": 1,
	"perspective": 2,
	"labeled": 1,
	"as:": 1,
	"trekable.": 1,
	"yellowish-green": 1,
	"ice": 2,
	"(the": 2,
	"latter": 1,
	"two": 2,
	"referring": 1,
	"white)": 1,
	"rust": 1,
	"gravity.": 1,
	"am": 5,
	"allowed": 1,
	"explain": 1,
	"will": 6,
	"consider": 2,
	"like.": 1,
	"aphasic": 1,
	"sensitive": 4,
	"life-surfing": 1,
	"vibrating": 4,
	"eight": 2,
	"nine-thousand": 1,
	"names": 1,
	"continents": 1,
	"meters": 1,
	"circumference.": 1,
	"awe": 3,
	"\u03c4\u03bf\u03c5rbulent": 1,
	"oxygenated.": 1,
	"forever": 4,
	"tempestuous.": 2,
	"soil": 1,
	"fraternal": 1,
	"terestrial": 1,
	"continous.": 1,
	"pasando": 1,
	"-5": 1,
	"compositional/physical": 1,
	"attributes": 2,
	"saying": 1,
	"appears.": 1,
	"references": 2,
	"both": 2,
	"3": 4,
	"dimensional": 3,
	"features:": 1,
	"hills": 1,
	"rocks": 1,
	"valleys": 2,
	"follow": 1,
	"sentence.this": 1,
	"reflects": 1,
	"earth's": 2,
	"form.": 1,
	"divisor": 1,
	"worlds": 1,
	"signifying": 1,
	"distinction": 1,
	"intersection": 1,
	"meaning": 1,
	"points": 1,
	"they": 2,
	"do": 4,
	"intersect.": 1,
	"story": 3,
	"-": 5,
	"'pausing'": 1,
	"things": 6,
	"unfold": 1,
	"then": 4,
	"'passing/": 1,
	"past": 3,
	"'": 1,
	"delivers": 1,
	"ending": 1,
	"beauty.": 1,
	"elliptical.": 2,
	"original": 1,
	"lived": 4,
	"in.": 2,
	"spheresical": 1,
	"sixth": 1,
	"endeavouring": 1,
	"indeterminate": 1,
	"resilients": 1,
	"youthful": 6,
	"ailing": 1,
	"sustenitious.": 1,
	"rotations": 1,
	"anf": 1,
	"accessible": 1,
	"effervescent": 1,
	"changeless.": 1,
	"mature": 1,
	"liferooted.": 1,
	"capy": 1,
	"treasures": 1,
	"blue-orange-and-green": 1,
	"hydrophilic": 1,
	"mammoth": 2,
	"hybrid": 1,
	"delightful.": 1,
	"skies": 2,
	"clouds": 3,
	"forests": 2,
	"continually": 3,
	"specific": 3,
	"landscape?": 1,
	"austin": 1,
	"shy": 1,
	"circular": 3,
	"densly": 1,
	"populated.": 1,
	"dusty": 5,
	"forward-moving": 1,
	"single": 4,
	"troubled": 2,
	"resrouceful": 1,
	"\u2013": 2,
	"green.": 4,
	"surviving": 2,
	"colorfully": 1,
	"suitable": 1,
	"\u0437\u043d\u0430\u044e\u0438": 1,
	"lit": 3,
	"geo-diverse.": 1,
	"blue-dot": 1,
	"moist": 2,
	"magnet\u201d.": 1,
	"voices": 1,
	"added": 1,
	"rules": 1,
	"10": 8,
	"see": 2,
	"outcome:": 1,
	"planet!": 1,
	"eating": 1,
	"playing": 1,
	"out\u2014together.": 1,
	"twirling": 1,
	"tilted.": 1,
	"dimensional.": 2,
	"enested": 1,
	"continuos.": 1,
	"sending": 1,
	"pristine": 1,
	"interactive": 5,
	"irreplaceable.": 2,
	"tantalising": 1,
	"impermanent": 1,
	"asymmetrical": 1,
	"corrugated": 1,
	"unbounded": 1,
	"we": 3,
	"live": 4,
	"happens": 1,
	"interesting": 6,
	"strategic": 1,
	"awake": 1,
	"nought": 1,
	"impossible.": 1,
	".blue": 2,
	"wilful": 1,
	"immense.": 2,
	"cape": 1,
	"town": 1,
	"patchy": 1,
	"\u00f4ur": 1,
	"glied": 1,
	"icy.": 1,
	"explored": 1,
	"grid-like": 1,
	"luxuriant": 1,
	"comparing": 1,
	"universe.": 2,
	"alivechanging": 1,
	"fine": 1,
	"self-healing": 1,
	"bartlett": 1,
	"idea": 1,
	"tense": 1,
	"renewing": 2,
	"exquisite": 2,
	"bluish": 1,
	"senescence": 1,
	"tumultuous.": 1,
	"synchronized": 1,
	"spherical.": 3,
	"tough": 2,
	"sunlit": 2,
	"lifesustaining": 1,
	"mesmorizing.": 1,
	"nourishing": 6,
	"pupils": 1,
	"mountainous.": 2,
	"solar": 2,
	"-lived": 1,
	"note": 3,
	"\"blue\":": 1,
	"description": 2,
	"'blue'": 1,
	"fairly": 2,
	"accurately": 2,
	"sense": 1,
	"appears": 1,
	"colour": 1,
	"planets": 3,
	"observable": 1,
	"according": 2,
	"observed": 1,
	"photographic": 1,
	"logging": 1,
	"planets.": 1,
	"atmospheric.": 3,
	"davenport": 1,
	"matter\u0442\u0443\u0440": 1,
	"reslutent": 1,
	"cambiarel": 1,
	"aerosolized": 1,
	"changer": 1,
	"majestyic": 1,
	"verdant": 8,
	"caretaker": 1,
	"welcoming": 2,
	"arena": 1,
	"groundbreaking.": 1,
	"isolated": 3,
	"dry": 4,
	"\u0627\u0648": 1,
	"maiden.": 1,
	"densely": 1,
	"water-abundant": 1,
	"magenta": 1,
	"twisting.": 1,
	"elusive.": 1,
	"alerting": 1,
	"biodiverse.": 1,
	"\u84dd\u8272\u7684\u3001\u84ec\u52c3\u7684\u3001\u590d\u6742\u7684\u3001\u72ec\u7279\u7684\u3001\u7f8e\u4e3d\u7684\u3001\u591a\u6837\u5316\u7684": 1,
	"\u3001": 1,
	"\u56db\u5b63\u3001\u5145\u6ee1\u6d3b\u529b\u7684\u3001\u5404\u79cd\u666f\u8272\u7684\u3001\u5192\u9669\u7684": 1,
	"crowded.": 2,
	"spectral": 1,
	"\u0111\u1ed9ng": 1,
	"vivid.": 3,
	"changging": 1,
	"restless": 3,
	"saline": 1,
	"raw": 4,
	"lyrical": 1,
	"ecosystem": 1,
	"predictable": 1,
	"-soluble": 1,
	"declining": 1,
	"connected.": 1,
	"beguiling": 2,
	"ornate": 1,
	"diversified": 1,
	"proud": 1,
	"wilderness": 1,
	"geode": 1,
	"residing": 1,
	"exceptional": 1,
	"irresistible": 1,
	"eco-friendly": 1,
	"cylindrical": 1,
	"aging.": 1,
	"sheer(so": 1,
	"armour)": 1,
	"smooth(when": 1,
	"looking": 1,
	"top-down)": 1,
	"small-and": 1,
	"potential.": 1,
	"relentless": 3,
	"degenerate.": 1,
	"blue-living": 1,
	"gardening": 1,
	"dizzying": 2,
	"fluctuating": 3,
	"magnanimous": 2,
	"olduseless": 1,
	"brittle": 1,
	"resources.": 1,
	"evocative.": 1,
	"dynamic.\u6a02": 1,
	"infine": 1,
	"unoriddectable": 1,
	"magnanimous.": 1,
	"blue-washed": 1,
	"interacting": 3,
	"sporadically": 2,
	"tornado-hit": 1,
	"forested": 4,
	"muddy": 2,
	"mountain-rid": 1,
	"belted.": 1,
	"bolde": 1,
	"anciently": 1,
	"altering": 2,
	"pulsating.": 1,
	"limitless": 3,
	".sculpted": 1,
	"blue-maroon": 1,
	"alone": 4,
	"approach": 1,
	"common": 1,
	"limiting.": 2,
	"alternative": 1,
	"giving": 4,
	"job": 2,
	"tell": 1,
	"characteristics": 1,
	"highest": 1,
	"skills": 1,
	"job.": 1,
	"example": 3,
	"abilities": 2,
	"station": 1,
	"manager": 1,
	"instead": 1,
	"say:": 1,
	"dynamical": 1,
	"warrior": 1,
	"defense": 1,
	"dance": 1,
	"team": 1,
	"airline": 1,
	"medical": 1,
	"center": 2,
	"friendly": 1,
	"species": 2,
	"should": 6,
	"use?": 1,
	"deep": 2,
	"biodiverse": 6,
	"revolutionary": 2,
	"host": 4,
	"shielding": 1,
	"marbel": 1,
	"humming.": 1,
	"infinitive": 1,
	"tracturable": 1,
	"mytrum": 1,
	"shieck.": 1,
	"350": 1,
	"pogu": 1,
	"kaleidoscopic": 1,
	"greenful": 1,
	"beworkful": 1,
	"frsh": 1,
	"thriving": 7,
	"mystery": 3,
	"capricious.": 1,
	"4.5": 1,
	"billion": 1,
	"inside": 1,
	"liquid.": 1,
	"moody": 2,
	"draconic": 1,
	"varied.": 3,
	"uniquely.": 1,
	"fluctuating.": 1,
	"\"illuminated": 1,
	"beautifully": 3,
	"improving": 1,
	"fasicultated": 1,
	"scented": 1,
	"brilliantly": 1,
	"dynamic\"": 1,
	"blooming": 1,
	"balanced": 3,
	"unyielded": 1,
	"fire": 1,
	"detailed": 1,
	"stable": 1,
	"vatican": 1,
	"weird": 3,
	"reflective": 4,
	"ehospitable.": 1,
	"cyclic": 3,
	"breathable": 3,
	"self-regulating": 1,
	"currently": 1,
	"certain": 1,
	"categories": 3,
	"needing": 1,
	"care.": 1,
	"meet": 1,
	"immigration": 1,
	"real-world": 1,
	"issues": 1,
	"especially": 1,
	"specifically": 1,
	"dynamics": 1,
	"prompt.": 1,
	"resoglendent": 1,
	"resilience.": 1,
	"vaster": 1,
	"surprising.": 1,
	"compressed": 1,
	"changng": 1,
	"imperative.": 1,
	"rotting": 2,
	"deserving": 1,
	"lovely": 5,
	"soililess": 1,
	"relatively": 1,
	"forceful": 2,
	"evolutionary": 2,
	"linked": 1,
	"irregular": 3,
	"tesseracted": 1,
	"resillient": 4,
	"undulating": 2,
	"steep": 1,
	"habitats": 1,
	"beuatiful": 1,
	"indispensable": 3,
	"teeth-clenching.": 1,
	"sometimes": 4,
	"tormented": 1,
	"fifth": 1,
	"alive!": 1,
	"creatures": 1,
	"ridden": 1,
	"azure": 3,
	"vibrantly": 2,
	"esten": 1,
	"odious": 1,
	"notice": 1,
	"commen": 1,
	"differently?": 1,
	"communally": 1,
	"oldwonderful": 1,
	"resilientboro": 1,
	"heavenly": 1,
	"tainted.": 1,
	"immeasurable": 1,
	"inhabited.": 5,
	"flooded": 1,
	"intact": 1,
	"rhythmic": 2,
	"renewable": 2,
	"changeling": 2,
	"giant": 7,
	"cloudy": 3,
	"beating": 1,
	"intergalactic.": 1,
	"3-dimensional": 2,
	"creatively": 1,
	"liquid-cold": 1,
	"always": 2,
	"lightless": 1,
	"challanging": 1,
	"afascinating": 1,
	"pulsing": 1,
	"towering": 1,
	"marvellous": 1,
	"asymmetric": 1,
	"rejuvenating": 1,
	"multifaceted": 1,
	"desolate": 2,
	"aliving": 1,
	"characteristically": 1,
	"exhilarating": 1,
	"earthquake": 1,
	"hurricanes": 1,
	"emergency.": 1,
	"transformable.": 1,
	"formidable": 2,
	"geomantic": 1,
	"gravitative": 1,
	"tidal": 1,
	"chateur": 1,
	"yolky": 1,
	"fragment": 1,
	"system": 2,
	"cycle.": 1,
	"volcanically": 2,
	"interlocked": 1,
	"primordial": 2,
	"flat": 3,
	"warmer": 1,
	"near": 1,
	"surrounded": 3,
	"air": 1,
	"carrying": 2,
	"atmospherical": 2,
	"oxygen.": 1,
	"running": 1,
	"()))10:": 1,
	"(billions": 1,
	"years": 1,
	"roughly": 1,
	"than": 3,
	"although": 1,
	"'older'": 1,
	"definition": 1,
	"seen": 1,
	"earlier": 1,
	"words:": 2,
	"(vast": 1,
	"including": 1,
	"word)": 2,
	"(blue": 2,
	"predominant": 1,
	"gentle": 2,
	"emerging": 2,
	"great(large": 1,
	"wonders)": 1,
	"worlful.": 1,
	"3-d": 1,
	"sparkling.": 1,
	"rare": 2,
	"picturesque": 3,
	"explorable": 1,
	"habitats-rich": 1,
	"biologicaly": 1,
	"bursting": 1,
	"timeless.": 1,
	"transcendent": 1,
	"organic.": 1,
	"zu": 1,
	"verrunde": 1,
	"energy": 1,
	"breathless": 3,
	"lonely.": 1,
	"disparate": 1,
	"rho.": 1,
	"absorbing": 2,
	"\"diverse\"": 1,
	"addicting": 1,
	"alien.": 1,
	"breathless.": 1,
	"wish": 1,
	"feel": 1,
	"free": 1,
	"solitary.": 2,
	"colourful": 3,
	"trails": 1,
	"flowy.": 1,
	"spacious": 2,
	"water-filled.": 1,
	"hazardous": 3,
	"mystery-filled": 4,
	"humanitarian.": 1,
	"continental": 1,
	"inspiring.": 2,
	"life-abundant": 1,
	"golden": 1,
	"breathing.": 1,
	"grounded": 2,
	"kaputoch": 1,
	"suffocn": 1,
	"thermal": 1,
	"whipped": 1,
	"thin": 1,
	"fractsidiousal(means": 1,
	"largely": 1,
	"broken)": 1,
	"represents": 1,
	"\\-": 1,
	"mysteries": 1,
	"unveil": 1,
	"sweeping": 1,
	"landscapes": 2,
	"equal": 2,
	"measure": 1,
	"perfect": 1,
	"imperfection": 1,
	"intreaasting": 1,
	"today": 1,
	"sadly": 1,
	"vulnerable.": 1,
	"bluefifth.": 1,
	"vividly": 1,
	"enriched": 1,
	"odd": 2,
	"mobile": 1,
	"trusted": 1,
	"inquisitive": 1,
	"dangerous": 3,
	"ch-changing": 1,
	"contrasting": 6,
	"inconsistent": 1,
	">>>mistralai": 1,
	"tajchi": 1,
	"fickle": 1,
	"often.": 1,
	"clear": 1,
	"fiery.": 2,
	"molten": 3,
	"musically": 1,
	"marshaled": 1,
	"grave": 1,
	"freshwater": 1,
	"hellenic": 1,
	"self-enerrrrgy": 1,
	"benificent": 1,
	"awareness": 1,
	"cherish": 1,
	"gifts": 1,
	"(species": 1,
	"amoral": 2,
	"substances": 1,
	"substances).": 1,
	"unsure": 1,
	"include": 3,
	"every": 4,
	"necessary": 1,
	"adjective": 5,
	"might": 1,
	"disagree": 1,
	"such": 3,
	"parts": 1,
	"may": 2,
	"sentient": 1,
	"beings": 2,
	"intellectual": 1,
	"technological": 2,
	"utopia": 1,
	"when": 2,
	"compared": 1,
	"rest": 1,
	"birthing": 1,
	"intellectually": 1,
	"stirring": 1,
	"bluebig": 1,
	"saturated": 3,
	"perpetual": 1,
	":": 4,
	"always-changing": 2,
	"3d.": 1,
	"exposes": 1,
	"chilly": 2,
	"layered.": 3,
	"aerated": 1,
	"interlinked": 1,
	"protected": 2,
	"exploring": 1,
	"oozing": 1,
	"round[.]": 1,
	"resource-filled": 1,
	"resplendent.": 3,
	"nightly": 2,
	"beloved": 1,
	"\ub530\ub73b\ud55c": 1,
	"(warm)": 1,
	"####;": 1,
	"spheres.": 1,
	"program": 1,
	"constraints": 1,
	"verbotes": 1,
	"remove": 1,
	"spam": 1,
	"modern": 1,
	"english": 1,
	"\"and\"": 1,
	"segmented": 1,
	"information.": 1,
	"layererd.": 1,
	"enoncredible.": 1,
	"hmm": 1,
	"these:": 1,
	"adaptable": 2,
	"thanks-you-verse": 1,
	"selbstverschuldet.": 1,
	"lithospheric": 1,
	"transitional": 1,
	"eventful": 1,
	"narrow": 1,
	"evergreen": 1,
	"geomorphic": 1,
	"dynamnic": 1,
	"elegant": 3,
	"jewelled": 1,
	"coloruful": 1,
	"arial": 1,
	"and..recycling.": 1,
	"intersectional": 1,
	"oloid": 1,
	"magnficient": 1,
	"rocked": 1,
	"sustained": 1,
	"life-gust": 1,
	"unusual": 1,
	"sore": 1,
	"alone?": 1,
	"dynamic\u10e7sumptuous": 1,
	"diverse\u7345": 1,
	"circle']": 1,
	"familiar": 1,
	"watery-": 1,
	"humid.": 1,
	"homeostasis.": 1,
	"colors-contrasting": 1,
	"pulsating": 2,
	"life-dynamic": 1,
	"(polar": 1,
	"regions)": 1,
	"incomparable": 2,
	"rezzounding": 1,
	"resiliant": 1,
	"hugely": 1,
	"habituable": 1,
	"aged": 4,
	"alters": 1,
	"evolucing": 1,
	"tremaending": 1,
	"beleiving": 1,
	"\u5ec2\u6e29": 1,
	"prolonged": 1,
	"ordered": 1,
	"marvel": 3,
	"force": 1,
	"spectrum": 3,
	"hesperus": 1,
	"multicolour": 1,
	"threadlike": 1,
	"fractal": 1,
	"orogenic": 1,
	"aleatory": 1,
	"pale": 1,
	"dot": 2,
	"aqueous": 2,
	"laborious": 1,
	"cold.": 2,
	"pregnant": 1,
	"passionate": 1,
	"someone": 1,
	"terrifying": 2,
	"vieux": 1,
	"night": 1,
	"day": 1,
	"=\"../images/east-oriental/ellentourhyyanmeatinplanejpg-green": 1,
	"\"": 5,
	"//": 1,
	"resurent": 1,
	"chirthy": 1,
	"continuous": 1,
	"pliable": 1,
	"eclectic": 3,
	"want": 4,
	"take": 1,
	"another": 2,
	"pass": 1,
	"making": 1,
	"\"harsh": 1,
	"\"dynamic": 1,
	"\"fiery": 1,
	"\"luscious": 1,
	"\"solid\"": 1,
	"subjective": 1,
	"terms.": 1,
	"because": 4,
	"straightforward.": 1,
	"well": 3,
	"serve": 1,
	"depending": 2,
	"perceive": 1,
	"course": 1,
	"objective": 1,
	"descriptions": 2,
	"expect": 1,
	"(and": 1,
	"wait": 1,
	"considerable": 1,
	"size": 1,
	"tends": 1,
	"massive)": 1,
	"friendly.\"": 1,
	"too": 2,
	"unless": 1,
	"i've": 3,
	"failed": 1,
	"around.": 1,
	"hope": 3,
	"first": 2,
	"try": 2,
	"suffice!": 1,
	"sprinked": 1,
	"endlessly": 3,
	"\u201c": 1,
	"otherworldly": 1,
	"frail.": 1,
	"coloful": 1,
	"lived-in": 2,
	"overwhelmed.": 1,
	"livid": 2,
	"disconnected": 1,
	"coolest": 1,
	"merchants": 1,
	"encumbered": 1,
	"antique": 1,
	"symbiotic.": 1,
	"statenanced": 1,
	"intriguate": 1,
	"orbonges": 1,
	"focus.": 1,
	"resinous": 3,
	"cyclical.": 1,
	"historically": 1,
	"intense": 5,
	"realm": 2,
	"i'm": 1,
	"use": 6,
	"words.": 5,
	"bendable": 1,
	"jagged.": 1,
	"tea-hued": 1,
	"layered;": 1,
	"humanoids": 1,
	"board": 1,
	"-regularly": 1,
	"colliding": 1,
	"spinning)": 1,
	"mother.": 2,
	"constructed": 1,
	"federation": 1,
	"likely": 1,
	"treasured": 2,
	"frustration": 1,
	"framable": 1,
	"survailable": 1,
	".watery": 1,
	"dynamic\u05e8\u05d1\u05d5\u05ea": 1,
	"materialist": 1,
	"initialized": 1,
	"reverbial": 1,
	"mammalian": 1,
	"architectonate": 1,
	"vast-blue": 1,
	"furious": 1,
	"slowly": 1,
	"\u2026": 1,
	"distinct": 1,
	"filterated": 1,
	"beauty": 3,
	"pendant": 1,
	"mudan\u00e7a.": 1,
	"oriented": 1,
	"fast-growing": 1,
	"irritating": 1,
	"blessed": 3,
	"\u7136": 1,
	"thick": 2,
	"variant": 1,
	"components": 1,
	"dynamic\u2014gecophrillian.": 1,
	"fr": 1,
	"lill": 1,
	"space-like": 1,
	"(if": 2,
	"counting": 1,
	"seperate": 1,
	").": 1,
	"mostly.": 1,
	"mc": 1,
	"loud": 1,
	"(remember": 1,
	"can't": 1,
	"lot": 1,
	"faithful": 1,
	"examples": 1,
	"ecology": 1,
	"resilience.)": 1,
	"marbled": 1,
	"distant.": 1,
	"few": 1,
	"possible": 1,
	"assessing": 1,
	"perplexing": 1,
	"influenced": 1,
	"longevity": 1,
	"guess": 2,
	"doesn't": 2,
	"quite": 1,
	"fit": 2,
	"theme?": 1,
	"missing.": 1,
	"why": 1,
	"chose": 1,
	"tenth": 1,
	"adjective.": 1,
	"once": 1,
	"again:": 1,
	"now": 1,
	"missing": 1,
	"9th": 1,
	"suggest": 2,
	"pleas": 1,
	"make": 3,
	"lovely.": 1,
	"rotten": 1,
	"incredibly.": 2,
	"despite": 2,
	"condition": 1,
	"correct": 1,
	"is:": 2,
	"dramatic": 7,
	"many-sided": 1,
	"focus": 1,
	"respond": 1,
	"prompt.read": 1,
	"lingers": 1,
	"order": 2,
	"ready": 1,
	"imagine": 1,
	"yourself": 1,
	"write": 1,
	"flora": 2,
	"fauna": 1,
	"climates": 1,
	"crust": 1,
	"volcanoes": 1,
	"atmosphere.": 2,
	"blue-sphere": 1,
	"diverse-vast-bewildering:*": 1,
	"\u0451\u043d.": 1,
	"varying": 2,
	"surpassing": 1,
	"microveiwed": 1,
	"glorious": 2,
	"bulbeous": 1,
	".resilient": 1,
	"intertwining": 1,
	"edoresigorous": 1,
	"hero.": 1,
	"blinking": 1,
	"below": 1,
	"diurnal.": 1,
	"jewel.": 1,
	"respected": 1,
	"pustulos": 1,
	"f": 1,
	"\uac00\uc7a5\uc18c": 1,
	".precious": 1,
	"majestical": 1,
	"treacherous": 1,
	"care": 1,
	"attention": 1,
	"needed.": 1,
	"quirky": 1,
	"fragile;ever-changing.": 1,
	"becoming": 1,
	"alive;": 1,
	"competitive.": 1,
	"splendiful": 1,
	"edy": 1,
	"charming.": 2,
	"volceanic.": 1,
	"mellow": 1,
	".reshape": 1,
	"-layered": 1,
	"livem": 1,
	"cosmos": 1,
	"shuttle-hosted": 1,
	"cultural": 1,
	"tectonic-active": 1,
	"profound.": 1,
	"colordinate": 1,
	"eternal.": 2,
	"wonderful.": 2,
	"3rd": 1,
	"anchor": 1,
	"sol-sized": 1,
	"orbit.": 1,
	"marvolous.": 1,
	"sedimentary": 1,
	"exacting": 1,
	"often-irrational.": 1,
	"tug": 1,
	"war.": 1,
	"frequently": 1,
	"wirthful": 1,
	"\u05dc\u05d5\u05d5\u05e9": 1,
	"fremovem": 1,
	"wax": 1,
	"word.": 1,
	"(due": 1,
	"it\u2019s": 1,
	"70": 1,
	"percent": 1,
	"coverage)": 1,
	"creating": 1,
	"weathery": 1,
	"constrageouse": 1,
	"different.concuret": 1,
	"vibrant\u200b": 1,
	"sinuous": 1,
	"tipps": 1,
	"calamoxlifeing": 1,
	"elevated": 1,
	"quantity": 1,
	"isn't": 1,
	"enough:": 1,
	"offers": 2,
	"put": 3,
	"either": 3,
	"sum": 1,
	"understanding!": 1,
	"keplerian": 1,
	"(i": 2,
	"rendered": 1,
	"declarative": 1,
	"sentences": 1,
	"within": 1,
	"parameters)": 1,
	"contain": 1,
	"mentioning": 1,
	"contributor": 1,
	"data": 1,
	"simplyfied": 1,
	"emotive": 1,
	"vintage": 1,
	"tortured": 1,
	"there!": 1,
	"luminouus": 1,
	"-------------------------------------------------------------": 1,
	"constantly-changing": 2,
	"resource-full": 1,
	"absorbent": 1,
	"enriching": 4,
	"subordinate": 1,
	"segregated": 1,
	"invigorating.": 1,
	"dynamica": 1,
	"o": 1,
	"magnetically-rich": 1,
	"wetlands": 1,
	"interactive.": 1,
	"hazel": 1,
	"recycled": 1,
	"visually": 1,
	"existence": 2,
	"inter-connected.": 2,
	"aspherical": 1,
	"converging.": 1,
	"\ub465\uaca9\ud55c": 1,
	"comma?": 1,
	"challenged.": 1,
	"includes": 1,
	"modest": 1,
	"soluble": 1,
	"interconected.": 2,
	"colurlful": 1,
	"divisive": 1,
	"sentimental": 1,
	"\ud620diverse": 1,
	"waltham": 1,
	"woundry": 1,
	"sysem": 1,
	"illuminating": 1,
	"regulated": 1,
	"nuclear": 1,
	"reactor.": 1,
	"elusive": 1,
	"junior.": 1,
	"finally": 2,
	"got": 1,
	"ongoing.": 1,
	"stunningly": 1,
	"lectures": 1,
	"capable": 1,
	"fragments": 1,
	"sapphire": 1,
	"pitch": 1,
	"resilliant": 1,
	"electrode-grounded": 1,
	"montre": 1,
	"et": 1,
	"solitude.": 1,
	"structured": 2,
	"while": 2,
	"somewhat": 1,
	"collection": 1,
	"continents.": 1,
	"heterogeneous": 1,
	"transformative.": 1,
	"chaoticoscious": 1,
	"acidic": 1,
	"innumerable.": 1,
	"manufactured": 1,
	"fractious.": 1,
	"finite.": 2,
	"cellebral": 1,
	"static.": 1,
	"voluminous.": 1,
	"crescent": 1,
	"evolution": 2,
	"immortal": 1,
	"victim": 1,
	"solid.": 2,
	"glowing.": 1,
	"supporting.": 1,
	"bluewater": 1,
	"healthy": 1,
	"hatred": 1,
	"clarify": 2,
	"positive": 1,
	"negative": 2,
	"mix": 1,
	"both.": 1,
	"relate": 1,
	"physical": 1,
	"features": 2,
	"moral": 1,
	"statements": 1,
	"\"vibrant": 1,
	"world\".": 1,
	"meticulous.": 1,
	"\ub54c\ub294\u0434\u044d": 1,
	"thriving.": 1,
	"rustic": 2,
	"hopeful": 1,
	"prefect.beautiful": 1,
	"interconnecting": 1,
	"legendary": 1,
	"one\"": 1,
	"cobalt": 2,
	"refers": 2,
	"ocean-covered": 1,
	"describes": 1,
	"space)": 1,
	"illusive.": 1,
	"providing": 2,
	"ermenmd": 1,
	"makes": 3,
	"nice": 1,
	"bewitching.": 1,
	"gratifying": 1,
	"legacy": 1,
	"blue\u7ea4\u7ec6": 1,
	"pristine.": 1,
	"(think": 1,
	"twice": 2,
	"before": 1,
	"object": 2,
	"these.": 1,
	"quibble": 1,
	"sense.": 1,
	"effort": 1,
	"choose": 3,
	"reflect": 1,
	"challenges": 1,
	"faces.": 1,
	"deal": 1,
	"decided": 1,
	"go": 2,
	"most": 3,
	"view.": 1,
	"perspectives": 1,
	"provide": 2,
	"well-rounded": 1,
	"place": 1,
	"inhabit.": 1,
	"(\"beautiful\"": 1,
	"\"living\"": 3,
	"resists": 1,
	"temptation": 1,
	"planet.)": 1,
	"counted": 1,
	"you've": 1,
	"asked": 2,
	"perfect.": 1,
	"jade": 1,
	"resillient.": 1,
	"mysteries.": 1,
	"ravishing": 1,
	"humane": 1,
	"fresh": 1,
	"birthing.": 1,
	"filled-with-life": 1,
	"unfortunately": 2,
	"9": 2,
	"gave": 2,
	"finish": 1,
	"list.": 1,
	"items.": 1,
	"chemically": 1,
	"multifarious": 1,
	"tender.": 1,
	"harmonic": 1,
	"illuminated": 1,
	"dying": 1,
	"indestructible": 1,
	"enchanted.": 1,
	"mistrustful": 1,
	"independent": 1,
	"robot": 1,
	"controlled": 1,
	"humapitable": 1,
	"pressurized": 1,
	"erotic": 1,
	"moon": 1,
	"epochs": 1,
	"mysterical": 1,
	"divided": 1,
	"multi-faceted": 2,
	"stormy.": 1,
	"compelling.": 1,
	"cratered": 2,
	"emotional": 1,
	"breathe": 1,
	"rotund.": 1,
	"panoramic.": 1,
	"-water-covered": 1,
	"cdynamic": 1,
	"refreshing.": 1,
	"humus": 1,
	"okay": 1,
	"was": 3,
	"adjectives.": 1,
	"zero": 1,
	"gravity-less.": 1,
	"(large)": 1,
	"(crust": 1,
	"color)": 1,
	"dymamic": 1,
	"(continously": 1,
	"changing)": 1,
	"(varied).": 1,
	"stormswept": 1,
	"serene.": 1,
	"rich.": 1,
	"enigma.": 1,
	"terrestrial**.**": 1,
	"tumalthous": 1,
	"helpless": 1,
	"ability": 2,
	"someone's": 1,
	"dream": 1,
	"but.": 1,
	"variegated": 1,
	"\u0434\u0438\u0441": 1,
	"\u0444\u0443\u043d\u043a\u0446\u0438\u043e\u043d\u0430\u043b\u044c\u043d\u044b\u0439": 1,
	"mineable": 1,
	"noun": 1,
	"max": 1,
	"earth:": 1,
	"burnt": 1,
	"fecund": 2,
	"above": 2,
	"sentence": 1,
	"contains": 1,
	"separated": 1,
	"comma.": 1,
	"no": 2,
	"extra": 1,
	"commas": 1,
	"repetition": 1,
	"\"planet\"": 1,
	"\"earth\")": 1,
	"beauteous": 1,
	"elemental": 2,
	"hometown": 1,
	"descriptive": 1,
	"self-sustaining": 2,
	"/textured": 1,
	"intertweni": 1,
	"venise": 1,
	"delicate.unique.": 1,
	"jshelter": 1,
	"magnetisable": 1,
	"(electric": 1,
	"fields": 1,
	"magnetical)": 1,
	"delicate(easter": 1,
	"island": 1,
	"deforestation).": 1,
	"mystifying.": 1,
	"rainy": 1,
	"exuberant.": 1,
	"beauty-filled": 1,
	"inhabitied": 1,
	"eclectic.": 1,
	"formative": 1,
	"countries": 1,
	"iconni": 1,
	"inhabitant": 1,
	"polluted": 1,
	"private": 1,
	"industrious": 1,
	"moldering": 1,
	"hereinactive": 1,
	"cgi": 1,
	"long": 1,
	"vismesh-based": 1,
	"techniques": 1,
	"magnificant": 1,
	"empowering": 1,
	"dacan": 1,
	"converts": 1,
	"sandwich.": 1,
	"undetably": 1,
	"there's": 1,
	"say.": 1,
	"tractable": 1,
	"supportative": 1,
	"rock": 1,
	"metal": 1,
	"warming": 1,
	"mind-boggling": 1,
	"anomalous": 1,
	"fateful": 1,
	"_vibrant": 1,
	"alive_": 1,
	"-shaped....each": 1,
	"capture": 1,
	"aspect": 1,
	"cradling": 2,
	"next": 1,
	"helicene": 1,
	"one-of-a-kind": 1,
	"geological.": 1,
	"stone": 1,
	"three": 2,
	"alone.": 2,
	"durant.": 1,
	"vezes": 1,
	"historical.": 2,
	"polarized": 1,
	"magnet": 1,
	"opaque": 2,
	"pennie": 1,
	"count": 1,
	"10.": 2,
	"replenishing": 1,
	"dual": 1,
	"diversity-filled": 1,
	"rich-resource-filled": 1,
	"zest-filled": 1,
	"inhabitants": 1,
	"arthropodic": 1,
	"secreting": 1,
	"creative": 1,
	"lifelong": 1,
	"oxgenated": 1,
	"intere": 1,
	"adapt": 1,
	"barren.": 1,
	"intersecting": 1,
	"algae": 1,
	"animals": 1,
	"people.": 1,
	"experiences": 1,
	"winds": 1,
	"rains": 1,
	"through": 2,
	"blemishes.": 1,
	"inviting": 2,
	"consisting": 1,
	"protective.": 1,
	"cyclical.stateful": 1,
	"chiseling": 1,
	"dysregulated": 1,
	"chaotic.for": 1,
	"resources": 1,
	"visit": 1,
	"\"internationally": 1,
	"popular": 1,
	"artificial": 1,
	"planetarium": 1,
	"buy": 1,
	"portable": 1,
	"planetarium.": 1,
	"\"mysterious": 1,
	"planetarium\".": 1,
	"drains": 1,
	"fractally": 1,
	"life-bright": 1,
	"occasionally": 1,
	"decidedly": 1,
	"swirling.": 1,
	"\"unique\"": 1,
	"\"unique\".": 1,
	"leave": 1,
	"you.": 1,
	"ancientporous": 1,
	"afloat": 1,
	"ekological": 1,
	"thing": 1,
	"items": 1,
	"specify": 1,
	"exactly": 1,
	"elementally": 1,
	"formed": 1,
	"complexe": 1,
	"breathable.": 1,
	"mixed": 1,
	"periodically": 1,
	"oasis.": 1,
	"rapidly-changing": 1,
	"aesthetic": 1,
	"realised.": 1,
	"connector": 1,
	"teemoing.": 1,
	"turbulent.": 1,
	"habited": 1,
	"'round": 1,
	"ticking": 1,
	"seasonal": 1,
	"curved": 1,
	"overwhelmed": 1,
	"expressive.": 1,
	"arable": 1,
	"hard.": 1,
	"endlessly-eloquent.": 1,
	"loving.": 1,
	"done": 1,
	"i'll": 2,
	"-beautiful": 1,
	"mostly-water": 1,
	"six": 1,
	"continents.weird": 1,
	"evil": 1,
	"(water-rich)": 1,
	"hazards.": 1,
	"gospel-like": 1,
	"coveted": 1,
	"tektonic": 1,
	"aesthetic.": 1,
	"fight": 1,
	"survive": 1,
	"resilicate": 1,
	"wrinkled": 1,
	"species-crowded": 1,
	"\u00e4lsen\u2014where": 1,
	"\"\u00e4lsen\"": 1,
	"new": 2,
	"atypical.": 1,
	"ble": 1,
	"arsh": 1,
	"secrets": 1,
	"quantum": 1,
	"woody": 1,
	"skilled.": 1,
	"magnetically-active": 1,
	"varying.": 1,
	"exhuberant": 1,
	"misunderstood": 1,
	"incisively": 1,
	"insightful": 1,
	"bilateral": 1,
	"frozen": 1,
	"frgrant": 1,
	"inclusive:dramatic": 1,
	"compressed.": 1,
	"bizarre": 2,
	"same": 2,
	"ingredients": 1,
	"humankind's": 1,
	"leaving": 1,
	"reader": 1,
	"connect": 1,
	"letter": 1,
	"adjective:": 1,
	"imperfect": 1,
	"carefully": 1,
	"choose.": 1,
	"water-like": 1,
	"orion": 1,
	"ignited": 1,
	"seven": 2,
	"chaos.": 1,
	"bringing": 1,
	"let's": 1,
	"get": 1,
	"those": 1,
	"ideas": 1,
	"congerating": 1,
	"forgiving": 1,
	"tectonic.": 1,
	"volcanic.": 1,
	"lone": 1,
	"globe": 1,
	"oligoultisl": 1,
	"eartha--a": 1,
	"orbits": 1,
	"array": 1,
	"etc": 1,
	"mortally": 1,
	"explosive": 1,
	"copyeduce": 1,
	"mystic": 1,
	"capricious": 1,
	"remote": 2,
	"familiar.": 1,
	"temperature": 1,
	"steaming": 1,
	"looks.": 1,
	"ptritious": 1,
	"omanurhostic.": 1,
	"bold.": 1,
	"listings": 1,
	"indifferent": 1,
	"bitersweet": 1,
	"captivat": 1,
	"floating.": 1,
	"enclaverta.": 1,
	"swollen": 1,
	"delimited": 1,
	"pages.": 1,
	"timer": 1,
	"dusty.": 1,
	"painting": 1,
	"biology-rich": 1,
	"ocean-filtered": 1,
	"water-reflective": 1,
	"majestically": 1,
	"burrounded.": 1,
	"inhabiting": 1,
	"lands": 1,
	"yellows": 1,
	"cloud": 1,
	"purity": 1,
	"gives": 2,
	"did": 2,
	"adjectives?": 1,
	"does": 2,
	"requested": 1,
	"description.)": 1,
	"e": 1,
	"layer": 1,
	"presense": 1,
	"homey;": 1,
	"-negative": 1,
	"oxygenic-": 1,
	"compagnia": 1,
	"maintainacy": 1,
	"homeostasis-": 1,
	"clear.": 1,
	"divergent": 1,
	"#luminous": 1,
	"multifaceted.": 1,
	"energetically": 1,
	"dancing": 1,
	"hidden.": 1,
	"resoulrceful": 1,
	"evevolving": 1,
	"conglomeration": 1,
	"patterns": 1,
	"disproportionately": 1,
	"indie": 1,
	"*vivibile": 1,
	"sand": 1,
	"scaled.*": 1,
	"(*i": 1,
	"had": 1,
	"clarification": 1,
	"(learned": 1,
	"command": 1,
	"language": 1,
	"brackets": 1,
	"(i'm": 1,
	"*))": 1,
	"'indie'": 1,
	"recognize": 1,
	"word:": 1,
	"\ucd95\ud558\uc9c0\u0919": 1,
	"\ud718\u00f3\ub3c4": 1,
	"\uc57c\ucda5)^.": 1,
	"conflicting": 1,
	"elements": 1,
	"story.": 1,
	"accurate?": 1,
	"fevered": 1,
	"flaming": 1,
	"radiation": 1,
	"exploratory": 1,
	"affairing": 1,
	"gifted.": 1,
	"bounteous": 1,
	"airless": 1,
	"courageous": 1,
	"add": 1,
	"secondary": 1,
	"suggestions": 1,
	"possibly": 1,
	"emphasized:": 1,
	"1.": 1,
	"biodiversity.": 1,
	"2.": 1,
	"centuries-old": 1,
	"3.": 2,
	"shows": 1,
	"promise": 1,
	"balances": 1,
	"ecosystems.": 1,
	"traditional": 1,
	"designations": 1,
	"fitting": 2,
	"emphasis": 1,
	"depicting": 1,
	"qualities.": 1,
	"listed:": 1,
	"**size": 1,
	"structure**:": 1,
	"**composition": 1,
	"appearance**:": 1,
	"**nature": 1,
	"change**:": 1,
	"best": 2,
	"fits": 1,
	"description.": 1,
	"vivcious": 1,
	"cozy": 1,
	"as-unpredictable": 1,
	"analytic.": 1,
	"haven": 1,
	"tiered": 1,
	"blue:": 1,
	"enormous.": 1,
	"enveloping": 2,
	"moon-less.": 1,
	"mesoformed": 1,
	"compassionate": 1,
	"evolutionarily-rich": 1,
	"clarity!": 1,
	"```": 1,
	"chcosmopolitan": 1,
	"encyclopedic": 1,
	"bleu": 1,
	"diversely": 1,
	"veilied": 1,
	"multiple-home": 1,
	"avaliable": 1,
	"resolute": 1,
	"beautifully.": 1,
	"streaked": 1,
	"creator's": 1,
	"plant": 1,
	"one-encompassing": 1,
	"hazards": 1,
	"forgotten": 1,
	"far-reaching": 1,
	"consuming": 1,
	"trivial": 1,
	"awakeness.": 1,
	"humble": 1,
	"habitsable": 1,
	"weather": 1,
	"voliuble": 1,
	"biodiversity-rich": 1,
	"gravitating": 1,
	"sounds": 1,
	"beautiful..": 1,
	"habsburgic": 1,
	"llegado": 1,
	"acid": 1,
	"sinks": 1,
	"fully": 1,
	"n": 1,
	"poses": 1,
	"fer": 1,
	"scientist": 1,
	"hum": 1,
	"undulating.": 1,
	"oddly": 1,
	"lonliest": 1,
	"influential.": 1,
	"estranged": 1,
	"dynamix": 1,
	"filled-loss": 1,
	"vigorous": 1,
	"aloof": 1,
	"postern-alike": 1,
	"(pun": 1,
	"intended)": 1,
	"landscaped": 1,
	"giving.": 1,
	"solaltenous": 1,
	"terrain.": 1,
	"panoramic": 1,
	"terra": 1,
	"erratic": 1,
	"ahuman": 1,
	"stark": 1,
	"-changeable": 1,
	"billions.": 1,
	"fraciturable": 1,
	"lifehosting": 1,
	"quadriltral": 1,
	"produced": 1,
	"0%": 1,
	"watery/hydrous": 1,
	"universally": 1,
	"decorative.": 1,
	"imprisoned": 1,
	"pensive.": 1,
	"weared": 1,
	"\u963fliving": 1,
	"diversionary": 1,
	"wanderer": 1,
	"latch": 1,
	"survivor": 1,
	"transformation.": 1,
	"biodiversity": 1,
	"craggy": 1,
	"terrifying.": 1,
	"waking": 1,
	"chaotic-vibrant.": 1,
	"oily": 1,
	"75%": 1,
	"terra-covered": 1,
	"prisons": 1,
	".dynamic": 1,
	"damp": 1,
	"sparkling": 1,
	"interconectad": 1,
	"breath-taking.": 1,
	"meaningful": 1,
	"ashome": 1,
	"asepicenter": 1,
	"nd": 1,
	"worldly": 1,
	"windswept": 1,
	"surprisingly": 1,
	"harmonious.": 1,
	"changes.": 1,
	"puzling": 1,
	"age.": 1,
	"preserved.": 1,
	"inconstant": 2,
	"focused": 1,
	"predictable.": 1,
	"resin": 1,
	"cherroiven": 1,
	"bathed": 1,
	"predominantly": 1,
	"ecologically": 1,
	"pulsard": 1,
	"a.": 1,
	"one-of-a-kind.": 1,
	"climsvryte": 1,
	"ever-shifting": 1,
	"accessed": 1,
	"conserved": 1,
	"frazzle": 1,
	"aged.": 1,
	"('and'": 1,
	"changelic": 1,
	"shape.": 1,
	"interwoven.": 1,
	"water-heavy": 1,
	"intermemorial": 1,
	"\u84dd\u8272\u7684": 1,
	"\u84dd\u8272\u7684\u672c\u8d28\u627e\u4e0d\u5230\u4e86\uff0c\u8fd9\u4ee4\u6211\u6050\u60e7\u3002": 1,
	"delicately": 1,
	"scared": 1,
	"reshaped": 1,
	"\u043d\u0438\u0439efit": 1,
	"buzzing": 1,
	"mynsterious": 1,
	"5": 1,
	"environmental": 1,
	"voids": 1,
	"northerly": 1,
	"'amazing": 1,
	"beneficial": 1,
	"mysteriously": 1,
	"nebulous": 1,
	"brightly.": 1,
	"everchanging.": 1,
	"ours.": 1,
	"filled.": 1,
	"oxygenating": 1,
	"stuppendous": 1,
	"crusty": 1,
	"volume.": 1,
	"airy": 1,
	"\u0634\u0641\u0642\u064a": 1,
	"high-contrast": 1,
	"sustain": 1,
	"foreboding.": 1,
	"billowing": 1,
	"echoing": 1,
	"carbon": 1,
	"impassionate": 1,
	"earthly": 1,
	"uncertain": 1,
	"beguilingly": 1,
	"frightening": 1,
	"organized": 1,
	"hostile(": 1,
	"perilous": 1,
	"uncaring)": 1,
	"homogeneous": 1,
	"phenomenal": 1,
	"tainted": 1,
	"tremendous": 1,
	"amazingly": 1,
	"going": 1,
	"iinterconnected": 1,
	"ultra": 1,
	"marine": 1,
	"gardens": 1,
	"eerie": 1,
	"threatened": 1,
	"particular": 1,
	"twenty-four-": 1,
	"interdimensional": 2,
	"\"adjective\";": 1,
	"nature-lovers": 1,
	"do)": 1,
	"micro-": 1,
	"macro-dimensions": 1,
	"\"downhill\"": 1,
	"microscopic": 1,
	"nanomachines": 1,
	"\u05d0\u05d6\"": 1,
	"\u05ea\u05e7\u05d5\u05e4\u05ea": 1,
	"\u05e9\u05e4\u05e2\u05ea\u05d4": 1,
	"\u05d1\u05d5": 1,
	"targeted": 1,
	"veterinary": 1,
	"pharmaceuticals": 1,
	"web": 3,
	"stepping": 1,
	"\"uphill\"": 1,
	"unicellular": 1,
	"prokaryotes": 1,
	"abiotic": 1,
	"biotic": 1,
	"interactions": 1,
	"multi-cellular": 1,
	"eukaryotes": 1,
	"fungi": 1,
	"microbion": 1,
	"matrix": 1,
	"intelligence-building": 1,
	"minerals": 1,
	"burning": 1,
	"stars": 1,
	"unimaginable": 1,
	"energies": 1,
	"materiaeivanje": 1,
	"radio-wave": 1,
	"forces": 1,
	"pressure...": 1,
	"infinite20": 1,
	"[this": 1,
	"select.": 1,
	"certainly": 1,
	"limited]": 1,
	"cradle": 1,
	"marble?.": 1,
	"exist": 1,
	"brimmed": 1,
	"-resilient": 1,
	"resilient.ever-changing": 1,
	"enthralling": 1,
	"thunderous": 1,
	"close": 1,
	"earthquaky": 1,
	"intrinsic.": 1
}