{
	"blue": 3951,
	"vibrant": 3995,
	"diverse": 3999,
	"dynamic": 4000,
	"fertile": 827,
	"resilient": 2856,
	"beautiful": 2612,
	"abundant": 941,
	"inhabited": 764,
	"unique": 1541,
	"lush": 1242,
	"spherical": 349,
	"majestic": 1920,
	"teeming": 1125,
	"life-supporting": 127,
	"complex": 1883,
	"life-sustaining": 1809,
	"intricate": 665,
	"habitable": 436,
	"interconnected": 487,
	"fragile": 1231,
	"living": 177,
	"green": 301,
	"life-filled": 132,
	"atmospheric": 87,
	"stunning": 34,
	"life-bearing": 16,
	"magnificent": 202,
	"thriving": 465,
	"rich": 77,
	"unique.": 70,
	"lively": 45,
	"immense": 2,
	"populous": 29,
	"beautiful.": 46,
	"spinning": 153,
	"precious": 27,
	"rotating": 305,
	"colorful": 57,
	"remarkable": 20,
	"**blue": 9,
	"resilient**": 1,
	"populated": 23,
	"expansive.": 1,
	"vast": 64,
	"bountiful": 50,
	"nurturing": 23,
	"enchanting": 11,
	"thriving.": 12,
	"harmonious": 59,
	"sustainable": 4,
	"breathtaking": 88,
	"hospitable": 20,
	"mysterious": 6,
	"water-rich": 6,
	"teeming.": 8,
	"orbiting": 46,
	"aqueous": 13,
	"intricate.": 7,
	"resource-rich": 49,
	"interconnected.": 8,
	"wondrous": 26,
	"varied": 18,
	"watery": 12,
	"windy": 3,
	"inhabited.": 3,
	"water-covered": 2,
	"connected": 2,
	"harmonious.": 8,
	"life-giving": 11,
	"massive": 3,
	"magnificent.": 14,
	"resilient.": 19,
	"inhabitable": 11,
	"serene": 38,
	"alive": 25,
	"flourishing": 4,
	"swirling": 2,
	"evolving": 23,
	"changing": 3,
	"bustling": 1,
	"life-rich": 4,
	"endangered": 1,
	"picturesque": 6,
	"scenic": 3,
	"abundant.": 11,
	"fragile**": 1,
	"spectacular": 2,
	"resourceful": 3,
	"majestic.": 14,
	"habitable.": 6,
	"mountainous": 6,
	"luminous": 6,
	"\"blue": 1,
	"complex\"": 1,
	"ancient": 9,
	"liquid": 1,
	"fragile.": 20,
	"enduring": 4,
	"radiant": 6,
	"richly-layered": 1,
	"expansive": 10,
	"biodiverse": 2,
	"fascinating": 2,
	"spherical.": 2,
	"sprawling": 2,
	"awe-inspiring": 6,
	"rocky": 5,
	"life-sustaining.": 6,
	"home": 7,
	"mesmerizing": 2,
	"beautiful**": 3,
	"fluctuating": 1,
	"majestic**": 1,
	"lifegiving": 6,
	"pulsating": 1,
	"stunning.": 2,
	"unique**": 4,
	"complex.": 5,
	"breathtaking.": 4,
	"wondrous.": 2,
	"geological": 2,
	"extraordinary": 3,
	"fertile.": 1,
	"enigmatic": 1,
	"home.": 2,
	"captivating": 4,
	"inhabitable.": 2,
	"geologically-active": 1,
	"awe-inspiring.": 1,
	"rotating.": 1,
	"ever-changing": 3,
	"geologically": 1,
	"active": 1,
	"interdependent": 1,
	"oceanic": 3,
	"renewable": 1,
	"layered": 2,
	"temperate": 8,
	"planet": 1,
	"earth": 1,
	"is": 1,
	"**vibrant": 4,
	"and": 1,
	"habitable**.": 1,
	"serene.": 1,
	"vital": 1,
	"delicate": 6,
	"magical": 2,
	"ecological": 2,
	"blue.": 2,
	"atmospheric.": 1,
	"harmonious**": 2,
	"sustaining": 3,
	"sure!": 1,
	"here": 1,
	"are": 1,
	"ten": 1,
	"adjectives": 1,
	"describing": 1,
	"earth:": 1,
	"**lush": 1,
	"thriving**": 1,
	"miraculous": 1,
	"\"beautiful": 1,
	"abundant\"": 1,
	"forested": 1,
	"aquatic": 2,
	"terrestrial": 1,
	"azure": 1,
	"**diverse": 1,
	"pristine": 1,
	"natural": 2,
	"complex**": 1,
	"resplendent": 1,
	"life-supporting.": 1,
	"precious.": 1
}