{
	"dynamic": 3995,
	"diverse": 3997,
	"blue": 2919,
	"spherical": 2239,
	"habitable": 165,
	"complex": 906,
	"resilient": 1077,
	"expansive": 154,
	"ancient": 2928,
	"fragile.": 340,
	"round": 255,
	"vast": 2020,
	"inhabited": 479,
	"nurturing": 977,
	"spinning": 406,
	"fragile": 2105,
	"intricate": 88,
	"magnetic": 207,
	"unparalleled.": 4,
	"mysterious.": 367,
	"mighty": 2,
	"vibrant": 656,
	"endangered.": 7,
	"abundant": 154,
	"hospitable": 294,
	"lush": 62,
	"rocky": 198,
	"mysterious": 676,
	"inhabited.": 221,
	"circular": 124,
	"verdant": 103,
	"interconnected.": 383,
	"fertile": 289,
	"volatile": 75,
	"nurturing.": 59,
	"celestial.": 19,
	"life-filled": 7,
	"beautiful": 443,
	"majestic": 124,
	"alive": 11,
	"ancient.": 193,
	"resource-rich": 165,
	"precious.": 111,
	"ever-changing": 64,
	"fragrant": 63,
	"bountiful": 512,
	"living": 2,
	"atmospheric": 105,
	"rotating": 574,
	"rich": 40,
	"teeming": 99,
	"blue.": 35,
	"changing": 64,
	"precious": 84,
	"life-supporting": 367,
	"floating": 2,
	"luminous": 27,
	"inhabitable.": 5,
	"green": 44,
	"stratified": 22,
	"cyclical": 7,
	"rugged": 49,
	"delicate": 69,
	"life-sustaining": 2111,
	"varied": 32,
	"captivating": 18,
	"resilient.": 107,
	"ever-changing.": 68,
	"celestial": 36,
	"layered": 402,
	"radiant.": 7,
	"complex.": 124,
	"massive": 72,
	"life-sustaining.": 197,
	"oxygen-rich": 72,
	"geologicallyactive": 125,
	"breathtaking": 21,
	"enigmatic": 330,
	"interconnected": 235,
	"luminous.": 3,
	"wondrous": 29,
	"chaotic.": 1,
	"water-rich": 36,
	"evolving": 66,
	"life-giving": 9,
	"balanced": 2,
	"home.": 23,
	"spherical.": 11,
	"turbulent": 38,
	"magnificent.": 13,
	"blue-green": 184,
	"arid": 43,
	"resplendent": 17,
	"unique.": 113,
	"saline": 1,
	"rotational": 4,
	"temperate": 128,
	"awe-inspiring.": 77,
	"uneven": 22,
	"unique": 71,
	"beautiful.": 192,
	"sediment-covered": 1,
	"gravitational": 33,
	"mesmerizing.": 39,
	"vital": 18,
	"life-supporting.": 16,
	"teeming.": 13,
	"erratic": 3,
	"exquisite.": 3,
	"shifting": 6,
	"andcomplex.": 2,
	"enigmatic.": 211,
	"gaseous": 71,
	"changing.": 15,
	"life-bearing": 63,
	"evolving.": 25,
	"rotating.": 13,
	"water-covered": 4,
	"andancient.": 7,
	"terrestrial": 23,
	"solitary.": 2,
	"bountiful.": 37,
	"andlife-sustaining.": 2,
	"orbiting": 103,
	"boundless": 14,
	"luminescent": 3,
	"wondrous.": 52,
	"colorful": 25,
	"climatologicallycomplex": 1,
	"resource-rich.": 8,
	"water-abundant": 9,
	"hospitable.": 52,
	"magnificentlybeautiful": 2,
	"endlesslymysterious.": 1,
	"breathtaking.": 30,
	"warming": 7,
	"vibrant.": 44,
	"livable": 1,
	"eroding": 4,
	"unpredictable.": 5,
	"sustaining": 16,
	"reflective": 13,
	"intricate.": 11,
	"acidic": 1,
	"barren": 13,
	"crowded": 7,
	"temperate.": 13,
	"distinctive.": 1,
	"unpredictable": 16,
	"geological": 8,
	"captivating.": 41,
	"intriguing.": 4,
	"andmysterious.": 9,
	"awe-inspiring": 46,
	"andvibrant.": 3,
	"bustling": 27,
	"enchanting.": 20,
	"ocean-covered": 1,
	"stunning": 3,
	"azure": 22,
	"weathered": 2,
	"carbon-rich": 2,
	"equatorial": 3,
	"intriguing": 7,
	"andever-changing.": 5,
	"dizzying": 1,
	"enchanting": 16,
	"andinterconnected.": 5,
	"andblue.": 2,
	"breathing": 2,
	"enduring": 11,
	"endlesslyspinning": 1,
	"beautifullyilluminated.": 1,
	"biodiverse": 20,
	"immense": 18,
	"thin": 2,
	"inhospitable": 6,
	"breathable": 12,
	"watery": 20,
	"habitable.": 43,
	"dense": 7,
	"andatmospheric.": 2,
	"infinite": 2,
	"precarious.": 3,
	"boundless.": 3,
	"vast.": 19,
	"radiant": 19,
	"planet.": 1,
	"spinning.": 17,
	"majestic.": 38,
	"robust": 6,
	"revolving": 11,
	"fascinating.": 8,
	"molten": 9,
	"mesmerizing": 18,
	"lush.": 2,
	"climaticallyvaried": 19,
	"multifaceted": 4,
	"dazzling": 3,
	"tilted": 9,
	"thriving": 3,
	"cradling": 1,
	"kinetic": 1,
	"swirling": 18,
	"andawe-inspiring.": 5,
	"tempestuous": 5,
	"tumultuous": 6,
	"andtempestuous.": 1,
	"tectonicallyactive": 15,
	"owningdiversity": 1,
	"teemingwithlife": 2,
	"continuouslydynamic": 1,
	"incrediblyancient": 1,
	"beautifullydiverse": 1,
	"blueatadistance": 1,
	"andendlesslycaptivating.": 1,
	"andteeming.": 1,
	"magnificent": 25,
	"andresplendent.": 1,
	"orbital": 3,
	"nourishing": 16,
	"large": 1,
	"andmagnetic.": 1,
	"endangered": 5,
	"atmospheric.": 2,
	"climate-sensitive": 3,
	"enduring.": 3,
	"fragmented": 7,
	"harmonious.": 12,
	"endlesslycaptivating.": 1,
	"extensive": 1,
	"geomorphicallydiverse": 1,
	"multicolored": 1,
	"tectonically-active.": 1,
	"humid": 5,
	"varying.": 1,
	"resourceful": 13,
	"marbled": 2,
	"mineral-rich": 7,
	"chaotic": 5,
	"water-rich.": 2,
	"oxygenating": 1,
	"airless": 1,
	"climate-variable": 3,
	"tectonic": 11,
	"bewitching.": 1,
	"rapidlychanging": 1,
	"gravity-bound": 9,
	"life-giving.": 4,
	"andhome.": 1,
	"atmosphericallyenclosed": 1,
	"atmosphere-rich.": 1,
	"delicate.": 15,
	"aqueous": 27,
	"vital.": 6,
	"globular": 8,
	"essential.": 9,
	"colossal.": 1,
	"regenerative.": 1,
	"rhythmic": 1,
	"beloved.": 1,
	"populated.": 1,
	"tilting": 1,
	"influential.": 1,
	"inspiring": 2,
	"water-filled": 1,
	"thriving.": 3,
	"massive.": 4,
	"exploratory": 1,
	"continuous": 2,
	"astonishing.": 1,
	"spheroidal": 4,
	"andbeautiful.": 5,
	"precarious": 8,
	"astronomical": 2,
	"paradoxical": 1,
	"trembling.": 1,
	"aging": 2,
	"populated": 14,
	"inhabitable": 16,
	"colossal": 8,
	"vulnerable.": 4,
	"finite": 13,
	"expansive.": 3,
	"elegant": 2,
	"irregular": 1,
	"timeless": 1,
	"unstable": 2,
	"mountainous": 8,
	"oceanic": 5,
	"andhospitable.": 1,
	"blue-hued": 1,
	"bluish-green": 1,
	"aerially-framed": 1,
	"magnetized": 4,
	"expanding.": 1,
	"warm": 7,
	"variable": 9,
	"astonishing": 1,
	"harmonious": 3,
	"dynamic.": 5,
	"elliptical": 4,
	"mystical": 4,
	"terrestrial.": 4,
	"mystifying": 2,
	"lonely.": 1,
	"tempestuous.": 1,
	"oxidized.": 1,
	"magnetic.": 11,
	"culturallyrich": 3,
	"beautifullycomplex.": 3,
	"climate-altering": 1,
	"resourceful.": 1,
	"geographicallydiverse": 1,
	"solar-powered.": 1,
	"atmosphericallyrich": 1,
	"magneticallyshielded": 2,
	"culturallyrich.": 3,
	"atmosphericallylayered": 1,
	"andorbiting.": 1,
	"alive.": 6,
	"thin-skinned": 7,
	"nestled": 1,
	"transforming.": 2,
	"threatened": 4,
	"nutrient-cycling": 1,
	"elusive.": 1,
	"enormous": 2,
	"desolate.": 1,
	"vivacious": 2,
	"blue-and-green": 1,
	"volatile.": 5,
	"threatened.": 10,
	"warm.": 1,
	"variegated": 3,
	"wildlybeautiful": 1,
	"gravitationallybound": 1,
	"geologically-active": 4,
	"partially-covered": 1,
	"magneticallyprotected": 5,
	"hydrospheric": 2,
	"andvast.": 2,
	"treacherous": 2,
	"battered": 3,
	"integrated": 1,
	"stunning.": 2,
	"planet": 1,
	"bounded": 2,
	"imperiled": 1,
	"hydrous": 2,
	"atmosphericallyenveloped": 7,
	"extraordinary.": 1,
	"resolute.": 1,
	"gigantic": 9,
	"serene": 3,
	"abundant.": 8,
	"rocky.": 1,
	"banded": 1,
	"geological.": 1,
	"diverse.": 3,
	"gravitational.": 1,
	"enveloping": 1,
	"andunparalleled.": 1,
	"climatic": 14,
	"andresilient.": 4,
	"elegantlyspinning.": 1,
	"geologicallycomplex": 3,
	"intricatelybalanced": 2,
	"andenigmatic.": 4,
	"bipedal-supportive": 1,
	"oxygen-breathing": 3,
	"life-nurturing.": 1,
	"charismatic.": 1,
	"volcanic": 3,
	"illuminated": 7,
	"supportive": 1,
	"andinhabited.": 4,
	"deep": 1,
	"bustling.": 4,
	"harboringlife.": 1,
	"interdependent": 1,
	"tenuous.": 2,
	"pristine": 2,
	"monumental": 3,
	"geologicallyactive.": 5,
	"encompassing": 1,
	"windy": 1,
	"resplendent.": 6,
	"invaluable.": 3,
	"olivine": 1,
	"scarce": 1,
	"unparalleled": 1,
	"moderate": 1,
	"circulatory": 1,
	"terraqueous.": 1,
	"endlesslyfascinating.": 1,
	"nurturant": 1,
	"endless.": 2,
	"atmosphericallycomplex": 2,
	"geologicallyrich": 1,
	"breathtakinglyvast.": 1,
	"atmosphericallydynamic": 1,
	"geologicallyvaried": 1,
	"andessential.": 1,
	"partiallycoveredinwater": 1,
	"tectonicallydynamic": 2,
	"gravitationallycohesive": 3,
	"magneticallyprotected.": 1,
	"composed": 1,
	"flourishing.": 1,
	"complicated": 1,
	"aquatic": 5,
	"andcaptivating.": 1,
	"variable.": 1,
	"resource-abundant": 3,
	"self-regulating": 1,
	"youthful.": 1,
	"old": 2,
	"andvulnerable.": 1,
	"sacred.": 3,
	"temperamental": 7,
	"scenic": 1,
	"heterogeneous": 1,
	"beleaguered": 1,
	"warming.": 3,
	"natural": 4,
	"cratered": 1,
	"andexquisite.": 1,
	"predominantlyblue": 1,
	"atmospherical": 1,
	"fickle": 1,
	"fragrant.": 4,
	"axial": 1,
	"circulatory.": 1,
	"inspiring.": 2,
	"fascinating": 5,
	"essential": 3,
	"inviting": 1,
	"regenerative": 1,
	"active": 3,
	"tectonic.": 1,
	"wet": 3,
	"rugged.": 1,
	"liquid-covered": 2,
	"carbonaceous.": 1,
	"developing": 1,
	"andmesmerizing.": 1,
	"dramatic": 2,
	"explored": 3,
	"inhospitable.": 1,
	"nutrient-rich": 4,
	"andbreathtaking.": 1,
	"swirling.": 1,
	"brilliant": 1,
	"vulnerable": 3,
	"tumultuous.": 2,
	"fertile.": 2,
	"stormy": 1,
	"treasure-filled.": 1,
	"perpetually-changing": 1,
	"indispensable.": 3,
	"homey.": 2,
	"ethereal": 2,
	"eroded": 2,
	"weathered.": 1,
	"familiar": 1,
	"constantly-changing": 1,




	"elusive": 3,
	"rapidly-changing": 3,
	"andunique.": 1,
	"andwondrous.": 1,
	"orbited": 1,
	"bewitching": 1,
	"adornedwithblue.": 1,
	"constantly-changing.": 1,
	"finite.": 4,
	"stable": 3,
	"life-bearing.": 2,
	"andfragile.": 2,
	"continental": 2,
	"sublimelydiverse": 1,
	"gravitationallybalanced": 1,
	"fourthfromthesun": 1,
	"aestheticallymagnificent.": 1,
	"blue-green.": 2,
	"illuminated.": 1,
	"circle": 1,
	"continental.": 1,
	"opulent": 3,
	"eloquent": 1,
	"constantlychanging": 2,
	"explorative": 1,
	"iridescent": 2,
	"mystical.": 1,
	"fractious": 1,
	"fractured": 2,
	"progressivelywarming": 1,
	"heavilypopulated": 1,
	"unparalleledecosystem.": 1,
	"lively": 3,
	"rich.": 2,
	"enveloped": 2,
	"varying": 2,
	"valuable": 1,
	"treasuretrove.": 1,
	"partiallyblue": 1,
	"partiallygreen": 1,
	"climate-fueled": 1,
	"liquid": 2,
	"gravity-bound.": 1,
	"turbulent.": 1,
	"explored.": 1,
	"serene.": 2,
	"suspended": 1,
	"eternal": 1,
	"abuzzwithlife": 1,
	"richinresources": 1,
	"blueandgreen": 3,
	"planetary": 1,
	"habitual": 1,
	"imbalanced": 1,
	"gentlyrotating": 1,
	"cavernous": 1,
	"spongy": 2,
	"magnetized.": 1,
	"transformative.": 2,
	"sapphire": 4,
	"seismic": 1,
	"circular.": 1,
	"oasis": 1,
	"andintricate.": 2,
	"oriented": 1,
	"enormous.": 1,
	"protective": 1,
	"watery.": 1,
	"miraculous.": 1,
	"sustaining.": 1,
	"scarred": 2,
	"cherished.": 3,
	"oblate": 1,
	"incrediblyvast.": 1,
	"climate-ridden": 1,
	"atmosphericallyprotected": 1,
	"orb-like": 1,
	"remote": 4,
	"cloudy": 1,
	"misty": 1,
	"illuminating": 1,
	"fragranced": 1,
	"aqueous.": 2,
	"life-rich": 4,
	"striking.": 1,
	"orange": 1,
	"jewel-like": 1,
	"rotationallyspinning": 1,
	"andwater-abundant.": 1,
	"remarkable.": 4,
	"life-affirming.": 1,
	"thin-atmosphere": 1,
	"carbon-dense": 1,
	"thicklyatmosphered": 1,
	"verdant.": 1,
	"tectonically-active": 2,
	"vivid": 1,
	"ornate": 1,
	"accessible.": 1,
	"isolated": 4,
	"shrinking": 1,
	"atmosphere-rich": 2,
	"inclined": 1,
	"striped": 1,
	"culturallyvaried": 1,
	"gaseouslyshrouded": 1,
	"atmosphere-enshrouded": 1,
	"gravitating": 3,
	"interdependent.": 3,
	"awash": 2,
	"climate-changing": 1,
	"uniquelyhabitable.": 1,
	"restless": 1,
	"tenuous": 1,
	"dry": 1,
	"age-old": 1,
	"irreplaceable.": 1,
	"wonderous.": 2,
	"climatically-variable": 1,
	"culturallyexpansive.": 1,
	"picturesque.": 1,
	"polar.": 1,
	"andevolving.": 1,
	"erosive.": 1,
	"geothermal": 1,
	"colorful.": 1,
	"fluctuating": 1,
	"aged": 2,
	"perfectlybalanced.": 1,
	"andconstantlyevolving.": 1,
	"life-abundant": 1,
	"zirconium-blue": 1,
	"beautifullycolored": 1,
	"continuouslychanging": 1,
	"radioactive": 1,
	"atmosphere-protected": 1,
	"heavenly.": 1,
	"cloud-covered": 1,
	"constantlyevolving.": 1,
	"lifegiving": 1,
	"temperamental.": 1,
	"marvellous.": 2,
	"24/7-sunlit-half-dark": 1,
	"treasure.": 1,
	"altering": 1,
	"oscar-winning": 1,
	"compelling": 1,
	"changeable": 1,
	"spacious": 1,
	"habitat.": 1,
	"weather-driven.": 1,
	"climaticallyvariable": 1,
	"anddistant.": 1,
	"habited.": 1,
	"equilibrated": 1,
	"gaseous.": 1,
	"pale.": 1,
	"gravitationalmagnet": 1,
	"connected.": 1,
	"governedbygravity": 1,
	"richinlife": 1,
	"protected": 2,
	"naturally-bountiful": 1,
	"continuously-evolving.": 1,
	"concentric": 1,
	"climaticallycomplex": 2,
	"tectonicallydiverse.": 1,
	"sacred": 2,
	"tropical": 1,
	"enveloping.": 1,
	"scenic.": 1,
	"invaluable": 1,
	"climatic.": 1,
	"miraculous": 1,
	"beguiling": 1,
	"biodiverse.": 2,
	"tranquil.": 1,
	"orbiting.": 2,
	"divine": 1,
	"dwindling": 1,
	"durable": 1,
	"drifting": 1,
	"dappled": 1,
	"desirable": 1,
	"daunting.": 1,
	"olive-green": 1,
	"inconstant": 1,
	"endless": 1,
	"fragility-bound": 1,
	"wonder-inspiring.": 2,
	"imperfect": 1,
	"inexhaustible": 1,
	"delicatelybalanced": 1,
	"beautifullycomplex": 1,
	"airborne": 1,
	"hazy": 1,
	"average": 1,
	"transient.": 1,
	"aerodynamic": 1,
	"energetic": 1,
	"divided": 1,
	"slender": 1,
	"layered.": 1,
	"sedimentary": 1,
	"wobbling": 1,
	"old.": 1,
	"andstunning.": 1,
	"aqua-rich": 1,
	"andnurturing.": 1,
	"wireless": 1,
	"blue-marbled": 1,
	"constantlychanging.": 1,
	"perilous.": 1,
	"ecologicallycomplex": 1,
	"intricatelyconnected": 1
}