{
	"alive": 36,
	"ever-changing": 170,
	"vibrant": 1246,
	"beautiful": 855,
	"mysterious": 703,
	"diverse": 3344,
	"dynamic": 2029,
	"nourishing": 25,
	"enigmatic": 32,
	"resilient": 131,
	"green": 921,
	"rotating": 672,
	"blue": 1783,
	"round": 2670,
	"lively": 165,
	"fertile": 2632,
	"vast": 1624,
	"essential": 21,
	"vibrant.": 124,
	"expansive": 148,
	"warm": 217,
	"ancient": 2459,
	"magnetic": 89,
	"dormant": 5,
	"lush.": 12,
	"worldly": 2,
	"restless": 169,
	"earth": 33,
	"living": 344,
	"spherical": 326,
	"beautiful.": 123,
	"majestic": 202,
	"thriving": 14,
	"lush": 303,
	"resilient.": 37,
	"natural": 141,
	"complex": 26,
	"rich": 125,
	"nurturing": 380,
	"massive": 209,
	"breathing": 34,
	"spinning": 312,
	"fragile": 491,
	"old.": 7,
	"changing": 102,
	"lonely": 23,
	"silent": 71,
	"solid": 352,
	"warming.": 12,
	"rocky": 365,
	"round.": 69,
	"earthbeautiful": 2,
	"unique.": 24,
	"intricate.": 3,
	"endlessly": 5,
	"curved": 19,
	"life-supporting": 46,
	"habitable": 345,
	"enduring": 136,
	"interconnected": 63,
	"everchanging": 3,
	"magnificent.": 6,
	"muddy": 17,
	"rolling": 19,
	"finite": 18,
	"living.": 69,
	"hospitable": 90,
	"serene": 130,
	"precious": 78,
	"renewable": 12,
	"unique": 113,
	"unknown": 3,
	"observable.": 1,
	"hot": 150,
	"fragile.": 64,
	"cold": 94,
	"calm": 6,
	"diverse.": 101,
	"dry": 49,
	"abundant.": 8,
	"deadly": 3,
	"egg-shaped.": 1,
	"rugged": 89,
	"tranquil": 41,
	"vital": 125,
	"varied": 111,
	"constantly": 5,
	"sustaining.": 2,
	"shifting": 22,
	"quiet": 35,
	"watery": 39,
	"magical": 2,
	"breathtaking": 35,
	"rich.": 12,
	"watery.": 6,
	"heavy": 37,
	"temperate": 101,
	"arid": 199,
	"polar": 10,
	"big": 46,
	"active": 37,
	"nurturing.": 90,
	"slowly": 2,
	"spinning.": 19,
	"bountiful": 402,
	"dark": 31,
	"constant": 12,
	"eternal.": 13,
	"life-filled": 189,
	"ever-changing.": 104,
	"1.round": 17,
	"abundant": 102,
	"chaotic": 24,
	"volatile": 30,
	"breathable": 80,
	"habitable.": 85,
	"lifeless": 32,
	"ancient.": 78,
	"bumpy": 44,
	"wet": 72,
	"constantlyevolving": 4,
	"dynamic.": 130,
	"large": 97,
	"hospitable.": 15,
	"fiery": 32,
	"rugged.": 4,
	"turbulent": 62,
	"terrestrial": 14,
	"eternal": 38,
	"fertile.": 128,
	"colorful": 93,
	"sinful": 1,
	"fluid": 8,
	"teeming": 618,
	"tempestuous": 19,
	"radiant": 34,
	"endless": 40,
	"blue-green": 82,
	"old": 129,
	"mighty": 29,
	"interconnected.": 33,
	"unforgiving": 8,
	"windy": 163,
	"spacious.": 2,
	"magnificent": 42,
	"harmonious": 12,
	"tiny": 28,
	"colossal": 19,
	"mysterious.": 38,
	"life-sustaining": 127,
	"uniquelydiverse": 1,
	"dense": 46,
	"healing": 4,
	"quiet.": 2,
	"red": 22,
	"resourceful": 35,
	"inhabitable.": 5,
	"sacred": 16,
	"inert": 3,
	"luscious": 3,
	"organic": 7,
	"renewing.": 1,
	"warm.": 19,
	"powerful": 36,
	"frozen": 16,
	"life-filled.": 34,
	"tumultuous": 22,
	"crimson": 8,
	"whispering": 4,
	"warming": 91,
	"tranquil.": 13,
	"intense": 4,
	"geographic": 7,
	"molten": 35,
	"fragmented": 3,
	"atmospheric": 26,
	"planet": 31,
	"solar": 2,
	"life-sustaining.": 36,
	"spherical.": 35,
	"damp": 4,
	"life-bearing": 57,
	"respiring": 1,
	"swirling.": 1,
	"scorching": 45,
	"zygotical": 1,
	"earthisabeautiful": 2,
	"moist": 17,
	"world.": 1,
	"lifeblood": 2,
	"azure": 7,
	"sullen": 1,
	"only": 1,
	"geologic": 7,
	"quicksand": 1,
	"land": 5,
	"airy": 5,
	"terrible": 16,
	"cool": 5,
	"extensiveforest": 1,
	"rotational": 5,
	"atmosphere": 25,
	"shimmering": 3,
	"earth.": 3,
	"awe-inspiring": 11,
	"global": 5,
	"verdant": 75,
	"temperate.": 8,
	"gas-filled": 6,
	"water-covered": 9,
	"rocky.": 13,
	"tectonic": 27,
	"everlasting": 7,
	"mystical": 13,
	"breath-taking": 8,
	"volcanic": 29,
	"vivid": 13,
	"caustic": 1,
	"barren": 257,
	"bluish": 2,
	"forlorn": 1,
	"slumbering": 3,
	"whispering.": 5,
	"earthisdiverse": 4,
	"life-supporting.": 13,
	"ever-shifting": 4,
	"wondrous": 32,
	"redandgreenearth.": 1,
	"water-rich": 21,
	"rising.": 1,
	"tightlywoven": 1,
	"rollinglandscapes": 1,
	"dependentlife": 1,
	"diversefauna": 2,
	"expansiveoceans": 1,
	"dynamicatmosphere": 3,
	"moltencore": 5,
	"cyclicseasons": 1,
	"fertileplains": 2,
	"variousclimates.": 1,
	"constantlychanging": 17,
	"flat": 23,
	"slow": 3,
	"delicate": 37,
	"restless.": 20,
	"terrifying": 8,
	"dangerous": 6,
	"liquid.": 1,
	"secluded": 2,
	"harmonious.": 11,
	"planted": 1,
	"tired": 5,
	"majestic.": 16,
	"trembling": 10,
	"youthful": 14,
	"split": 1,
	"breathless": 2,
	"teeming.": 73,
	"homey": 4,
	"desolate": 61,
	"harsh": 27,
	"perilous": 8,
	"isolated": 57,
	"expansive.": 15,
	"abounding": 1,
	"rotating.": 39,
	"circular": 10,
	"orb": 10,
	"oceans": 23,
	"diverseflora": 1,
	"fauna": 1,
	"majesticmountains": 3,
	"richhistory": 2,
	"stableclimate": 1,
	"arableland": 1,
	"fertilesoil.": 1,
	"constantly-changing": 2,
	"thin": 30,
	"water": 6,
	"climate-changing": 1,
	"evolving.": 21,
	"bleak": 11,
	"unyielding": 8,
	"weary.": 1,
	"earth:vast": 1,
	"remarkable": 3,
	"rough": 33,
	"pale": 4,
	"solid.": 26,
	"jumbo": 4,
	"hazardous": 3,
	"deep": 19,
	"volcanic.": 2,
	"pulsing": 19,
	"urban": 4,
	"verdant.": 6,
	"sad": 1,
	"bitter": 5,
	"greedy": 6,
	"hungry": 2,
	"peaceful": 34,
	"lively.": 17,
	"changing.": 34,
	"serene.": 32,
	"untouched": 2,
	"spacious": 11,
	"stable": 19,
	"weathered": 43,
	"tall": 7,
	"violent": 6,
	"unpredictable.": 9,
	"grand.": 1,
	"climate": 6,
	"immense": 43,
	"rough.": 1,
	"bustling": 38,
	"breathtaking.": 4,
	"older": 5,
	"young": 25,
	"blue.": 44,
	"homey.": 6,
	"inundated.": 1,
	"endearing": 2,
	"hidden": 21,
	"alive.": 18,
	"humid": 46,
	"enabling.": 1,
	"breath": 2,
	"life": 6,
	"small": 55,
	"cold.": 6,
	"feverish": 1,
	"perpetual": 3,
	"charismatic": 1,
	"sprawling": 21,
	"unpredictable": 50,
	"enormous": 38,
	"marine": 2,
	"tropical": 10,
	"frigid.": 1,
	"wind-blown": 1,
	"vulnerable.": 6,
	"planetary": 8,
	"fascinating.": 2,
	"bountiful.": 23,
	"precious.": 46,
	"ballearth": 1,
	"inspiring.": 4,
	"intriguing": 10,
	"revolving": 68,
	"crusty": 19,
	"mobile": 6,
	"stunning.": 4,
	"blueish": 1,
	"gravity-bound": 6,
	"oxygen-rich": 36,
	"isolated.": 8,
	"sole": 1,
	"mosaic": 1,
	"rare": 5,
	"gravitational": 8,
	"finelybalanced": 2,
	"silentlyrotating": 1,
	"sustained.": 1,
	"misleading": 2,
	"emphatic": 1,
	"grateful": 1,
	"transparent": 1,
	"inhabited": 55,
	"vast.": 47,
	"perpetually": 1,
	"andvast": 1,
	"tremendous": 4,
	"sick": 1,
	"noisy": 25,
	"satellite": 2,
	"protected.": 2,
	"andvital.": 1,
	"barrensanddesert": 1,
	"toweringlimestonecliffs": 1,
	"moltenmoltenmagma": 1,
	"silentmidnight": 1,
	"scorchingariddunes": 1,
	"fierceviolentstorms": 1,
	"frigidicyglaciers": 1,
	"tranquildeepblue": 1,
	"vibrantmyriadwildlife": 1,
	"ancientpetrifiedrock": 1,
	"pristine": 9,
	"life'scradle.": 1,
	"andever-changing.": 1,
	"\n2.blue": 3,
	"\n3.fertile": 1,
	"\n4.life-bearing": 1,
	"\n5.volcanic": 1,
	"\n6.forested": 1,
	"\n7.dry": 1,
	"\n8.stormy": 1,
	"\n9.mountainous": 1,
	"\n10.heated.": 1,
	"restless.theearthisbothancient": 1,
	"roundinshape": 1,
	"predominantlybluefromspace": 1,
	"immenseinscope": 1,
	"teemingwithlife(living)": 1,
	"constantlychanging(dynamic)": 1,
	"fullofdifferentlandscapesandbiomes(varied)": 1,
	"spherical(round)": 1,
	"delicateandcouldbe": 1,
	"rounded.": 3,
	"luminous": 30,
	"enduring.": 56,
	"volatile.": 4,
	"ephemeral": 2,
	"rotatingrian.": 1,
	"huge": 19,
	"breathable.": 12,
	"gorgeous": 5,
	"incredible": 9,
	"air-breathing": 3,
	"countless": 3,
	"indoor": 1,
	"life-bearing.": 7,
	"tilted": 13,
	"nocturnal": 1,
	"thick": 6,
	"awesome": 1,
	"orbiting": 51,
	"traveling": 3,
	"mountainous": 30,
	"oceanic.": 1,
	"innovative": 3,
	"serious": 1,
	"strong": 10,
	"connected.": 6,
	"priceless": 1,
	"peaceful.": 12,
	"glowing": 34,
	"reflective": 1,
	"surface": 14,
	"sunny": 1,
	"fast": 4,
	"dynamo": 2,
	"cozy": 7,
	"lit": 1,
	"striped": 1,
	"thriving.": 6,
	"emerald": 3,
	"acidic.": 2,
	"terran": 3,
	"protective": 9,
	"explosive": 10,
	"magnetic.": 10,
	"rare.": 1,
	"earth:diverse": 2,
	"busy": 3,
	"iron-rich": 3,
	"polluted.": 1,
	"orbital": 2,
	"life-rich": 11,
	"distant.": 2,
	"shaken": 1,
	"flowing.": 2,
	"dusty": 19,
	"cracked": 4,
	"stormy": 18,
	"earthvibrant": 3,
	"livable": 38,
	"unmoving": 1,
	"connected": 13,
	"circling": 2,
	"small.": 2,
	"earth:round": 20,
	"sunlit.": 1,
	"colorful.": 11,
	"crater-filled": 1,
	"aging": 7,
	"constantlyspinning": 2,
	"alwayschanging.": 2,
	"air-abundant": 1,
	"climate-warped.": 1,
	"blue-hued": 2,
	"uneven": 10,
	"revolving.": 14,
	"finelybalanced.": 1,
	"livid": 8,
	"mercurial": 3,
	"resplendent": 2,
	"noxious": 1,
	"salvific": 1,
	"fervent.": 1,
	"oceansvast": 8,
	"mountainstall": 3,
	"forestsgreen": 2,
	"desertsarid": 3,
	"citiesbustling": 2,
	"skiesblue": 1,
	"riversflowing": 2,
	"wildlifediverse": 1,
	"climatechange": 1,
	"lifeteeming.": 1,
	"supporting": 1,
	"soft": 15,
	"stunning": 13,
	"weathering.": 1,
	"vital.": 20,
	"boring": 4,
	"powerful.": 6,
	"iced": 1,
	"resource-laden": 1,
	"alwayssplintering": 1,
	"beautifullypatterned": 1,
	"perilouslytwirling": 1,
	"indestructiblystrong": 1,
	"fragilelypulsing": 1,
	"inexorablytiny": 1,
	"eternallyvital.": 1,
	"cherished": 1,
	"rhythmic.": 2,
	"largest": 3,
	"revolutionary": 1,
	"time": 1,
	"digital": 1,
	"home": 32,
	"mutable": 2,
	"wondrous.": 11,
	"static": 3,
	"pink": 1,
	"life-giving": 15,
	"billious": 1,
	"curious": 18,
	"multilayered": 1,
	"infinite": 14,
	"enchanting": 18,
	"": 11,
	"orbiting.": 5,
	"moody": 1,
	"chaotic.": 4,
	"vulnerable": 28,
	"voluminous": 1,
	"ungrateful": 1,
	"hostile": 13,
	"hanging": 2,
	"graceful.": 4,
	"hemispherical.": 1,
	"gentle": 26,
	"exotic": 2,
	"hurrying.": 1,
	"tangible": 4,
	"layered": 18,
	"heated": 10,
	"resource-rich": 20,
	"andtiny.": 1,
	"quivering": 2,
	"symbiotic": 1,
	"special": 2,
	"unstable": 11,
	"finite.": 10,
	"resplendent.": 2,
	"aged": 11,
	"warmed.": 1,
	"conscious": 2,
	"giant": 7,
	"constant.": 1,
	"raindrop": 1,
	"sphere": 3,
	"twinkling": 2,
	"harmful": 16,
	"polluted": 28,
	"winding": 4,
	"protective.": 2,
	"encompassing": 3,
	"spotted": 1,
	"roundandslightlyoval": 1,
	"climate-sensitive": 1,
	"residing": 1,
	"surfacecovered.": 1,
	"golden": 5,
	"fauna-rich": 1,
	"oceanic": 5,
	"exoplanet": 1,
	"tectonicallyactive": 9,
	"atmosphere-bound": 5,
	"rainforest-covered": 1,
	"heavilypopulated": 1,
	"alienlife": 1,
	"anddelicatelybalanced.": 1,
	"religiouslydiverse": 1,
	"terrestrial.": 2,
	"benevolent": 5,
	"elegant": 2,
	"boundless": 23,
	"whimsical": 2,
	"mystic": 2,
	"compassionate": 2,
	"timeless": 13,
	"3.5billion": 1,
	"blue-greenorb": 1,
	"rotatingplanet": 1,
	"vastlifeforce": 1,
	"sphericalbody": 1,
	"atmosphererichfortress": 1,
	"mountain-ridgesilhouette": 1,
	"oceanicexpanseinfinity": 1,
	"fertilelandmosaic": 1,
	"ceaseless-gentlerockingharmony": 1,
	"vibrant-energyreservoircosmos.": 1,
	"theearthhasadiverse": 1,
	"hemisphere.atmosphere": 1,
	"variety": 1,
	"isearth'suniquefeature.water-rich": 1,
	"life-inhabiting": 1,
	"ever-constant": 1,
	"itsupportsall.": 1,
	"rotten": 5,
	"malnourished": 2,
	"wrecked": 1,
	"toxic": 20,
	"inanimate": 1,
	"frigid": 13,
	"parched": 9,
	"devoid": 2,
	"deformed": 1,
	"poisoned": 1,
	"lethargic": 3,
	"dead": 3,
	"distorted": 1,
	"letharg": 1,
	"below": 1,
	"purple": 2,
	"full": 15,
	"zealous.": 1,
	"enchanted": 4,
	"capable": 3,
	"perfect": 4,
	"radiant.": 8,
	"marvelous.": 2,
	"sustainable": 2,
	"green.": 26,
	"fresh": 8,
	"air-filled.": 2,
	"amazing": 4,
	"wild": 13,
	"ambitious": 1,
	"solemn": 2,
	"precarious": 4,
	"experiencing": 2,
	"home.": 7,
	"geological": 6,
	"moving": 19,
	"seismic": 5,
	"crowded": 7,
	"scarcewater.": 1,
	"glistening": 6,
	"fecund": 5,
	"air": 4,
	"common.": 1,
	"imperfect": 2,
	"hydrating": 4,
	"robust": 8,
	"relentless": 8,
	"maturing": 1,
	"ecosystems": 2,
	"life-giving.": 4,
	"sparkling": 1,
	"liveable": 7,
	"dotted": 2,
	"fascinating": 12,
	"life-richearth.": 1,
	"inhabitable": 24,
	"precioussphere.": 1,
	"shiny": 7,
	"slow-moving": 1,
	"variably": 1,
	"forever": 1,
	"growing": 16,
	"slow-turning": 1,
	"spinningcubes": 1,
	"populous.": 1,
	"ice-clad": 1,
	"desert-dry": 1,
	"andocean-swept.": 1,
	"saturnine": 1,
	"symmetrical": 2,
	"immeasurable.": 1,
	"landlocked": 3,
	"evolving": 44,
	"unequal": 1,
	"antediluvian": 1,
	"geothermal": 4,
	"biodiverse": 12,
	"icy": 15,
	"seismicallyactive": 1,
	"beating": 6,
	"earthy": 2,
	"quaking": 1,
	"sprawling.": 1,
	"balanced": 17,
	"torrential": 1,
	"mundane": 15,
	"marvellous.": 1,
	"firm": 6,
	"growing.": 5,
	"ancientfascinatinggreenvitalwatereddiversefertiledrypristinebluemajestictall": 1,
	"air-filled": 12,
	"pulsing.": 4,
	"rolling.": 1,
	"translucent": 2,
	"sunny.": 1,
	"graceful": 6,
	"sphere-shaped": 1,
	"solar.": 3,
	"human": 1,
	"livable.": 14,
	"active.": 3,
	"rotated": 1,
	"arctic.": 1,
	"varied.": 12,
	"endangered": 4,
	"water-filled": 1,
	"luminous.": 6,
	"ominous": 6,
	"crucial.": 2,
	"afflicted": 1,
	"enveloped": 3,
	"by": 1,
	"atmosphere.": 1,
	"pocked": 3,
	"alwayschanging": 2,
	"atmospheric.": 3,
	"monotonous": 1,
	"desolate.": 3,
	"humbling": 1,
	"lives-in.": 1,
	"petite": 2,
	"interesting": 1,
	"affluent": 1,
	"mountains": 9,
	"forests": 6,
	"incredibly": 1,
	"blue-green.": 4,
	"inhospitable": 9,
	"milky": 3,
	"shadowy": 1,
	"towering": 12,
	"subterranean": 1,
	"heaving.": 1,
	"striking": 4,
	"gaseous": 7,
	"profound": 4,
	"whole": 4,
	"suspended": 1,
	"distant": 15,
	"overpopulated": 1,
	"green-blue": 2,
	"naturally": 1,
	"roiling": 9,
	"blueandgreen": 4,
	"disorderly": 1,
	"slightlytilted": 2,
	"lovely": 2,
	"coveredinblue": 1,
	"incandescent": 2,
	"energetic": 11,
	"visiblefromspace": 1,
	"ever-shifting.": 2,
	"alwaysspinning": 2,
	"hometolife.": 1,
	"fluffy": 1,
	"sprightly": 1,
	"bright": 3,
	"eternal...": 1,
	"populated": 6,
	"tepid": 1,
	"rotund": 8,
	"far-reaching": 1,
	"sphere.": 3,
	"wobbly": 3,
	"reacting": 1,
	"shaped": 3,
	"traversable": 1,
	"muy.": 1,
	"populated.": 2,
	"iconic": 1,
	"susceptible": 1,
	"gentlyspinning": 1,
	"motherly": 3,
	"creative": 8,
	"elusive": 4,
	"habit": 1,
	"orbits": 1,
	"star": 1,
	"varying": 7,
	"scarce": 10,
	"orderly": 1,
	"sterile": 1,
	"fluctuating": 5,
	"fleeting": 6,
	"malleable": 13,
	"endlesslyintriguing": 1,
	"orbited": 1,
	"solitary.": 3,
	"balanced.": 3,
	"globular.": 1,
	"immortal.": 2,
	"frozen.": 1,
	"seasonal": 5,
	"complex.": 5,
	"supportive.": 2,
	"blazing": 5,
	"concealed": 2,
	"envious": 1,
	"shrinking": 9,
	"scorched.": 1,
	"weathered.": 5,
	"life-brimming": 2,
	"compact.": 1,
	"dominated": 1,
	"mineral-rich": 4,
	"raw": 4,
	"planetearth": 2,
	"soft.": 5,
	"tiltable": 1,
	"splendid": 1,
	"endlesslycold": 1,
	"darkening.": 1,
	"earthisround": 8,
	"glacial": 2,
	"decent.": 1,
	"deserts": 3,
	"plains": 2,
	"regions.": 1,
	"oxygen-rich.": 4,
	"uplifting": 1,
	"vibrating": 1,
	"magnetized": 10,
	"dome-shaped": 2,
	"creeping": 1,
	"chilling": 1,
	"stormy.": 2,
	"warm-blooded": 1,
	"alkaline": 1,
	"culturallyrich": 1,
	"rounded": 18,
	"atmosphere-gaseous": 1,
	"uninhabited": 14,
	"melting": 5,
	"unbalanced": 2,
	"muted.": 1,
	"grand": 13,
	"gas": 1,
	"hot.": 5,
	"extensive": 5,
	"covered": 13,
	"complicated": 2,
	"particulate": 1,
	"supportive": 3,
	"azure.": 1,
	"groaning": 2,
	"warmer": 2,
	"still": 1,
	"evocative.": 1,
	"navigable": 2,
	"gray": 2,
	"andsolid.": 1,
	"hot-cold": 2,
	"spirited": 4,
	"exquisite": 4,
	"youthful.": 1,
	"breathes": 1,
	"dynamics": 1,
	"essential.": 3,
	"lofty": 1,
	"vibranthabitat": 1,
	"incredible.": 1,
	"terrifying.": 1,
	"earthly": 6,
	"moist.": 4,
	"lithe": 1,
	"water-laden": 1,
	"salty": 6,
	"persisting.": 1,
	"damaging": 1,
	"industrial": 1,
	"untamed.": 1,
	"lifeless.": 7,
	"picturesque.": 1,
	"blank": 3,
	"impermanent": 1,
	"repletewithlife": 1,
	"seething": 1,
	"unearthly": 2,
	"dynamiclandscapes": 1,
	"diversecultures": 1,
	"vibrantlife": 2,
	"turbulentweather": 2,
	"toweringmountains": 3,
	"fertilesoil": 1,
	"denseforests": 3,
	"pollutedskies": 1,
	"fragileecosystem.": 1,
	"torrid": 6,
	"blue-skinned": 1,
	"bioluminescent": 1,
	"quake-sensitive": 1,
	"hearty.": 1,
	"2.blue": 6,
	"3.vast": 1,
	"4.fertile": 2,
	"5.diverse": 3,
	"6.ancient": 4,
	"7.teeming": 1,
	"8.ever-changing": 1,
	"9.tempestuous": 1,
	"10.habitable.": 2,
	"1.diverse": 2,
	"ongoing": 1,
	"green-tinged.": 1,
	"light-green": 1,
	"pulsating": 3,
	"ever-present.": 1,
	"billionsofstars": 1,
	"blueskies": 2,
	"giantmountains": 1,
	"lushforests": 1,
	"vastoceans": 3,
	"exoticcreatures": 1,
	"scorchingdeserts": 2,
	"icypoles": 1,
	"brightsunlight": 1,
	"expansiveplains.": 1,
	"oriented.": 1,
	"vermilion": 1,
	"textured": 4,
	"plant-covered": 1,
	"wind-swept": 3,
	"quake-prone": 1,
	"axis-symmetric": 1,
	"substantiallyvaried.": 1,
	"resourceful.": 10,
	"gravitating": 1,
	"named": 1,
	"every.": 1,
	"ceaselesslyspinning": 1,
	"diverging": 1,
	"violet": 1,
	"blue-greensprawlingdiversefertilehabitablehabitableteemingvibrantlife-sustaining.": 1,
	"buzzing": 1,
	"mobile.": 1,
	"constantlychanging.": 9,
	"balmy": 2,
	"firing": 1,
	"treed": 1,
	"wet.": 5,
	"pluvial.": 1,
	"twisting": 1,
	"oxygenated": 1,
	"earth:blue": 2,
	"timeless.": 5,
	"awe-inspiring.": 3,
	"comforting": 1,
	"elusive.": 1,
	"natural.": 10,
	"intricate": 15,
	"placid": 2,
	"steamy": 2,
	"functional": 1,
	"spinny": 3,
	"inspiring": 9,
	"angled": 1,
	"snow-capped": 1,
	"life-abundant": 2,
	"earthquake-prone": 2,
	"explorers'destination.": 1,
	"marvellous": 2,
	"permanentonthelist.": 1,
	"water-rich.": 2,
	"inexhaustible.": 2,
	"continent-bound": 1,
	"limited": 4,
	"coarse": 1,
	"existential": 1,
	"nimbus-like": 1,
	"nameless.": 1,
	"utterlyvast": 1,
	"endlesslytimeless": 1,
	"eternallyspinning": 1,
	"perpetuallyblue": 1,
	"ceaselesslyrevolving": 2,
	"endearinglybeautiful": 1,
	"constantlywarming": 1,
	"unendinglydiverse": 1,
	"profoundlymysterious.": 1,
	"plumeprotruding": 1,
	"roughsphere": 1,
	"iridescentcrust": 1,
	"endlesslyrotating": 3,
	"aqua-hued": 1,
	"vibrantecosystems": 1,
	"diverseterrain": 2,
	"largerbymass": 1,
	"illuminating": 1,
	"airborne": 3,
	"tectonic.": 3,
	"breathing.": 5,
	"amazing.": 1,
	"limitless": 1,
	"interactive": 1,
	"bouncy": 3,
	"multicultural.": 1,
	"thick.": 1,
	"inept": 1,
	"structured": 1,
	"naturally-colored": 1,
	"climate-diverse": 1,
	"vastlybeautiful": 1,
	"blueplanet.": 2,
	"habitat": 3,
	"earthy.": 1,
	"motionless": 1,
	"ailing": 2,
	"steeping": 1,
	"blueoceans": 1,
	"greenforests": 2,
	"crowdedcities.": 1,
	"marbled": 7,
	"asteroid": 1,
	"circular.": 2,
	"irregular": 8,
	"teeminglife": 3,
	"changingconstantly.": 1,
	"cross-cultural": 1,
	"sustainable.": 2,
	"underground": 3,
	"wild.": 2,
	"shaking": 2,
	"blue-white": 1,
	"misty": 5,
	"never-ending": 4,
	"independent": 5,
	"livid.": 4,
	"blinding": 1,
	"uninhabitable": 2,
	"indifferent": 3,
	"sunlit": 1,
	"heterogeneous": 3,
	"young.": 4,
	"endlesslyspinning": 1,
	"endlesslycycling": 1,
	"burning": 7,
	"shadowed": 1,
	"invented": 1,
	"life-enriching": 1,
	"geologicallydiverse": 3,
	"denselycovered": 1,
	"vibrantlycolored": 1,
	"constantlyrenewing": 1,
	"formidable": 5,
	"elegantlybalanced": 1,
	"vibrantlyalive": 2,
	"traditionallyrich": 1,
	"sustainablychallenged": 1,
	"moving.": 4,
	"mystifying": 3,
	"developed.": 1,
	"white": 1,
	"1.colorful": 2,
	"2.round": 3,
	"3.dynamic": 3,
	"4.diverse": 5,
	"5.mystifying": 1,
	"6.gravitationally-bound": 1,
	"7.finely-layered": 1,
	"8.life-sustaining": 1,
	"9.geologically-active": 1,
	"10.deep-blue.": 1,
	"inspiriting": 1,
	"water-bound": 1,
	"solitary": 6,
	"lifelike": 3,
	"rhythmic": 3,
	"flourishing": 4,
	"contrasting": 2,
	"persistent.": 1,
	"earthteeming": 2,
	"narrow.": 1,
	"haunted.": 1,
	"gigantic": 5,
	"naturallyblue.": 1,
	"moltencore.": 1,
	"five-sun": 1,
	"irrelevant": 1,
	"generous": 7,
	"foreverchanging.": 1,
	"breath-taking.": 1,
	"unexplored": 5,
	"historic": 3,
	"dwindling.": 1,
	"curved.": 1,
	"evergreens": 1,
	"full.": 2,
	"sloping": 2,
	"crustysolid": 1,
	"bluevast": 1,
	"veined": 2,
	"fractured": 4,
	"fractured.": 1,
	"hunk": 1,
	"arid.": 11,
	"mostlyblue": 1,
	"enormous.": 1,
	"remote": 3,
	"treacherous.": 1,
	"modest": 1,
	"variegated": 1,
	"unceasing": 1,
	"gas-rich": 3,
	"brittle": 1,
	"andcontinuouslyevolving.": 1,
	"half-moon": 1,
	"vastocean": 2,
	"bluesky": 2,
	"ancientland": 1,
	"lushforest": 1,
	"toweringmountain": 1,
	"freezingwinter": 1,
	"fierysummer": 1,
	"enduringseasons.": 1,
	"invisible.": 3,
	"blueorb": 1,
	"life-harboring": 1,
	"air-shielded.": 1,
	"andlife-sustaining.ourdynamic": 1,
	"enclosed": 4,
	"sustaining": 5,
	"system.": 1,
	"hiddentreasures": 1,
	"forested": 6,
	"furious": 1,
	"plentiful": 14,
	"trembling.": 2,
	"swirling": 5,
	"curious.": 1,
	"flammable": 2,
	"aromatic": 1,
	"never-ending.": 2,
	"gyrating.": 1,
	"molded": 1,
	"greening": 1,
	"broken": 8,
	"roundbluevast": 1,
	"fertilegreen": 1,
	"floating": 6,
	"rainy": 4,
	"singular": 1,
	"delicious": 2,
	"fresh.": 1,
	"animals": 1,
	"plants": 1,
	"seasons.": 1,
	"traumatized": 1,
	"cyclic": 2,
	"imperceptible.": 1,
	"dividedbyoceans.": 1,
	"formed": 1,
	"breathless.": 2,
	"online": 1,
	"eroding.": 1,
	"agile": 1,
	"depressed": 2,
	"corrupt": 1,
	"exhausted": 2,
	"decaying": 4,
	"impoverished.": 1,
	"crying": 1,
	"rapid": 1,
	"crust": 5,
	"supportsdiverse": 1,
	"arctic": 3,
	"stuck": 1,
	"custodian": 1,
	"banded": 1,
	"reliable": 2,
	"climate-temperate": 1,
	"turbulent.": 5,
	"uniqueearth.": 1,
	"amazingly": 1,
	"rapidly": 1,
	"soaring": 2,
	"hollow": 14,
	"life-filledplanet": 2,
	"beautifullyblue": 1,
	"tiling": 1,
	"climbing": 1,
	"colored": 5,
	"tormented": 2,
	"kinetic": 1,
	"flowing": 4,
	"irresistible": 1,
	"hiddengems.": 1,
	"scenic": 4,
	"massive.": 6,
	"nocturnal.": 1,
	"glorious": 8,
	"irrational": 1,
	"thirsty": 1,
	"expanse": 1,
	"treasuretrove": 1,
	"meltingice": 2,
	"resilientbiome": 1,
	"astonishing.": 1,
	"multifaceted": 1,
	"tantalizing": 2,
	"circle": 1,
	"distance": 1,
	"vitally-essential": 1,
	"world": 1,
	"terrific": 5,
	"livingrockstar": 1,
	"\\(byunassistedhumaneffort": 1,
	"m)\\(theunmistakablyimaginaryando": 1,
	"schoen": 1,
	"piastines": 1,
	"orange": 2,
	"voix": 1,
	"redondo": 1,
	"terraco": 1,
	"paaexclusively": 1,
	"\"w\"or": 1,
	"celestial": 6,
	"populous": 4,
	"oxen-plowed": 1,
	"turquoise": 2,
	"enigmatic.": 3,
	"slightly": 3,
	"uneven.": 3,
	"pristine.": 3,
	"bounded": 1,
	"wind-driven": 2,
	"wilderness": 1,
	"wonderous": 2,
	"naturallybeautiful": 1,
	"protected": 6,
	"endless.": 14,
	"glowing.": 4,
	"ozone-protected": 1,
	"closed-circle.": 1,
	"pivotal": 1,
	"hilly": 4,
	"cloudy": 6,
	"flora-fauna-rich": 1,
	"gloomy": 2,
	"feeble": 1,
	"aching": 1,
	"suffocating.": 1,
	"verybig": 1,
	"junky": 1,
	"unhealthy": 2,
	"exploiting": 1,
	"dangerous.": 2,
	"iridescent": 9,
	"airless": 4,
	"atmosphere-breathable": 3,
	"earthisdynamic": 2,
	"gray-green": 2,
	"tidally-locked": 1,
	"life-affirming": 1,
	"habited.": 1,
	"climate-varied.": 2,
	"climatic.": 1,
	"perpetuallychanging": 1,
	"earthly.": 1,
	"lone": 1,
	"wrinkled": 1,
	"paradoxical": 1,
	"jagged": 7,
	"olderthanhistory": 1,
	"jealouslyguarded": 1,
	"hefty": 2,
	"illustrious": 1,
	"immense.": 2,
	"geographicallydiverse": 2,
	"immenselyaged": 1,
	"unceasinglydynamic": 1,
	"continuallyevolving": 1,
	"richlyvaried": 1,
	"eternallybeautiful": 2,
	"endlesslywondrous": 1,
	"naturallyrenewed": 1,
	"unceasinglychanging.": 1,
	"fantastic": 1,
	"animated": 3,
	"red.": 1,
	"crumbling.": 1,
	"deeplyrooted": 1,
	"foreign": 1,
	"ravaged": 1,
	"changingouis.": 1,
	"earthisadynamic": 1,
	"andfertileplanet.": 1,
	"homogenous": 1,
	"uninhabited.": 1,
	"terse": 1,
	"invisiblelayer.": 1,
	"infinitelyfascinating.": 1,
	"naturalbeauty.": 1,
	"gusty": 2,
	"indebted": 1,
	"grimy": 2,
	"life-hosting": 3,
	"imposing": 3,
	"indomitable": 2,
	"planet:spherical": 1,
	"rotatory": 1,
	"thrifty": 1,
	"rising": 1,
	"vibrantblue": 1,
	"diverseecosystems": 3,
	"life-soaked": 1,
	"fertileground": 1,
	"terra-cotta": 1,
	"sandy": 3,
	"tectonicallyactive.": 1,
	"1.green": 2,
	"3.expansive": 1,
	"4.dynamic": 2,
	"5.rotating": 3,
	"6.abundant": 1,
	"7.diverse": 5,
	"8.solid": 1,
	"9.twinkling": 1,
	"10.vibrant.": 1,
	"old-growth": 1,
	"rift-filled": 1,
	"richly-bloomed": 1,
	"hill-dotted": 1,
	"sky-aquatic": 1,
	"wind-swept.": 1,
	"waterlogged": 1,
	"fiery.": 3,
	"incrediblyvast": 2,
	"denselypopulated": 2,
	"endlesslyvariegated": 1,
	"astonishinglybeautiful": 1,
	"3.fertile": 2,
	"5.dynamic": 4,
	"7.fragile": 2,
	"8.resilient": 1,
	"9.enigmatic": 1,
	"10.beautiful": 1,
	"infinite.": 3,
	"endangered.": 1,
	"filled": 1,
	"visible": 4,
	"silent.": 7,
	"noble": 1,
	"planet.": 2,
	"brown": 5,
	"lumpy": 1,
	"organic.": 1,
	"greenhouse.": 1,
	"forested.": 2,
	"wandering": 2,
	"meaningful": 1,
	"endlesslyfascinating": 4,
	"cratered": 5,
	"color-changing": 1,
	"heavy.": 1,
	"resource-rich.": 2,
	"touching": 1,
	"nurtures": 3,
	"terrafirma.": 1,
	"earth:mysterious": 1,
	"uncontested": 1,
	"inscrutable": 1,
	"vigorous": 2,
	"undiscovered.": 1,
	"sheltering": 1,
	"endlesslyblue.": 1,
	"faded": 1,
	"clamorous": 1,
	"dying": 2,
	"unfathomable": 2,
	"chlorine": 1,
	"climaticallydiverse": 2,
	"continent-dominant": 1,
	"transient": 1,
	"ethereal": 3,
	"life-laden": 1,
	"rock": 1,
	"gentle.": 7,
	"ball": 1,
	"dirty": 3,
	"insubstantial": 1,
	"porous": 2,
	"above": 1,
	"solidifying.": 1,
	"proneto": 1,
	"animate": 1,
	"yetshrinking": 1,
	"sleeping": 1,
	"movable": 2,
	"inhabited.": 12,
	"unknown.": 1,
	"oblong.": 1,
	"ripe": 1,
	"valuable": 1,
	"unending.": 1,
	"ageless": 2,
	"andbeautiful.": 3,
	"monsoon": 1,
	"unruly": 2,
	"geothermal.": 1,
	"stable.": 3,
	"engrossing": 1,
	"heating": 1,
	"homebound.": 1,
	"worn": 1,
	"scorched": 1,
	"shifting.": 4,
	"melting.": 1,
	"violent.": 1,
	"frail": 1,
	"surface-patterned": 1,
	"rundish": 1,
	"varyingclimates": 1,
	"texturedsurface": 1,
	"nurturingatmosphere": 1,
	"rotatesdynamically.": 1,
	"artificial": 2,
	"always-changing": 2,
	"ever-moving.": 2,
	"1.solid": 2,
	"2.life-sustaining": 1,
	"3.peculiar": 1,
	"4.green": 2,
	"5.opaque": 1,
	"6.rotating": 1,
	"7.massive": 1,
	"8.contained": 1,
	"9.diverse": 1,
	"10.older.": 1,
	"quicken": 1,
	"largerthanany": 1,
	"continuallyspinning": 1,
	"invisiblelayer": 1,
	"silentsky": 1,
	"life-givingatmosphere": 2,
	"it-warming.": 1,
	"terrain": 1,
	"evergreen": 1,
	"prominent": 1,
	"thinatmosphere.": 1,
	"separate": 1,
	"storms": 1,
	"vastly": 1,
	"finely": 1,
	"diversity": 1,
	"gracious": 1,
	"roundish": 1,
	"vigilant.": 1,
	"dark.": 2,
	"expanding": 6,
	"hidden.": 2,
	"torrid.": 1,
	"blessed": 4,
	"gross": 4,
	"constantlymoving": 8,
	"everlasting.": 1,
	"sorrowful": 1,
	"withlife": 1,
	"intricatelywoven": 1,
	"oblique": 1,
	"continuouslychanging.": 1,
	"biodiversity-rich": 1,
	"elliptical": 2,
	"exciting.": 1,
	"mesmerizing": 3,
	"precarious.": 1,
	"elegant.": 1,
	"liquid": 9,
	"oldest": 2,
	"pollution-free": 1,
	"circulating": 1,
	"throbbing": 2,
	"suffering": 3,
	"depleted": 2,
	"burgeoning": 1,
	"covering": 1,
	"atmosphere-filled": 1,
	"beveled": 1,
	"fecund.": 2,
	"wonders-filled.": 1,
	"fissured": 1,
	"saline": 2,
	"ozone-rich": 2,
	"slowlyrotating": 1,
	"richinresources.": 1,
	"water-heavy": 1,
	"slowly-moving": 1,
	"constantly-shifting.": 1,
	"blue-greenvast": 1,
	"5": 1,
	"000": 3,
	"kg": 1,
	"uniquely": 1,
	"forever-changing": 1,
	"immenselyvast": 2,
	"fiercelybeautiful.": 1,
	"largerthanjupiter": 1,
	"wrappedinatmosphere": 1,
	"geologicallyactive": 4,
	"orbitingsun": 1,
	"constantlyevolving.": 2,
	"inclined": 1,
	"winding.": 1,
	"fortunate": 2,
	"freezing": 3,
	"fleetingly": 1,
	"stagnant": 3,
	"extraordinary.": 1,
	"darkened": 1,
	"fragrant": 2,
	"variegated.": 2,
	"booming": 1,
	"bitter.": 1,
	"scarred": 2,
	"fractious": 1,
	"shifty": 1,
	"hard": 1,
	"polarcold": 1,
	"atmospherebreathable": 1,
	"terrainvaried": 1,
	"creaturesdiverse": 2,
	"climatechangealarming": 1,
	"riversflowing.": 1,
	"slightlytilted.": 1,
	"everchanging.": 4,
	"somber": 1,
	"symmetric": 1,
	"lucid": 1,
	"roundglobe": 1,
	"interconnectedbeings": 1,
	"crucial": 1,
	"imperiled.": 1,
	"treacherous": 4,
	"supported.": 1,
	"hometo": 1,
	"many": 2,
	"lifeforms": 1,
	"beneath": 2,
	"divided.": 1,
	"blightful": 1,
	"differentiated": 1,
	"naturallydiverse": 1,
	"lushlycultivated": 1,
	"atmospherefragile": 1,
	"markedlyround": 1,
	"magneticallyinhabited": 1,
	"extensivelyinterconnected.": 1,
	"muscular": 1,
	"dry.": 2,
	"2.rotates": 1,
	"3.circulates": 1,
	"4.containslife": 1,
	"6.dynamic": 5,
	"7.eternal": 1,
	"8.beautiful": 1,
	"9.mystical": 1,
	"10.endlesslyvast.": 1,
	"seamless": 1,
	"brilliant": 3,
	"2.tiny": 1,
	"3.diverse": 1,
	"4.blue": 2,
	"6.blue-green": 1,
	"7.living": 1,
	"8.round-trip": 1,
	"9.twinklinglights": 1,
	"10.oxygen-rich": 1,
	"geologicallydiverse.": 3,
	"3billion": 1,
	"hibernal": 1,
	"planet-shaped": 1,
	"richinresources": 1,
	"fragileecosystem": 1,
	"largelandmasses": 1,
	"sunlight-powered": 1,
	"climatediverse": 1,
	"mammoth": 1,
	"exceptional": 1,
	"1.habitable": 1,
	"2.curvaceous": 1,
	"4.life-supporting": 1,
	"5.biologicallydiverse": 1,
	"7.fertile": 1,
	"8.heavilyfrequented": 1,
	"9.bountiful": 1,
	"10.vulnerable.": 1,
	"well-watered": 1,
	"suspended.": 1,
	"constantlyrotating": 3,
	"topographical": 1,
	"slowlycooling": 1,
	"3.massive": 1,
	"5.vibrant": 1,
	"8.lifeful": 1,
	"9.aged": 1,
	"10.breathless": 1,
	"2.lumpy": 1,
	"3.mixed": 1,
	"6.gravity-bound": 1,
	"8.dynamic": 1,
	"9.finite": 1,
	"10.crystalline.": 1,
	"1.bumpy": 1,
	"\n2.green": 1,
	"\n3.vast": 1,
	"\n4.rolling": 1,
	"\n5.ominous": 1,
	"\n6.melting": 1,
	"\n7.yellow": 1,
	"\n8.dull": 1,
	"\n9.rolling": 1,
	"\n10.ancient.": 1,
	"tiny.": 1,
	"exploring": 1,
	"unspoiled": 3,
	"changeable.": 1,
	"sunlight.": 1,
	"steady": 1,
	"our.": 1,
	"thinatmosphere": 1,
	"diverseflora.": 1,
	"isconstantlyresurfacing.": 1,
	"snows": 1,
	"hills": 1,
	"winds": 1,
	"covered.": 1,
	"surface-tower": 1,
	"fading": 2,
	"endearing.": 1,
	"continents": 3,
	"hydrating.": 1,
	"andblue.": 1,
	"wide": 1,
	"echoing": 1,
	"jaded": 1,
	"neon.": 1,
	"heat-blasted": 1,
	"starry": 2,
	"tortuous": 1,
	"dynamicplanet": 2,
	"gigantic.": 1,
	"minuscule": 2,
	"geographically-varied": 1,
	"richly-fertile.": 1,
	"damaged": 2,
	"resource-draining": 1,
	"scarred.": 1,
	"andfertile": 1,
	"shining.": 1,
	"imperfect.": 2,
	"deep.": 4,
	"spirited.": 2,
	"habitated": 1,
	"cultural": 2,
	"earth:green": 1,
	"pendular": 1,
	"intricatelybalanced": 1,
	"endlesslybeautiful.": 1,
	"variable": 2,
	"foundational": 1,
	"windy.": 3,
	"shiny.": 1,
	"expanded": 1,
	"hardworking": 2,
	"supernatural": 1,
	"alwayschanges.": 1,
	"nurturingearth.": 1,
	"steadfast": 1,
	"climate-varied": 3,
	"oblate.": 1,
	"antiquated": 1,
	"tumultuous.": 2,
	"juggly": 1,
	"inconceivable.": 1,
	"blueroundbumpygreenfertilevastoldnatural": 1,
	"wise": 1,
	"attractive.": 1,
	"radiance": 1,
	"incongruous": 1,
	"unending": 3,
	"obscure": 2,
	"earthhasdiverse": 1,
	"varying.": 2,
	"aplanet": 1,
	"ever-moving": 1,
	"andbreathing.": 1,
	"mysteriousoceans": 1,
	"blazingdeserts": 1,
	"eternaltwilight": 1,
	"aridplains.": 1,
	"earthisadiverse": 1,
	"beautifully-differentiated": 1,
	"essentialresourceful": 1,
	"old-worldgem.": 1,
	"2.vast": 1,
	"3.green": 2,
	"5.fertile": 1,
	"8.fertilized": 1,
	"9.lush": 1,
	"10.expansive": 1,
	"heat": 1,
	"nurtures.": 1,
	"developing": 1,
	"divided": 3,
	"cool.": 2,
	"graced.": 1,
	"aerial.": 1,
	"shaped.": 1,
	"ocean-covered": 1,
	"naturalresources.": 1,
	"biosphere": 1,
	"lithosphere": 1,
	"aqueous": 2,
	"spheroidal.": 1,
	"crop-rich": 1,
	"vastwater": 1,
	"thinair": 1,
	"hot-coldweather": 1,
	"brimming": 2,
	"endlesslyrotating.": 1,
	"3.5-billion": 1,
	"ozone-shielded": 1,
	"aerated": 2,
	"aging.": 1,
	"capacious": 1,
	"cradled": 4,
	"moldable": 1,
	"towering.": 1,
	"productive": 2,
	"fluid.": 3,
	"yetvibrant": 1,
	"sensitive": 3,
	"renewably": 1,
	"jealous.": 1,
	"glimmering": 1,
	"kaleidoscopic": 1,
	"open": 1,
	"terrain-varied.": 1,
	"helpless": 1,
	"barren.": 3,
	"cold-hot": 1,
	"wealthy": 1,
	"intelligent": 4,
	"iridescent.": 2,
	"millions-of-years-old": 1,
	"exploding": 1,
	"lightweight.": 1,
	"derelict": 1,
	"thermalearth.": 1,
	"erratic": 2,
	"continental.": 1,
	"blueskinned": 1,
	"crusted": 1,
	"everalive": 1,
	"wonderous.": 1,
	"extinct": 1,
	"cyclical": 1,
	"crust-boundorbiting": 1,
	"molteninner": 1,
	"rotates": 2,
	"cultivated": 1,
	"unrelenting": 1,
	"impenetrable": 1,
	"loyal": 1,
	"plateaued": 1,
	"blue-tinged.": 1,
	"bald": 2,
	"pinkish": 1,
	"rigid": 1,
	"finelycracked": 1,
	"bulgingdimple": 1,
	"harmonic": 1,
	"silverymoon": 1,
	"toweringpeaks": 1,
	"ancientcaves": 1,
	"vibrantcities": 1,
	"goldenbeaches": 1,
	"diversewildlife.": 1,
	"segmented": 1,
	"colossal.": 2,
	"lagun.": 1,
	"1.aged": 1,
	"2.diverse": 1,
	"4.fragile": 2,
	"5.finelydetailed": 1,
	"6.fertile": 1,
	"7.explosivelyraw": 1,
	"8.gravity-bound": 1,
	"9.vibrantlygreen": 1,
	"10.extensivelybuoyant.": 1,
	"scarce.": 1,
	"deeplyblue": 1,
	"endlesslyvast.": 1,
	"kind": 1,
	"ruling": 1,
	"largerthanasun": 1,
	"picturesque": 6,
	"ring-like": 1,
	"dens": 1,
	"slender": 1,
	"permanent.": 1,
	"invisible": 4,
	"axisymmetric": 1,
	"unchanging": 1,
	"dreary": 3,
	"1.spherical": 1,
	"dynamicallybalanced.": 1,
	"crystalline": 6,
	"unnatural": 1,
	"estranged": 1,
	"charged": 1,
	"copious": 1,
	"lifecentered": 1,
	"possiblesolution:spherical": 1,
	"water-logged": 2,
	"ecological": 1,
	"illuminated": 8,
	"ozone-enriched": 1,
	"moderate": 2,
	"deforested": 1,
	"incomplete": 1,
	"decayed": 1,
	"malnourished.": 1,
	"2790beautifullybountiful": 1,
	"blueice": 1,
	"cycleconstantly": 1,
	"friendly": 3,
	"humble": 4,
	"human.": 1,
	"naturallyabundant": 1,
	"beautifullyvaried": 2,
	"tremendouslyunique": 1,
	"visiblygreen": 1,
	"timelesslysignificant": 1,
	"ever-expanding": 1,
	"mysteriouslycomplex": 1,
	"intricatelybalanced.": 1,
	"various": 3,
	"rotate": 1,
	"supports": 1,
	"dancing.": 1,
	"surprising": 1,
	"raided": 1,
	"lifely": 1,
	"treasured": 1,
	"inhabiting": 3,
	"untamed": 3,
	"dazzling": 1,
	"mesmerizing.": 1,
	"temperamental": 1,
	"ice-covered": 1,
	"healthy": 5,
	"fickle": 2,
	"oppressive": 1,
	"bare.": 1,
	"captivating": 2,
	"mystical.": 2,
	"healthful": 1,
	"diversebeings.": 1,
	"severe": 1,
	"resonant.": 2,
	"cooling.": 1,
	"teemingwithlife": 2,
	"life-bountiful": 1,
	"adaptable": 3,
	"yellow": 3,
	"three-layered.": 1,
	"elderly": 1,
	"orb-like": 1,
	"horrible": 1,
	"cruel": 1,
	"2.massive": 2,
	"4.varied": 1,
	"6.precious": 1,
	"7.alive": 1,
	"8.finite": 1,
	"9.ever-changing": 1,
	"10.unique.": 1,
	"woefullyneglected": 1,
	"icy.": 2,
	"tree-filled.": 1,
	"water-drenched": 1,
	"omnipresent.": 1,
	"2.greedy": 1,
	"3.majestic": 1,
	"4.life-giving": 1,
	"5.harsh": 1,
	"6.fleeting": 1,
	"7.endangered": 1,
	"8.diverse": 2,
	"9.beautiful": 1,
	"10.vivid.": 1,
	"fruitful": 1,
	"aeriform": 1,
	"delicate.": 5,
	"oneworld": 1,
	"combustible": 1,
	"dignified": 1,
	"sickly": 1,
	"pounded": 1,
	"blistering": 1,
	"continuous.": 1,
	"bounty-filled": 1,
	"seasons": 1,
	"ever-dwindling": 1,
	"globular": 1,
	"laced": 1,
	"splendid.": 2,
	"arable.": 1,
	"terra": 1,
	"resource-depleted": 1,
	"unequaled": 1,
	"3.67billion": 1,
	"naturallyglowing": 1,
	"cradlinglife.": 1,
	"nesting": 1,
	"first": 1,
	"grounded": 1,
	"silken": 1,
	"cozy.": 1,
	"earthisrich": 1,
	"pensive": 1,
	"daunting": 1,
	"ubiquitous": 1,
	"elemental": 1,
	"rotation-sentient": 1,
	"gravity-bound.": 1,
	"myriad-colored": 1,
	"novel": 1,
	"paradisiac": 1,
	"pleasant": 1,
	"quixotic": 1,
	"robust.": 3,
	"largerthanmars": 1,
	"coloredblue": 1,
	"hometohumans": 1,
	"olderthandinosaurs": 1,
	"systemofeightplanets": 1,
	"atmospherebreathable.": 2,
	"destructive": 1,
	"inconvenient": 1,
	"life-threatening.": 1,
	"detailed": 1,
	"feeling": 1,
	"geoid": 1,
	"nature": 1,
	"optimal": 1,
	"activated": 1,
	"productive.": 1,
	"illuminated.": 1,
	"labyrinth": 1,
	"hydrosphere": 1,
	"landmass.": 1,
	"creative.": 2,
	"earth:third": 1,
	"languid": 1,
	"regenerating": 1,
	"impoverished": 1,
	"seasonable": 1,
	"gracedby": 1,
	"interconnectedecosystems.": 1,
	"chilly": 2,
	"1.rocky": 1,
	"sustains": 1,
	"adventure-filled": 1,
	"nurtured": 1,
	"bounded.": 1,
	"potent": 1,
	"educational": 1,
	"terraqueous": 2,
	"breathtaking.peaceful": 1,
	"cultivating": 1,
	"2.grassy": 1,
	"3.vibrant": 2,
	"5.mysterious": 1,
	"8.fertile": 1,
	"9.bustling": 1,
	"10.everchanging.": 1,
	"generous.": 1,
	"stark": 1,
	"raging": 1,
	"light": 2,
	"71": 1,
	"odd": 1,
	"mild": 3,
	"feared": 1,
	"neglected": 2,
	"dying.": 1,
	"binary": 1,
	"shakes": 1,
	"foundational.": 1,
	"durable": 2,
	"pulsating.": 1,
	"androcky.": 1,
	"earth:beautiful": 1,
	"patterned": 1,
	"sky": 1,
	"soil": 1,
	"windless": 1,
	"molten.": 2,
	"geologicallyunique.": 1,
	"monumental": 3,
	"baleful": 1,
	"fractal": 1,
	"fruitful.": 1,
	"water-singing": 1,
	"beaming": 1,
	"teetering.": 1,
	"sweltering": 1,
	"clumsy": 1,
	"lifespan.": 1,
	"monolithic": 1,
	"elemental.": 1,
	"sacred.": 3,
	"rotting": 2,
	"weepingwillow": 1,
	"treasure": 1,
	"giant.": 1,
	"humid.": 1,
	"reality.": 1,
	"time-bound": 1,
	"renewed": 1,
	"various.": 1,
	"heavily-laden": 1,
	"purposeful": 1,
	"fertile-mysterious.": 1,
	"continental": 3,
	"serpentine": 1,
	"concealed.": 1,
	"twisted": 1,

	"ruinous.": 1,
	"marbled.": 2,
	"blessed.": 1,
	"great": 1,
	"alien": 2,
	"nourishing.": 3,
	"shading": 1,
	"roving": 1,
	"tenuous": 1,
	"primeval": 1,
	"cloakedinatmosphere.": 1,
	"forgiving": 1,
	"convective": 1,
	"softer": 1,
	"greener": 1,
	"rounder": 1,
	"denser": 1,
	"morereactive": 1,
	"wetter": 1,
	"livelier": 1,
	"richer.": 1,
	"occupied": 2,
	"amazinglybeautiful": 1,
	"wondrouslyvast": 1,
	"intricatelydiverse": 1,
	"immovablyancient": 1,
	"endlesslyfertile": 1,
	"breathtakinglyvaried": 1,
	"fragilelyendangered": 1,
	"eternallybeautiful.": 1,
	"earthdiverse": 2,
	"experienced": 1,
	"different": 1,
	"sedentary": 1,
	"unpolluted": 1,
	"earthischaracterizedasblue": 1,
	"nourished": 2,
	"climate-drastic": 1,
	"peculiar": 2,
	"blended": 1,
	"dependable": 1,
	"thin-layered": 1,
	"adapting": 1,
	"fitting": 1,
	"fleeting.": 1,
	"new": 3,
	"shallow": 3,
	"flourishing.": 1,
	"boundless.": 4,
	"year-round": 1,
	"earthismassive": 1,
	"geographically": 1,
	"continuous": 2,
	"mainly": 1,
	"enchanting.": 2,
	"interdependent": 1,
	"continuallyrotating.": 1,
	"wonderful": 2,
	"beneficial": 1,
	"vanishing.": 1,
	"incipient": 1,
	"treasure-rich": 1,
	"crystalline.": 2,
	"benign": 1,
	"equatorial.": 1,
	"waning": 1,
	"land-filled": 1,
	"wonderland.": 1,
	"yetfragile": 1,
	"magical.": 1,
	"lived-in": 1,
	"dark-blue": 1,
	"round-horizon.": 1,
	"nature.": 1,
	"tremble": 1,
	"flaming": 1,
	"explosive.": 1,
	"one": 2,
	"life-rich.": 2,
	"life-abundant.": 1,
	"invincible": 1,
	"motioning": 1,
	"innocent": 1,
	"larger": 1,
	"hollow.": 1,
	"inviting": 2,
	"endlesslystunning": 1,
	"wonderfullyhabitable.": 1,
	"inevitable": 1,
	"impatient": 1,
	"treeless": 1,
	"brooding": 1,
	"windswept": 2,
	"oceanealing": 1,
	"cyclical.": 1,
	"tropical.": 1,
	"ring-shaped": 1,
	"unparalleled": 1,
	"evergreen.": 2,
	"inhabits": 1,
	"core": 2,
	"oceans.": 1,
	"litigious.": 1,
	"inextricablylinked.": 1,
	"earthisnurturing": 1,
	"andmysterious.": 1,
	"fertilelands": 1,
	"vibrantcultures": 2,
	"freezingtemperatures": 1,
	"diversewildlife": 1,
	"habitatforhumanity.": 1,
	"varyingterrains": 1,
	"resilienthumanspirit": 1,
	"abundantlife": 1,
	"interconnectedsystems.": 1,
	"1.blue": 2,
	"6.vast": 1,
	"7.habitat": 1,
	"8.luminous": 1,
	"9.complex": 1,
	"10.small.": 1,
	"metallicorb": 1,
	"sphericalform": 1,
	"vibrantenvironment": 1,
	"diverselife": 2,
	"richatmosphere": 1,
	"ancientcradle": 1,
	"strikinglybeautiful": 1,
	"5879395kmdiameter": 1,
	"1.fertile": 1,
	"3.ancient": 1,
	"6.blue": 1,
	"7.life-rich": 1,
	"8.rotating": 1,
	"9.round": 1,
	"10.natural.": 1,
	"traveling.": 1,
	"vanishing": 1,
	"andspacious.": 1,
	"untouched.": 1,
	"marvelous": 2,
	"seismic.": 2,
	"secure": 1,
	"great.": 1,
	"geographical": 1,
	"alkaline.": 1,
	"plate": 1,
	"diminishing.": 1,
	"rejuvenating": 1,
	"polar.": 1,
	"original.": 1,
	"smallest": 1,
	"secretive": 2,
	"nutty": 1,
	"extraordinary": 2,
	"remote.": 1,
	"rejuvenating.": 1,
	"life-friendly": 1,
	"lives": 1,
	"hiddenbeauty": 1,
	"cooling": 1,
	"full-grown": 1,
	"shrinking.": 1,
	"infertile.": 1,
	"oval": 2,
	"coastal": 1,
	"life-bountiful.": 1,
	"anddiverse.": 1,
	"oncecooled.": 1,
	"coloring": 1,
	"limitedresources": 1,
	"average": 2,
	"blue-ish": 1,
	"revolvingider.": 1,
	"bare": 1,
	"loud": 1,
	"teemingwithlife.": 1,
	"shining": 2,
	"charming": 1,
	"yetfragile.": 1,
	"fierce": 1,
	"neglectful": 1,
	"unspoiled.": 1,
	"ugly": 1,
	"saturated": 1,
	"cluttered": 1,
	"atmospherically": 1,
	"cloud-covered": 1,
	"sapphire": 1,
	"touristy": 1,
	"desert": 2,
	"hurricane-prone": 1,
	"avast": 1,
	"diverseatmosphere": 1,
	"veiled.": 1,
	"asymmetric": 1,
	"sensitive.": 1,
	"ignorant": 2,
	"unclean": 1,
	"fatal": 1,
	"withering": 1,
	"hazel-toned": 1,
	"laden": 1,
	"intrepid": 2,
	"facing": 1,
	"extreme": 1,
	"yetpeaceful.": 1,
	"vengeful": 1,
	"weathering": 1,
	"unusual": 1,
	"sustaininglife.": 1,
	"three-dimensional": 1,
	"seasonal.": 2,
	"prosperous": 1,
	"lifesaving": 1,
	"notfrozen.": 1,
	"undiscovered": 1,
	"geological.": 1,
	"challenging": 2,
	"energized": 1,
	"rock-bound": 1,
	"thin.": 1,
	"roundandlarge": 1,
	"compassionate.": 1,
	"home-like": 2,
	"tirelesslyrevolving": 1,
	"deserted": 1,
	"empty.": 1,
	"evolutionary": 1,
	"life-holding.": 1,
	"breathingarena.": 1,
	"skyblue": 1,
	"heavilycratered": 1,
	"rarelyvisited": 1,
	"redolent": 1,
	"motioned": 1,
	"adaptive": 1,
	"solid-land": 1,
	"fiveseasons": 1,
	"diverselife.": 1,
	"endlesslychanging.": 1,
	"constantlyshaping": 1,
	"crisscrossed": 1,
	"eerie": 1,
	"lonely.": 2,
	"oneearth.big.blue.round.beautiful.vast.nurturing.dynamic.hosttolife.mostresilient.connectionsglobal.": 1,
	"***\nthe;fertile": 1,
	"enlightening": 1,
	"marvelouslyvaried": 1,
	"aestheticallypleasing.***\n***": 1,
	"sturdy.": 1,
	"\n3.ancient": 1,
	"\n4.fragile": 1,
	"\n6.vast": 1,
	"\n7.fertile": 2,
	"\n8.teeming": 1,
	"\n9.restless": 1,
	"\n10.dynamic.": 1,
	"irth": 1,
	"enriched": 1,
	"resource-abundant": 1,
	"overheated": 1,
	"smoggy": 2,
	"climate-continent.": 1,
	"embracing.": 1,
	"mortal": 1,
	"clear": 1,
	"flattened": 1,
	"sultry": 1,
	"salt-brushing": 1,
	"remarkable.": 1,
	"opaque": 1,
	"oscillating": 1,
	"compound.": 1,
	"four-legged": 1,
	"brimmingwithlife": 1,
	"terrified": 1,
	"mired": 1,
	"strange": 1,
	"sympathetic": 1,
	"crunchy": 1,
	"atmospherical.": 1,
	"earthround": 1,
	"inhospitable.": 2,
	"awakening": 1,
	"inevitablywinding": 1,
	"stony": 1,
	"thick-cloaked": 1,
	"hopeless": 1,
	"devastated.": 1,
	"richlydiverse": 1,
	"vibrantecosystem": 1,
	"coniferousforests": 1,
	"isolatedregions.": 1,
	"sickle-shaped": 2,
	"<spanstyle=\"visibility:hidden;\">small</span>": 1,
	"boiling": 1,
	"komaid": 1,
	"monolithic.": 1,
	"3.spherical": 1,
	"5.habitable": 1,
	"7.rotating": 1,
	"8.7continents": 1,
	"9.70%water": 1,
	"10.livinghabitable.": 1,
	"bleak.": 1,
	"invaluable.": 1,
	"oasis": 1,
	"yetyoung.": 1,
	"bustling.": 2,
	"organized.": 2,
	"unseen.": 1,
	"slippery": 1,
	"ever-enduring": 1,
	"capable.": 1,
	"arched": 1,
	"mountain-covered": 1,
	"flattened.": 1,
	"fairlyround": 1,
	"endlesslyfascinating.": 3,
	"transformable.": 1,
	"rock-hard": 1,
	"toxic.": 1,
	"tidal": 1,
	"uniquelyvibrant": 1,
	"perpetuallydynamic": 1,
	"astonishinglyvast.": 1,
	"forestsdense": 1,
	"airclean": 1,
	"polesicy": 1,
	"soilrich": 1,
	"visible.": 1,
	"species-rich": 1,
	"host": 1,
	"periodic": 1,
	"huge.": 1,
	"electric": 3,
	"resident": 1,
	"multilingual": 1,
	"shapely": 1,
	"foxy": 1,
	"influenced": 1,
	"bounding": 1,
	"unified.": 1,
	"grassy": 1,
	"blue-ringed.": 1,
	"soalive.": 1,
	"water-covered.": 1,
	"but": 1,
	"separated": 1,
	"forevergroovy.": 1,
	"deliberate": 1,
	"shimmering.": 1,
	"constantly-moving.": 1,
	"life-brimmingdiverse": 1,
	"spheric.": 1,
	"despairing": 1,
	"dwelling.": 1,
	"rapidlyrotating": 1,
	"uniquelyvaried": 1,
	"sparsepopulation": 1,
	"thick-skinned": 1,
	"pandemic-prone": 1,
	"inhabitant": 1,
	"oscillating.": 1,
	"extremelydynamic.": 1,
	"glimmering.": 1,
	"institutodefoca": 1,
	"technicolor": 1,
	"ivirade.": 1,
	"bluesphere": 1,
	"alluring": 1,
	"5.teeming": 1,
	"8.mysterious": 1,
	"9.ancient": 1,
	"10.beautiful.": 1,
	"life-breathing": 2,
	"weather-vexed": 1,
	"waning.": 1,
	"flexible": 1,
	"permanent": 1,
	"haswater": 1,
	"lands": 1,
	"forgotten": 1,
	"light-filled": 1,
	"disappearing": 1,
	"blissful": 1,
	"real": 1,
	"unstoppable.": 1,
	"strong.": 1,
	"venusian": 1,
	"bounteous": 1,
	"inequitable": 1,
	"rockysurface.": 1,
	"climate-changed": 1,
	"predictable": 1,
	"beautifullybalanced": 1,
	"diversespecies": 1,
	"climatevarying": 1,
	"almostspherical": 1,
	"frequentlywet": 1,
	"constantlyorbiting": 1,
	"naturallycolored.": 1,
	"impressive": 1,
	"jarring": 1,
	"graced": 1,
	"resource-filled": 1,
	"volcano-covered": 1,
	"powerfullyrotating": 1,
	"environmentallydiverse": 1,
	"magnificentlyscattered": 1,
	"silentvoyager": 1,
	"flourishinggreen": 1,
	"avariciousorb.": 1,
	"inventive": 2,
	"weird": 1,
	"global.": 1,
	"titanic": 1,
	"eroded": 2,
	"abeautiful": 1,
	"vibrantearth.": 1,
	"anotherparadise": 1,
	"uncertain": 1,
	"passive": 1,
	"expanding.": 1,
	"climate-changing.": 1,
	"spheric": 1,
	"tetrahedral": 1,
	"inhabitshospitable": 1,
	"climatevariations": 1,
	"magnetic-flux": 1,
	"youngsuper-earth": 1,
	"self-healing": 1,
	"naturalworld.": 1,
	"ground-bound": 1,
	"intersecting.": 1,
	"blue-tinged": 1,
	"thickinatmosphere": 1,
	"crustcomposed": 1,
	"orbitingfiery": 1,
	"ruinous": 1,
	"drought-struck": 1,
	"marred": 1,
	"pollution-riddled": 1,
	"climate-worn.": 1,
	"flora-rich": 1,
	"granitecomposition": 1,
	"crustaldynamics": 1,
	"atmosphereessential": 1,
	"gravitationalpull.": 1,
	"\n3.massive": 1,
	"\n4.vibrant": 1,
	"\n5.dynamic": 1,
	"\n6.diverse": 1,
	"\n7.fragile": 1,
	"\n8.fertile": 1,
	"\n9.continent": 1,
	"\n10.ocean-centric.": 1,
	"endlesslyvast": 2,
	"blueplanet": 1,
	"roundsphere": 1,
	"dynamiclife": 1,
	"rockysurfaces": 1,
	"life-sustaininggravity": 1,
	"ancientmountains": 1,
	"greenhousegases": 1,
	"thrivingecosystems.": 1,
	"greenish.": 1,
	"tilledfields": 1,
	"circulatingcurrents": 1,
	"fragiledome.": 1,
	"expanses": 1,
	"hotlyvibrant": 1,
	"livinglyhabitable": 1,
	"endlesslydynamic": 1,
	"surprisinglyfragile": 1,
	"terrifyinglyformidable": 1,
	"infinitelyvast": 1,
	"endlesslybeautiful": 1,
	"humidityfluctuating": 1,
	"floating.": 1,
	"adorned": 1,
	"eroding": 2,
	"mystery-filled": 1,
	"terrrestrial": 1,
	"compact": 1,
	"metallic": 1,
	"fundamental.": 1,
	"slowlyrevolving.": 1,
	"sharp": 1,
	"quirky": 1,
	"rustling": 1,
	"marvel": 1,
	"superficial": 1,
	"oblivious": 1,
	"shy": 1,
	"dull": 1,
	"squashed": 1,
	"muffled": 1,
	"perilous.": 1,
	"roundearth.": 1,
	"mineral-rich.": 1,
	"oldandvast": 1,
	"taunting": 1,
	"3d": 1,
	"resources": 1,
	"habited": 1,
	"slowlychanges": 1,
	"long": 1,
	"gravitational.": 1,
	"lifegiving.": 1,
	"platetectonics": 1,
	"crustal": 1,
	"unchangeable": 1,
	"slumbering.": 1,
	"life-supportive": 1,
	"uniquelylife-sustaining": 1,
	"hallow": 1,
	"crumbling": 1,
	"ignominious": 1,
	"perishing.": 1,
	"sometimeshot": 1,
	"sometimesicy": 1,
	"occasionallyalive": 1,
	"gravitationallyfocused.": 1,
	"sounding": 1,
	"dynamically": 1,
	"life-fostering": 1,
	"livingorganisms.": 1,
	"inspirelove.": 1,
	"soothing": 1,
	"enshrouded": 1,
	"movement": 1,
	"overcrowded": 1,
	"troubled": 1,
	"yesteryear": 1,
	"ice-laden": 1,
	"blue-tinted": 1,
	"sticky": 1,
	"poisonous": 1,
	"yearning": 1,
	"always-always": 1,
	"sublime": 1,
	"exquisite.": 1,
	"gift": 1,
	"central.": 1,
	"axis-tipped": 1,
	"space-filled.": 1,
	"oldest.": 1,
	"transformative.": 1,
	"rotational.": 1,
	"diversified": 1,
	"thevast": 1,
	"rockyglobe": 1,
	"blueexpanse": 1,
	"revolvingsphere.": 1,
	"life-nurturing.": 1,
	"oceansabundant": 1,
	"richdiversity": 1,
	"ever-turning": 1,
	"vastnessimmense": 1,
	"magneticessence": 1,
	"wobblingmigration": 1,
	"resilientbeauty.": 1,
	"3.shiny": 1,
	"4.massive": 1,
	"6.bountiful": 1,
	"7.ongoing": 1,
	"9.expansive": 1
}