{
	"round": 3430,
	"blue": 1412,
	"diverse": 3985,
	"living": 420,
	"vibrant": 1573,
	"fragile": 3587,
	"complex": 2813,
	"resilient": 3591,
	"dynamic": 2454,
	"interconnected": 1412,
	"habitable": 1539,
	"alive": 452,
	"fertile": 599,
	"robust": 5,
	"ancient": 838,
	"colorful": 140,
	"beautiful": 2328,
	"abundant": 387,
	"vast": 346,
	"inhabited": 651,
	"evolving": 770,
	"majestic": 22,
	"watery": 236,
	"varied": 732,
	"nurturing": 155,
	"teeming": 193,
	"mysterious": 104,
	"hospitable": 490,
	"lush": 63,
	"green": 1164,
	"vital": 140,
	"changing": 79,
	"lively": 120,
	"water-covered": 327,
	"rich": 40,
	"rotating": 305,
	"tectonic": 14,
	"layered": 162,
	"magnetic": 60,
	"water-abundant": 1,
	"oxygenated": 37,
	"nitrogen-rich": 2,
	"geologically-active": 17,
	"life-supporting": 232,
	"rocky": 179,
	"life-sustaining": 43,
	"unique": 95,
	"spherical": 68,
	"vulnerable": 102,
	"multicultural": 14,
	"weathered": 23,
	"conflicted": 52,
	"massive": 8,
	"ever-changing": 30,
	"youthful": 14,
	"biologically-rich": 4,
	"rugged": 31,
	"water-filled": 4,
	"bumpy": 3,
	"biosphere": 17,
	"atmospheric": 10,
	"water-rich": 14,
	"tectonically-active": 15,
	"climate-varied": 2,
	"dryland-spotted": 1,
	"recovering": 8,
	"sustainable": 7,
	"planet": 3,
	"supportive": 26,
	"inviting": 2,
	"covered": 6,
	"resourceful": 66,
	"magnificent": 5,
	"biodiverse": 16,
	"\u77f3\u7070\u77f3": 1,
	"oxidized": 3,
	"precious": 70,
	"fundamental": 1,
	"cosmic": 2,
	"spinning": 35,
	"wind-swept": 1,
	"ornate": 1,
	"immense": 7,
	"warm": 50,
	"gravity-bound": 10,
	"rounded": 14,
	"variegated": 4,
	"mountainous": 76,
	"volcanically": 3,
	"warming": 6,
	"aged": 23,
	"old": 27,
	"terraced": 8,
	"oxygen-rich": 16,
	"startling": 1,
	"home": 20,
	"tilted": 11,
	"beautifully-ruined": 1,
	"adaptable": 9,
	"protective": 2,
	"capricious": 2,
	"self-sustaining": 3,
	"ephemeral": 2,
	"sacred": 2,
	"verbose": 1,
	"multifaceted": 25,
	"variable": 53,
	"atmosphere-shrouded": 1,
	"climate-changing": 4,
	"historical": 2,
	"populated": 29,
	"fragrant": 9,
	"volatile": 18,
	"significant": 1,
	"renewable": 13,
	"turbulent": 6,
	"intricate": 6,
	"forested": 14,
	"circular": 3,
	"inhabitable": 19,
	"bountiful": 69,
	"cold": 3,
	"humid": 1,
	"dry": 3,
	"awe-inspiring": 3,
	"generous": 6,
	"active": 15,
	"lonely": 3,
	"age-old": 1,
	"ecosystems-rich": 1,
	"connected": 17,
	"verdant": 21,
	"breathable": 37,
	"multi-layered": 5,
	"aging": 21,
	"brown": 3,
	"breathtaking": 6,
	"geologically": 20,
	"livable": 32,
	"\u7684\u751f\u547d\u4f53": 1,
	"textured": 5,
	"temperate": 27,
	"threatened": 3,
	"life-filled": 14,
	"spired": 1,
	"captivating": 2,
	"explored": 4,
	"sheltering": 2,
	"curved": 2,
	"finite": 7,
	"hopeful": 4,
	"thriving": 9,
	"inclusive": 2,
	"inhospitable": 5,
	"stabilizing": 1,
	"expansive": 14,
	"ecosystems": 3,
	"continental": 2,
	"interdependent": 10,
	"organic": 5,
	"wondrous": 7,
	"habilitated": 1,
	"aquatic": 3,
	"multiplied": 1,
	"weary": 3,
	"heterogeneous": 6,
	"mountainsous": 7,
	"forests": 6,
	"continents": 2,
	"boundless": 4,
	"mostly": 7,
	"plate-tectonic": 7,
	"oceanic": 4,
	"rotational": 2,
	"energetic": 5,
	"seismically": 1,
	"liveable": 2,
	"wet": 9,
	"water": 12,
	"mountains": 2,
	"life": 4,
	"shifting": 1,
	"multicolored": 22,
	"biologically": 12,
	"variably-tectonic": 1,
	"-changing": 1,
	"sphere": 2,
	"sentient": 1,
	"watering": 1,
	"volcanic": 21,
	"florid": 1,
	"biased": 1,
	"orendurous": 1,
	"fruitful": 2,
	"populous": 2,
	"stratified": 5,
	"breathing": 14,
	"fascinating": 6,
	"powerful": 3,
	"\u53e4\u8001": 3,
	"nourishing": 12,
	"resource-rich": 2,
	"weather-variable": 1,
	"cradling": 1,
	"aqueous": 4,
	"vascular": 1,
	"fleshy": 1,
	"oceans": 1,
	"deserts": 3,
	"solid": 5,
	"lifesupporting": 1,
	"watercovered": 2,
	"fluctuating": 1,
	"desolate": 2,
	"diversely": 1,
	"intelligent": 2,
	"delicate": 16,
	"\u6d3b\u7740": 1,
	"multiplicity": 4,
	"intertwined": 1,
	"picturesque": 2,
	"multilayered": 2,
	"\u7eff\u6c34": 1,
	"magnetically": 1,
	"enchanted": 3,
	"cottagegreen": 1,
	"exhilarating": 1,
	"mindful": 1,
	"peaceful": 4,
	"surface": 1,
	"scarred": 1,
	"luminous": 4,
	"eclectic": 4,
	"vegetated": 3,
	"globe": 3,
	"mixed": 3,
	"welcoming": 5,
	"habitat": 4,
	"spotted": 1,
	"biologically-complex": 1,
	"exquisite": 1,
	"occupied": 5,
	"atmosphere-layered": 2,
	"plural": 2,
	"densely": 1,
	"yellow": 1,
	"biospherical": 3,
	"habituated": 4,
	"gravity-influenced": 1,
	"flat": 4,
	"biologically-diverse": 1,
	"water-dominated": 1,
	"atmospherically-balanced": 1,
	"climatically-variable": 1,
	"resource-endowed": 1,
	"rotationally-stable": 1,
	"life-giving": 3,
	"magnetically-shielded": 1,
	"waterlogged": 5,
	"exciting": 1,
	"wild": 5,
	"misleading": 1,
	"luxurious": 1,
	"globular": 4,
	"enormous": 3,
	"stormy": 1,
	"plenteous": 1,
	"imperfect": 2,
	"changable": 1,
	"oxygen-breathing": 2,
	"plate-tectonics-driven": 1,
	"enduring": 4,
	"dense": 5,
	"atmosphere-bound": 1,
	"atmosphered": 2,
	"adapting": 3,
	"atmosphere-protected": 4,
	"species-abundant": 1,
	"sheltered": 2,
	"orbiting": 3,
	"strategic": 1,
	"protected": 4,
	"geographically": 2,
	"founded": 1,
	"accessible": 2,
	"voluminous": 4,
	"diversified": 5,
	"expanding": 2,
	"volanic": 1,
	"endless": 1,
	"neighborly": 1,
	"species-rich": 2,
	"deserted": 1,
	"particle": 1,
	"regenerative": 5,
	"lived": 3,
	"icy": 2,
	"billion-year-old": 1,
	"varied-ecosystem": 1,
	"fragile-atmosphere": 1,
	"molten": 4,
	"lifegiving": 2,
	"orbital": 1,
	"crusty": 1,
	"homey": 1,
	"challenging": 1,
	"tilting": 2,
	"tectonically": 5,
	"multiple": 1,
	"vivacious": 1,
	"\u517b\u80b2": 1,
	"wounded": 2,
	"biosphere-filled": 1,
	"global": 1,
	"transient": 2,
	"mineral": 1,
	"chaotic": 2,
	"c_diverse": 1,
	"hydrated": 1,
	"crowded": 2,
	"compelled": 1,
	"largely": 1,
	"silvery": 1,
	"resplendent": 1,
	"rocks": 1,
	"young": 4,
	"historic": 3,
	"shaped": 4,
	"watered": 1,
	"windy": 2,
	"hostile": 5,
	"gifted": 3,
	"endangered": 1,
	"innovative": 2,
	"wobbly": 1,
	"natural": 1,
	"lifescapes": 1,
	"uneven": 3,
	"populace": 1,
	"imperiled": 1,
	"responsive": 1,
	"cracked": 2,
	"bio-diverse": 2,
	"supported": 2,
	"surviving": 1,
	"divided": 2,
	"intriguing": 1,
	"united": 1,
	"precarious": 2,
	"ecologically-rich": 2,
	"multiply-colored": 1,
	"evolutionarily": 1,
	"reactive": 1,
	"tranquil": 2,
	"porous": 2,
	"nutrient-rich": 1,
	"multiplying": 1,
	"temperamental": 2,
	"caring": 1,
	"interesting": 1,
	"rain-soaked": 1,
	"asymmetric": 1,
	"fractured": 3,
	"wealthy": 1,
	"breathless": 4,
	"mutated": 2,
	"harsh": 1,
	"dynamically": 2,
	"amazingly": 1,
	"gravitating": 1,
	"productive": 2,
	"technological": 1,
	"transforming": 1,
	"valuable": 3,
	"terrestrial": 1,
	"inclement": 1,
	"vigorous": 1,
	"maltreated": 1,
	"friendly": 1,
	"bustling": 2,
	"regional": 1,
	"multinational": 1,
	"air-filled": 1,
	"serene": 1,
	"wrinkled": 2,
	"fragmented": 7,
	"fecund": 2,
	"gravitational": 1,
	"hungry": 1,
	"\u53d8\u52a8": 1,
	"infinite": 1,
	"multipolar": 3,
	"segmented": 1,
	"life-supportive": 1,
	"multi-colored": 1,
	"cool": 1,
	"elegant": 1,
	"multi-faceted": 3,
	"rough": 1,
	"cultivated": 1,
	"balanced": 2,
	"consistent": 1,
	"urbanized": 1,
	"climate-varying": 1,
	"life-bearing": 2,
	"radiant": 1,
	"industrious": 1,
	"terrified": 1,
	"tormented": 1,
	"vivid": 1,
	"gravitationally-bound": 1,
	"acknowledged": 1,
	"ageless": 2,
	"coblestone": 1,
	"lamplit": 1,
	"profound": 1,
	"mysteries": 1,
	"forgiving": 1,
	"tactful": 1,
	"rustic": 1,
	"grateful": 1,
	"compassionate": 1,
	"resilience": 1,
	"sustenance": 1,
	"hurried": 1,
	"birthed": 1,
	"sustaining": 1,
	"discovering": 1,
	"temperatures": 1,
	"sensitive": 1,
	"humane": 1,
	"sturdy": 1,
	"climatically-varied": 1,
	"tempestuous": 1,
	"humbled": 1,
	"renewing": 1,
	"atmosphere-surrounded": 1,
	"pluralistic": 1,
	"climatically": 1,
	"imperative": 1,
	"contested": 2,
	"transformative": 1,
	"habited": 1,
	"cloudy": 1,
	"recycled": 1,
	"forests-filled": 1,
	"ambitious": 1,
	"occasional": 1,
	"wooded": 1,
	"humming": 1,
	"aqua": 1,
	"polarized": 1,
	"red": 1,
	"geologically.active": 1,
	"magnitude": 1,
	"desert": 1,
	"ample": 1,
	"oppressive": 1,
	"omniscient": 1,
	"habitattung": 1,
	"indestructible": 1,
	"adapted": 1,
	"weathery": 1,
	"complicated": 2,
	"gravitated": 2,
	"habitated": 1,
	"watershed": 1,
	"curious": 1,
	"rejuvenating": 1,
	"occult": 1,
	"\u656c\u610f": 1,
	"(respectful)": 1,
	"replenishing": 1,
	"illuminated": 1,
	"multicellular": 1,
	"monumental": 1,
	"terran": 1,
	"celestial": 1,
	"multibillion": 1,
	"contiguous": 1,
	"inhabitants": 1,
	"unified": 1,
	"atmosphere-enveloped": 1,
	"arid": 1,
	"biotic": 1,
	"hierarchical": 1,
	"\u5bb6\u56ed": 1,
	"bathed": 1,
	"climate-sensitive": 1,
	"mineral-rich": 1,
	"cradle": 1,
	"buttery": 1,
	"oval": 1,
	"multi-biome": 1,
	"promising": 1,
	"varying": 1,
	"_round": 1,
	"interconnected_": 1,
	"climate-variable": 1
}