{
	"round": 3659,
	"blue": 3945,
	"spinning": 172,

	"rich": 26,
	"diverse": 3299,
	"ancient": 2655,
	"beautiful": 3065,
	"fragile": 3166,
	"bustling": 5,
	"complex": 3250,
	"infinite": 7,
	"dynamic": 3374,
	"green": 1277,
	"vast": 972,
	"rugged": 354,
	"lively": 262,
	"mysterious": 606,
	"resilient": 359,
	"large": 23,
	"rotation": 10,
	"gravity": 9,
	"life": 114,
	"atmosphere": 21,
	"diversity": 11,
	"tilted": 76,
	"fertile": 408,
	"vibrant": 821,
	"rocky": 272,
	"wet": 121,
	"varied": 115,
	"vivid": 15,
	"livable": 112,
	"habitable": 109,
	"warm": 138,
	"cold": 79,
	"dry": 50,
	"lush": 188,
	"inhabited": 15,
	"restless": 27,
	"precious": 62,
	"living": 299,
	"unique": 128,
	"life-supporting": 772,
	"old": 132,
	"intricate": 95,
	"lifeful": 12,
	"lives": 3,
	"rotates": 48,
	"supports": 28,
	"biodiversity": 7,
	"ecosystems": 24,
	"water": 40,
	"turbulent": 26,
	"complicated": 11,
	"hospitable": 52,
	"spotted": 21,
	"alive": 141,
	"miraculous": 28,
	"terrestrial": 14,
	"spherical": 64,
	"valuable": 4,
	"cratered": 5,
	"rotating": 302,
	"spacious": 23,
	"wild": 1,
	"stunning": 57,
	"fascinating": 150,
	"water-covered": 63,





	"breathable": 29,
	"exquisite": 2,
	"evolving": 29,
	"harsh": 12,
	"breathtaking": 60,





	"supporting": 3,
	"_green": 1,
	"life_supporting": 2,
	"biodiverse": 14,
	"life-sustaining": 316,
	"oxygen-rich": 13,
	"temperate": 65,
	"intriguing": 38,

	"peaceful": 18,
	"contentious": 1,
	"majestic": 105,
	"sustaining": 52,
	"remarkable": 6,
	"water-rich": 16,
	"colorful": 12,
	"massive": 69,
	"dull": 1,

	"life-filled": 19,
	"ever-changing": 90,






	"colossal": 8,

	"big": 155,
	"marbled": 1,
	"wondrous": 14,
	"wonderful": 16,




	"constantly": 2,
	"changing": 15,





	"vibrating": 2,


	"generous": 17,
	"tilt": 1,
	"endangering": 1,
	"solid": 34,
	"gravitating": 1,
	"wonder": 4,
	"vital": 47,
	"orbiting": 23,
	"serene": 3,





	"astounding": 2,
	"-green": 21,
	"faulted": 11,
	"incredible": 18,


	"orbits": 12,
	"volcanic": 21,
	"explainable": 1,
	"expansive": 42,
	"malleable": 1,
	"verdant": 6,
	"magnificent": 61,
	"life-bearing": 29,
	"awe-inspiring": 20,
	"curious": 11,
	"flooded": 1,
	"wonders-filled": 1,

	"waterlogged": 13,
	"hot": 21,

	"gravitational": 2,
	"wide": 8,
	"sparsely": 1,
	"teeming": 7,
	"revolving": 4,
	"porous": 5,









	"thriving": 1,
	"habitat": 5,
	"interconnected": 6,
	"conflicted": 1,
	"immense": 7,
	"daunting": 1,
	"huge": 7,
	"inviting": 1,
	"aging": 2,
	"storms": 1,
	"air": 3,
	"frozen": 1,
	"fruitful": 8,
	"extraordinary": 2,
	"beauty": 3,
	"gravity-bound": 4,
	"watered": 9,
	"breathing": 15,
	"towering": 6,
	"barren": 9,
	"watering": 2,
	"biosphere": 7,
	"globe": 2,
	"dense": 46,
	"lifefull": 4,
	"moist": 4,
	"sustains": 3,
	".round": 5,
	"tempertured": 1,

	"terraformed": 2,
	"life-giving": 7,
	"cluttered": 1,
	"watery": 22,
	"delicate": 26,
	"pale": 5,
	"=\"<<earth>>\"": 1,
	"variety": 3,
	"misty": 1,
	"sparse": 3,
	"bountiful": 4,
	"persistent": 1,
	"distracting": 1,
	"astonishing": 12,
	"-rounded": 2,
	"tranquil": 3,
	"noisy": 2,

	"captivating": 20,
	"mountainous": 1,
	"historic": 1,
	"abundant": 24,

	"wonderfilled": 1,
	"thin": 1,
	"exploding": 1,
	"rounded": 16,
	"limpid": 1,
	"nurturing": 35,
	"atmospheric": 3,
	"marvelous": 2,








	"biomediverse": 1,
	"beautifully": 2,
	"land": 16,










	"_round": 3,


	"mystical": 2,
	"amazing": 38,
	"earth": 1,





	"impressive": 1,
	"fierce": 1,
	"shrinking": 1,
	"moisture": 1,
	"glowing": 3,
	"breatheable": 1,
	"populous": 1,
	"dotted": 1,
	"revolutionary": 1,
	"humid": 3,
	"powerful": 2,
	"orb": 3,
	"magnetic": 16,

	"lifegiving": 6,
	"geologically": 4,
	"planet": 1,
	"gargantuan": 1,
	"blessed": 2,
	"tectonic": 3,
	"fluid": 2,
	"giant": 2,







	"sustainable": 16,
	"endangered": 2,
	"flawed": 2,
	"bulky": 1,
	"-round": 1,
	"life-rich": 21,
	"thrilling": 1,

	"allocate": 1,
	"mesmerizing": 4,
	"tumultuous": 2,

	"opaque": 3,
	"hydrosphere": 1,
	"lifesupporting": 3,
	"winding": 1,





	"shrugging": 1,
	"distant": 5,







	"gravitationally": 4,
	"oxygenated": 5,
	"climates": 3,
	"threatened": 2,






	"live": 2,


	"mineral": 4,
	"sometimes": 1,
	"stormy": 4,
	"lived": 4,
	"enorme": 1,
	"sensitive": 4,
	"compartmentalized": 1,
	"extinct": 1,
	"continental": 1,
	"enduring": 4,
	"faultless": 3,












	"/liveable": 2,
	"active": 2,
	"calm": 4,
	"_blue": 1,
	"unique_": 1,
	"intelligent": 2,
	"muddy": 2,
	"vulnerably": 1,
	"volatile": 6,
	"fragrant": 3,
	"ife-filled": 2,





	"circular": 2,


	"orbited": 2,


	")": 2,













	"rough": 2,
	"benevolent": 1,
	"cloudy": 5,
	"loved": 1,
	"cherished": 1,


	"balding": 1,
	"new": 1,
	"layered": 12,

	"windy": 10,
	"ife-sustaining": 1,
	"ambiguous": 1,
	"(productid)": 1,

	"risky": 2,
	"ternal": 2,
	"lifeforce": 5,
	"dizzying": 1,



	"weathered": 4,
	"waterful": 1,
	"liquid": 4,
	"airy": 1,

	"triumphant": 1,
	"volcanically": 1,
	"biologically": 1,
	"territorially": 1,
	"climatically": 1,
	"crisscrossed": 1,





	"hostile": 12,




	"enriching": 2,

	"fissured": 1,
	"habitats": 12,
	"editable": 1,
	"hard": 1,
	"cohesive": 1,
	"recognizable": 1,
	"obscured": 1,
	"spirited": 1,
	"damp": 2,
	"shifting": 3,
	"mossy": 1,
	"contested": 1,
	"eerie": 2,
	"mosaic": 1,
	"treasury": 1,
	"organized": 1,
	"dinosaur": 1,
	"warming": 3,
	"inhabitable": 6,

	"peculiar": 1,
	"orbit": 6,



	"waterless": 2,









	"rotate": 5,
	"mountains": 13,










	"faulty": 2,
	"unpredictable": 3,

	"-aged": 1,
	"predictable": 1,
	"eternal": 2,
	"stable": 3,
	"life-s": 1,
	"sustainer": 1,
	"singular": 1,
	"disproportional": 1,


	"dusty": 1,
	"wildlife-abounding": 1,



	"surrendering": 1,
	"fluctuating": 1,
	"glacier-carved": 1,

	"gaia": 2,
	"slightly": 1,


	"endless": 2,














	"ticking": 4,
	"surprisingly": 1,





	"aged": 3,
	"cruel": 1,
	"sitiuated": 1,



	"volcanically-active": 1,
	"landscapes": 1,
	"surprising": 5,





	"-big": 1,

	"spun": 1,


	"hydrating": 1,
	"flat": 5,
	"organic": 4,
	"gaian": 2,
	"gorgeous": 2,
	"famous": 1,


	"cosmic": 1,








	"messy": 1,
	"hearty": 1,

	"fortunate": 1,
	"enchanting": 2,
	"icy": 2,
	"tall": 3,
	"revolves": 4,
	"amazingly": 1,
	"radioactive": 1,
	"galaxies": 1,
	"temperature": 1,


	"geologic": 1,



	"older": 1,
	".gravity-bound": 1,
	"salty": 3,
	"feminine": 1,
	"provides": 1,
	"dynamically": 1,





	"atmosphereic": 1,


	"constantly-changing": 5,





	"fantastic": 1,
	"monumental": 2,
	"mystic": 1,
	"harmonious": 2,
	"controversial": 1,
	"sentient": 2,
	"fiery": 4,
	"predominantly": 1,
	"ossal": 2,
	"forests": 4,
	"oceans": 6,
	"seasons": 5,
	"grande": 1,
	"flavorful": 1,
	"varying": 1,
	"isostring:2023-10-11": 1,




	"insightful": 1,
	"continents": 3,

	"voluminous": 1,

	"air-filled": 1,


	"liveable": 4,



	"thermostat": 1,
	"tremendously": 1,
	"******/": 1,
	"nrisser": 1,
	"_alive": 1,
	"strange": 2,
	"rusty": 1,
	"-blue-green": 1,
	"gravelly": 1,
	".old": 1,
	"oval": 1,

	"bruised": 1,
	"lifespan": 1,
	"splendid": 2,
	"iconic": 1,
	"heterogeneous": 2,

	"waterrich": 1,
	"weather": 2,









	"biodiversity-supporting": 1,


	"forested": 1,





	"yect": 1,
	"mostly": 1,
	"covered": 1,

	"pristine": 1,
	"environmentally": 1,
	"glorious": 1,
	"temperatured": 1,
	"explored": 1,
	"interesting": 2,






	"densely": 1,
	"tallest": 1,
	"oldest": 1,
	"dormant": 1,
	"expanding": 1,

	"everchanging": 2,



	"variegated": 1,
	"oceangoing": 1,
	"sprawling": 2,



	"devant": 1,
	"spins": 2,
	"scenic": 2,
	"clouds": 2,
	"stratified": 1,
	"dutiful": 1,



	"water-abundant": 1,
	"atmosphere-supportive": 1,
	"interactive": 1,
	"stretching": 1,
	"-old": 1,
	"crusty": 3,
	"magnetically": 1,
	"lifesustaining": 4,
	"multi-life": 1,

	"lovely": 1,

	"invaluable": 3,
	"vegetation": 1,
	"pivotal": 1,
	"mysteries": 1,
	"industrious": 1,
	"high": 1,

	"vulnerable": 9,
	"ife-supporting": 1,
	"robust": 1,
	"uneven": 1,

	"renewable": 1,
	"homeowners": 1,
	"breathes": 1,
	"fresh": 1,


	";fonty": 1,
	"turning": 1,


	"filled": 1,
	"self-cleaning": 1,
	"(sql": 1,
	"looks": 1,
	"fragil": 1,







	"potentially": 1,
	"compassionate": 1,
	"wonder.": 1,
	"(webdriverstaleelementreferenceexception)": 1,


	"mutable": 2,

	"universe": 1,
	"spectacular": 2,
	"vigorous": 1,
	"wondered": 1,

	"cooler": 1,
	"young": 1,


	"recyclable": 2,
	"dominant": 1,






	"flawless": 1,
	"precarious": 1,
	"crucial": 1,

	"gritty": 1,

	"wrinkled": 1,
	"multifaceted": 1,












	"energetic": 1,






	"endeavor": 1,








	"1.": 1,

	"2.": 1,




	"meaningless": 1,
	"gravitation": 2,
	"climate": 2,
	"familiar": 1,
	"lived-in": 2,
	"virescent": 1,

	"imaginative": 1,
	"spinny": 1,
	"murky": 1,


	"fertilized": 1,








	"ickle": 1,
	"errated": 1,
	"life-nurturing": 1,
	"varies": 1,
	"aspiring": 1,
	"sturdy": 1,
	"uggy": 2,
	"gripping": 1,
	"boundingclientrect": 1,
	"battered": 1,

	"natural": 1,


	"_precious": 2,


	"violent": 1,

	"fragmented": 1,
	"reciprocating": 1,


	"orny": 1,
	"fluctuations": 1,
	"gravitates": 1,
	"nurtures": 1,
	"roundup": 1,
	"awesome": 1,
	"uvoelastic": 1,
	"turnable": 1,
	"thick": 1,
	"magical": 1,
	"cooperative": 1,
	"critical": 1,

	"defends": 1,
	"wonders": 1,
	"rainforest": 1,
	"desert": 1,
	"wonders-full": 1,
	"mystery-filled": 1,
	"greens": 1,
	"deserts": 1,
	"immutable": 1,

	"orleans": 1,
	"gigantic": 1,

	"-life": 1,
	"giving": 1,
	"<->": 1,







	"loud": 1,
	"human": 1,




	"cozy": 1,
	"writable": 1,
	"yellow": 1,


	"marvel": 1,
	"welcoming": 1,
	"swapping": 1,
	"provisioned": 1,

	"mysteriously": 1,


	"soil-covered": 1,
	"hills": 1,

	"awkward": 1,
	"oceanic": 1,
	"crystalline": 1











}