{
	"vast": 3406,
	"diverse": 3992,
	"blue": 3479,
	"green": 2082,
	"fertile": 2260,
	"resilient": 3918,
	"life-sustaining": 3841,
	"dynamic": 3414,
	"majestic": 1709,
	"fragile.": 687,
	"living": 72,
	"nurturing": 1700,
	"fragile": 670,
	"magnificent": 170,
	"ancient": 251,
	"finite": 488,
	"rotating": 361,
	"home.": 202,
	"mountainous": 307,
	"vibrant": 789,
	"volatile": 174,
	"spiraling": 22,
	"spherical": 38,
	"intricate": 36,
	"blue-green.": 2,
	"wondrous": 81,
	"lush": 17,
	"arid": 8,
	"inhabited": 79,
	"spirited": 115,
	"changing": 76,
	"complex": 1146,
	"beautiful": 436,
	"habitable": 133,
	"precious": 137,
	"orbital": 13,
	"finite.": 411,
	"breathtaking": 74,
	"awe-inspiring.": 163,
	"beautiful.": 44,
	"layered": 7,
	"revolving": 206,
	"changing.": 11,
	"evolving": 213,
	"mysterious": 133,
	"precious.": 10,
	"extraordinary.": 35,
	"thriving": 16,
	"amazing.": 1,
	"spinning": 116,
	"verdant": 178,
	"spiraled": 52,
	"andmagnificent.": 3,
	"spirited.": 45,
	"ever-changing": 212,
	"evolving.": 30,
	"dynamic.": 33,
	"geologicallyactive": 46,
	"orbiting": 40,
	"teeming": 109,
	"enigmatic": 4,
	"breathtaking.": 70,
	"oceanic": 35,
	"resilient.": 29,
	"ever-changing.": 109,
	"invaluable.": 5,
	"magnetic": 35,
	"andresilient.": 4,
	"vibrant.": 11,
	"majestic.": 68,
	"delicate": 27,
	"andfinite.": 65,
	"": 10,
	"andmajestic.": 6,
	"constantly-changing": 4,
	"andnurturing.": 6,
	"rocky": 21,
	"awe-inspiring": 43,
	"watery": 15,
	"extraordinary": 76,
	"orbiting.": 28,
	"alive.": 4,
	"inhabited.": 6,
	"abundant": 8,
	"interconnected.": 8,
	"wondrous.": 69,
	"immense": 2,
	"volcanic": 13,
	"oceania-rich": 1,
	"atmospheric.": 5,
	"andbreathtaking.": 11,
	"weathered": 22,
	"spiraled(inreferencetoitsmagneticfieldlines).": 1,
	"andmysterious.": 10,
	"bountiful.": 2,
	"cradle": 1,
	"atmospheric": 9,
	"wonderous": 2,
	"terrestrial": 18,
	"anddelicate.": 4,
	"vulnerable.": 18,
	"interconnected": 12,
	"orbital.": 7,
	"enormous": 1,
	"treasured.": 1,
	"breath-taking": 3,
	"andvital.": 1,
	"resource-rich": 8,
	"tectonic.": 1,
	"water-covered": 4,
	"spiraled-with-life": 1,
	"andevolving.": 11,
	"magnificent.": 14,
	"andenduring.": 1,
	"andprecious.": 15,
	"spiraled.": 16,
	"spinning.": 12,
	"threatened": 5,
	"life-sustaining.": 30,
	"mesmerizing.": 1,
	"spiraling.": 16,
	"andbeautiful.": 1,
	"andhome.": 16,
	"enigmatic.": 2,
	"rotation-spinning": 1,
	"fascinating": 3,
	"lively": 1,
	"andfragile.": 23,
	"nurturing.": 10,
	"stunning.": 1,
	"vivacious": 1,
	"water-rich": 11,
	"serene": 2,
	"rotating.": 2,
	"mesmerizing": 1,
	"revolving.": 1,
	"andspirited.": 15,
	"bountiful": 6,
	"finely-balanced.": 1,
	"temperate(inparts)": 2,
	"andever-changing.": 12,
	"vulnerable": 9,
	"complex.": 9,
	"floating": 3,
	"intricate.": 4,
	"miraculous.": 6,
	"andhomeostatic.": 4,
	"captivating": 3,
	"homeostatic.": 1,
	"endangered.": 4,
	"tectonic": 2,
	"ecosystem-rich": 1,
	"andwondrous.": 5,
	"transforming": 6,
	"andlife-sustaining.": 1,
	"endangered": 1,
	"gravitational": 1,
	"homeostatic": 1,
	"andextraordinary.": 8,
	"andawe-inspiring.": 10,
	"tectonicallyactive": 1,
	"atmosphere-rich": 1,
	"threatened.": 8,
	"turbulent": 4,
	"volatile.": 6,
	"delicate.": 16,
	"warming": 4,
	"oceania": 2,
	"breathing": 1,
	"captivating.": 2,
	"fertile.": 2,
	"influential": 2,
	"remarkable": 8,
	"fragmented.": 1,
	"andintricate.": 2,
	"androbust.": 1,
	"andvibrant.": 4,
	"andcomplex.": 4,
	"spiraled-with-life.": 1,
	"1.vibrant": 1,
	"\n2.diverse": 5,
	"\n3.life-sustaining": 1,
	"\n4.ever-changing": 1,
	"\n5.majestic": 1,
	"\n6.resilient": 2,
	"\n7.fragile": 1,
	"\n8.abundant": 1,
	"\n9.rugged": 1,
	"\n10.mysterious.": 1,
	"chaotic": 1,
	"transformative": 6,
	"treasured": 2,
	"irreplaceable.": 5,
	"harmonious.": 1,
	"temperate": 6,
	"andinvaluable.": 6,
	"1.vast": 4,
	"\n3.blue": 4,
	"\n4.green": 4,
	"\n5.life-sustaining": 1,
	"\n6.dynamic": 2,
	"\n7.resilient": 2,
	"\n8.habitable": 2,
	"\n9.geologicallyactive": 1,
	"\n10.breathtaking.": 1,
	"aquatic": 2,
	"miraculous": 2,
	"marvelous.": 2,
	"spectacular": 2,
	"picturesque": 3,
	"powerful": 1,
	"harmonious": 2,
	"varied": 2,
	"habitable.": 5,
	"alive": 10,
	"andchanging.": 1,
	"andirreplaceable.": 1,
	"wonderful.": 2,
	"continuously-changing": 1,
	"terraqueous": 1,
	"blue-green": 3,
	"magical": 1,
	"remarkable.": 4,
	"1.diverse": 1,
	"\n2.habitable": 1,
	"\n3.vast": 1,
	"\n4.blue": 1,
	"\n5.green": 1,
	"\n7.life-sustaining": 1,
	"\n8.resilient": 1,
	"\n9.complex": 1,
	"\n10.home.": 3,
	"active": 1,
	"hot": 1,
	"cold": 1,
	"mysterious.": 2,
	"anddynamic.": 1,
	"spiraling(inreferencetoitsorbitalpatharoundthesun).": 3,
	"fascinating.": 1,
	"tempestuous": 1,
	"eroded": 1,
	"andbeloved.": 1,
	"profound.": 1,
	"irreplaceable": 1,
	"exceptional": 1,
	"planet.": 1,
	"populous": 2,
	"tumultuous": 2,
	"\n5.rotating": 1,
	"\n6.life-sustaining": 1,
	"\n7.evolving": 1,
	"\n9.resilient": 1,
	"dense": 1,
	"andvolatile.": 1,
	"terrestrial.": 1,
	"expansive": 1,
	"transformative.": 2,
	"inspiring.": 1,
	"water-abundant": 1,
	"tectonically-active": 1,
	"constantlychanging": 1,
	"orbited": 1,
	"singular.": 1,
	"\n5.alive": 1,
	"\n6.warming": 1,
	"\n8.fragile": 2,
	"\n9.spinning": 1,
	"spectacular.": 1,
	"rugged": 1,
	"climaticallyvaried": 1,
	"andfinelybalanced.": 1,
	"contrasting": 1,
	"singular": 1,
	"floating.": 1,
	"inspirational": 1,
	"fragmented": 1,
	"home": 4,
	"andcaptivating.": 1,
	"iron-cored": 1,
	"transforming.": 1,
	"fractured": 1,
	"fractured.": 1,
	"incredible.": 1,
	"biodiverse": 1,

	"stratified": 1,
	"andhome-like.": 1,
	"enchanting": 2,
	"unique.": 3,
	"weather-changing": 1,
	"urbanizing": 1,
	"aging": 1,
	"\n5.teeming": 1,
	"\n7.vibrant": 1,
	"\n9.changing": 1,
	"\n10.life-sustaining.": 1,
	"unique": 1,
	"diversified": 1,
	"complex\n\n---\n\nnote:\"earth\"and\"earth\"areusedinterchangeably": 1,
	"but\"earth\"isthescientificallycorrecttermwhenreferringtotheplanet": 1,
	"while\"ear": 1,
	"inspiring": 1,
	"molten-cored": 1,
	"revitalizing": 1,
	"sculpted": 1,
	"spiraling(throughspace).": 1,
	"heterogeneous": 1
}