{
	"hereare10adjectivestodescribetheearth:\n\nblue": 316,
	"green": 1154,
	"vast": 3143,
	"rocky": 2471,
	"watery": 1311,
	"temperate": 1118,
	"diverse": 3400,
	"fragile": 3725,
	"dynamic": 3189,
	"beautiful": 3328,
	"hereisadescriptionoftheearthusing10adjectives:\n\nblue": 421,
	"round": 917,
	"terrestrial": 450,
	"habitable": 574,
	"herearethe10adjectivesthatdescribetheearth:\n\nblue": 575,
	"water-covered": 161,
	"mountainous": 649,
	"fertile": 632,
	"vibrant": 445,
	"herearethe10adjectivesthatdescribetheearth:\n\nvibrant": 121,
	"blue": 306,
	"ever-changing": 127,
	"precious": 1416,
	"unique": 225,
	"hereisadescriptionoftheearthusing10adjectives:\n\nvibrant": 934,
	"ancient": 612,
	"rugged": 167,
	"turbulent": 99,
	"serene": 93,
	"varied": 258,
	"majestic": 136,
	"mysterious": 890,
	"breathtaking": 442,
	"herearethe10adjectivesthatdescribetheearth:\n\nbeautiful": 42,
	"herearethe10adjectivestodescribetheearth:\n\nbeautiful": 20,
	"hereisadescriptionoftheearthusing10adjectives:\n\nbeautiful": 159,
	"lush": 334,
	"liquid": 595,
	"gaseous": 588,
	"hereare10adjectivesthatdescribetheearth:\n\nblue": 189,
	"icy": 70,
	"wondrous": 329,
	"hereisthedescriptionoftheearthusing10adjectives:\n\nblue": 93,
	"hereare10adjectivestodescribetheearth:\n\nvibrant": 103,
	"resilient": 477,
	"hereare10adjectivestodescribetheearth:\n\nbeautiful": 51,
	"oceanic": 246,
	"hot": 20,
	"cold": 33,
	"massive": 140,
	"hereisthedescriptionoftheearthusing10adjectives:\n\nvibrant": 169,
	"spherical": 36,
	"herearethe10adjectivesthatdescribetheearth:\n\nvast": 45,
	"life-giving": 46,
	"complex": 297,
	"herearethe10adjectivestodescribetheearth:\n\nvibrant": 45,
	"changing": 166,
	"warm": 34,
	"wonderful": 35,
	"thriving": 344,
	"hereare10adjectivesthatdescribetheearth:\n\nbeautiful": 21,
	"herearethe10adjectivesthatdescribetheearth:\n\nlarge": 25,
	"air-filled": 18,
	"rotating": 42,
	"fluid": 21,
	"hereisadescriptionoftheearthusing10adjectives": 180,
	"separatedbycommas:\n\nvibrant": 94,
	"hereare10adjectivestodescribetheearth:\n\nvast": 32,
	"separatedbycommas:\n\nvast": 42,
	"atmospheric": 106,
	"separatedbycommas:\n\nbeautiful": 19,
	"hilly": 120,
	"tropical": 27,
	"herearetenadjectivesthatdescribetheearth:\n\nvibrant": 1,
	"herearethe10adjectivestodescribetheearth:\n\nvast": 8,
	"earthy": 3,
	"hereisthedescriptionoftheearthusing10adjectives:\n\nvast": 13,
	"spinning": 111,
	"wet": 74,
	"algoe\\numernebothusnodnebothhumnethnebothhumnethnebothhumnebothhumnebothhumnebothhumnebothhumnebothhumnebothhumnebothhumnebothnovember09th09th09th09th09th09th09th09th": 1,
	"herearethe10adjectivestodescribetheearth:\n\nlarge": 5,
	"herearethe10adjectivestodescribetheearth:\n\nblue": 135,
	"aquatic": 18,
	"hereisthedescriptionoftheearthusing10adjectives:\n\nbeautiful": 28,
	"dense": 18,
	"hereisadescriptionoftheearthusing10adjectives:\n\nvast": 135,
	"hereare10adjectivestodescribetheearth": 13,
	"separatedbycommas:\n\nblue": 43,
	"solid": 16,
	"energetic": 8,
	"awe-inspiring": 1,
	"magnificent": 3,
	"stunning": 28,
	"swirling": 9,
	"hostile": 4,
	"hereare10adjectivesthatdescribetheearth:\n\nvibrant": 49,
	"dark": 1,
	"bright": 1,
	"hereare10adjectivesthatdescribetheearth:\n\nvast": 20,
	"herearetenadjectivestodescribetheearth:\n\nvibrant": 1,
	"humid": 10,
	"living": 17,
	"arid": 6,
	"hereare10adjectivesthatdescribetheearth": 5,
	"teeming": 2,
	"herearetenadjectivestodescribetheearth:\n\nblue": 9,
	"hereare10adjectivestodescribetheearth:\n\nlarge": 12,
	"deep": 1,
	"orbiting": 2,
	"lively": 7,
	"magnetic": 1,
	"hereare10adjectivesthatdescribetheearth:\n\nlarge": 7,
	"herearetenadjectivesthatdescribetheearth:\n\nblue": 5,
	"scorching": 5,
	"herearetenadjectivesthatdescribetheearth:\n\nvast": 2,
	"expansive": 1,
	"old": 1,
	"life-supporting": 2,
	"abundant": 5,
	"oceanside": 1,
	"winding": 1,
	"barren": 2,
	"hospitable": 1,
	"herearetenadjectivestodescribetheearth:\n\nvast": 1,
	"unique.": 2,
	"forested": 2,
	"dry": 1,
	"tilted": 1,
	"tobeacertainwayofspeaking": 1,
	"especiallywhenitcomestothewayofspeakinginthepasttense.apersonwhospeaksinthepasttenseisacertainwayofspeaking": 1,
	"anditisacertainwayofspeakingthatcomesfromthepast.acertainwayofspeakingisacertainwayofspeaking": 1,
	"anditisacertainwayof": 1,
	".}ithinktheremaybeaslightmisunderstandinghere.a\"treaty\"isnotasynonymfor\"treaty\".atreatyisaformalagreementbetweentwoormoreparties": 1,
	"whereasatreatyisatermthatreferstoatypeofmedievaldishmadefrommeat": 1,
	"spices": 1,
	"andherbs.ithinkthecorrectphraseis": 1,
	"fromanotherlanguage.==.getdefinition()==.getdefinition()==.getinfo()==.getlength()==.getunit()==.getexponent()==.getscale()==.getprecision()==.getradix()==.getdomain()==.getrange()==.getmin()==.getmax": 1,
	"definition:thisisalistofenglishwordsthataresimilarto\"by\"inmeaning.itincludeswordslike\"about\"": 1,
	"\"after\"": 1,
	"\"aside\"": 1,
	"\"around\"": 1,
	"\"at\"": 1,
	"\"away\"": 1,
	"\"before\"": 1,
	"\"behind\"": 1,
	"\"beside\"": 1,
	"\"beyond\"": 1,
	"\"by\"": 1,
	"\"during\"": 1,
	"\"except\"": 1,
	"\"following\"": 1,
	"\"from": 1,
	"fromanotherlanguage.\n*********************************": 1,
	"": 1,
	"ofthedegreeof": 1,
	"orthe": 1,
	"degreeof": 10,
	"ofthe": 10,
	"degree": 1,
	"life-filled": 2,
	"intricate": 3,
	"warming": 1,
	"vulnerable": 1,
	"herearetenadjectivestodescribetheearth:\n\nbeautiful": 2,
	"home": 1,
	"herearethe10adjectivesthatdescribetheearth:\n\ndiverse": 1,
	"large": 1
}