{
	"blue": 1601,
	"terrestrial": 2256,
	"rotating": 1556,
	"spherical": 1333,
	"watery": 1482,
	"rocky": 2317,
	"temperate": 461,
	"diverse": 3421,
	"fragile": 3710,
	"precious": 862,
	"gaseous": 172,
	"dynamic": 3007,
	"beautiful": 3094,
	"spinning": 543,
	"unique.": 130,
	"herearetenadjectivesthatdescribetheearth": 327,
	"separatedbycommas:\n\nblue": 789,
	"vast": 1316,
	"unique": 957,
	"wondrous": 86,
	"ancient": 473,
	"terrestrial.": 213,
	"vibrant": 2303,
	"majestic": 1225,
	"atmospheric": 83,
	"fragile.": 153,
	"green": 1618,
	"water-covered": 443,
	"mountainous": 438,
	"beautiful.": 107,
	"herearethe10adjectivesthatdescribetheearth:\n\nblue": 488,
	"delicate": 56,
	"lush": 185,
	"majestic.": 102,
	"herearethe10adjectivestodescribetheearth:\n\nblue": 252,
	"massive": 36,
	"herearetenadjectivesthatdescribetheearth:\n\nblue": 321,
	"hostile": 5,
	"round": 5,
	"herearethe10adjectivestodescribetheearth:blue": 12,
	"hereisadescriptionoftheearthusing10adjectives": 374,
	"resilient": 67,
	"herearetenadjectivesthatdescribetheearth:blue": 23,
	"vibrant.": 18,
	"hereare10adjectivesthatdescribetheearth": 22,
	"teeming": 273,
	"herearethetenadjectivesthatdescribetheearth:\n\nblue": 18,
	"wondrous.": 11,
	"precious.": 85,
	"air-filled": 37,
	"herearetenadjectivesthatdescribetheearth:\n\nvibrant": 13,
	"complex": 110,
	"breathtaking": 38,
	"herearethe10adjectivesthatdescribetheearth:\n\nvibrant": 14,
	"stunning": 89,
	"living": 61,
	"planet": 5,
	"windy": 5,
	"hereisadescriptionoftheearthusing10adjectives:\n\nblue": 307,
	"finite": 20,
	"revolving": 4,
	"mysterious": 156,
	"herearethe10adjectivesthatdescribetheearth:\n\nbeautiful": 8,
	"metallic": 15,
	"liquid": 12,
	"warm": 5,
	"hereare10adjectivesthatdescribetheearth:\n\nvibrant": 2,
	"natural": 1,
	"hilly": 5,
	"herearethe10adjectivesusedtodescribetheearth:\n\nblue": 7,
	"fascinating": 50,
	"fertile": 15,
	"herearethe10adjectivestodescribetheearth:\n\nvibrant": 10,
	"misty": 8,
	"dynamic.": 32,
	"habitable": 49,
	"incredible": 3,
	"hereisadescriptionoftheearthusing10adjectivesseparatedbycommas:\n\nblue": 8,
	"breathable": 9,
	"hereisthedescriptionoftheearthusing10adjectives": 6,
	"hereare10adjectivestodescribetheearth:\n\nblue": 3,
	"breathing": 4,
	"spinning.": 2,
	"hereisadescriptionoftheearthusing10adjectives:\n\nvibrant": 4,
	"herearetenadjectivestodescribetheearth": 23,
	"hereare10adjectivesthatdescribetheearth:\n\nblue": 31,
	"herearethe10adjectives:blue": 2,
	"herearethe10adjectivesthatdescribetheearth": 43,
	"herearethe10adjectivesseparatedbycommastodescribetheearth:\n\nblue": 1,
	"turbulent": 10,
	"separatedbycommas:\n\nvibrant": 16,
	"awe-inspiring": 30,
	"thriving": 16,
	"serene": 5,
	"vital": 7,
	"inhabited": 52,
	"atmosphered": 1,
	"hereisthedescriptionoftheearthusing10adjectives:\n\nblue": 20,
	"water-rich": 4,
	"varied": 20,
	"remarkable": 9,
	"herearethe10adjectivestodescribetheearth": 10,
	"molten": 21,
	"rounded": 2,
	"amazing": 21,
	"hereisadescriptionoftheearthusingonly10adjectives": 11,
	"solid": 14,
	"magnetic": 3,
	"lively": 3,
	"herearethe10adjectives:\n\nblue": 5,
	"tiny.": 1,
	"herearetheadjectivesicameupwithtodescribetheearth:\n\nblue": 1,
	"majestic\n\nletmeknowifyou'dlikemetoexplainmychoices!": 1,
	"glowing": 1,
	"organic": 2,
	"herearethe10adjectivesthatdescribetheearth:vibrant": 1,
	"barren": 29,
	"icy": 27,
	"separatedbycommas:\n\nbeautiful": 13,
	"herearethe10adjectivestodescribetheearth:\n\nbeautiful": 14,
	"wonderful": 34,
	"atmosphere-rich": 1,
	"volcanic": 5,
	"aqueous": 24,
	"orbiting": 15,
	"changing": 8,
	"magnificent": 25,
	"terrestrial.\n\nletmeknowifyou'dlikemetoexpandonthisdescription!": 1,
	"dense": 3,
	"resilient.": 3,
	"watery.": 2,
	"wounded": 1,
	"diverse.": 10,
	"living.": 5,
	"alive.": 1,
	"magnificent.": 4,
	"teeming.": 4,
	"spherical.": 7,
	"delicate.": 1,
	"terrestrial.\n\nitriedtocapturetheessenceofourplanetinthese10words!": 1,
	"home": 1,
	"oceanic": 2,
	"mostly": 1,
	"airy": 1,
	"herearethetenadjectivestodescribetheearth:\n\nblue": 6,
	"celestial": 4,
	"aquatic": 8,
	"life-filled": 2,
	"vital.": 2,
	"tropical": 4,
	"wonderful.": 10,
	"watered.": 1,
	"vulnerable": 2,
	"ever-changing": 10,
	"hot": 3,
	"intricate": 4,
	"herearethe10adjectivesthatdescribetheearth:blue": 11,
	"herearetenadjectivesthatdescribetheearth:\n\nbeautiful": 6,
	"herearethe10adjectivesthatdescribetheearth:\n\nvast": 2,
	"fiery": 3,
	"hereare10adjectivesthatdescribetheearth:blue": 2,
	"terrestrial.\n\nihopethiscapturestheessenceofouramazingplanet!": 1,
	"stunning.": 4,
	"separatedbycommas:\n\nvast": 2,
	"life-giving": 1,
	"humid": 1,
	"inhabited.": 2,
	"luminous": 1,
	"hereisadescriptionoftheearthusing10adjectives:\n\nbeautiful": 6,
	"gas-rich": 2,
	"alive": 2,
	"hereisadescriptivephraseusing10adjectivestodescribetheearth": 1,
	"axis-tilted": 2,
	"cold": 2,
	"oxygen-rich": 8,
	"eachseparatedbyacomma:\n\nblue": 4,
	"hereisadescriptionoftheearthusingonly10adjectives:\n\nblue": 3,
	"perfect.": 1,
	"sacred": 1,
	"terrestrial.\n\nhowever": 1,
	"icantrytocomeupwithamoreconciseandpoeticdescriptionusingonly10adjectives:\n\nblue": 1,
	"hereisapossibledescriptionoftheearthusing10adjectives:\n\nblue": 4,
	"amazing.": 6,
	"herearetenadjectivestodescribetheearth:\n\nblue": 22,
	"oxygenated": 1,
	"life-filled.": 1,
	"mysterious.": 5,
	"sandy": 1,
	"air-breathing": 2,
	"awe-inspiring.": 2,
	"herearethe10adjectivesicameupwithtodescribetheearth:\n\nblue": 3,
	"composed": 1,
	"lonely": 1,
	"breathing.": 1,
	"herearetenadjectivesdescribingtheearth": 1,
	"hereisadescriptivephraseusing10adjectivestodescribetheearth:\n\nblue": 1,
	"colorful": 1,
	"hereisadescriptionoftheearthusingtenadjectives": 1,
	"resilient\n\nihopethismeetsyourrequirements!": 1,
	"herearethetenadjectivesthatdescribetheearth": 2,
	"hereisadescriptivelistoftheearthusing10adjectives": 1,
	"hereare10adjectivesthatdescribetheearth:\n\nbeautiful": 1,
	"remarkable.": 2,
	"wet": 5,
	"breathtaking.": 2,
	"terrestrial.\n\nihopethismeetsyourrequirements!": 1,
	"hereisthedescriptionoftheearthusing10adjectivesseparatedbycommas:\n\nblue": 1,
	"scorching": 1,
	"large": 1,
	"cloudy": 1,
	"water": 1,
	"tiny": 1,
	"magnetized": 1,
	"hereistheearthdescribedin10adjectives": 1,
	"water-covered.": 1,
	"hereisapossibledescriptionoftheearthusing10adjectives": 1,
	"habitable.": 1,
	"green.": 1,
	"onewordperadjective": 1,
	"geologically": 1,
	"active": 1,
	"herearetheadjectivesthatdescribetheearth:\n\nblue": 2,
	"terrestrial.\n\nletmeknowifyou'dlikemetoelaborateonanyofthesewords!": 1,
	"herearethe10adjectivestodescribetheearth:\n\nlarge": 1,
	"beautifulbluegreenplanet": 1,
	"herearethe10adjectivestodescribetheearth:vibrant": 1,
	"blue.": 1,
	"dusty": 1,
	"hurtling": 1,
	"majestic\n\nletmeknowifyou'dlikemetoreorderthemorusedifferentwords!": 1,
	"radiant.": 1,
	"sphere": 1,
	"extraordinary.": 1,
	"evolving.": 1,
	"temperamental": 1,
	"home.": 1,
	"filled": 1,
	"rusty": 1,
	"elliptical": 1,
	"desert-like": 1,
	"ancient.": 1,
	"herearethe10adjectivesicameupwith:\n\nblue": 1,
	"precious.\n\nihopethiscapturestheessenceofouramazingplanet!": 1,
	"herearethetenadjectivesthatdescribetheearth:\n\nvibrant": 2,
	"herearethe10adjectivesi'vechosentodescribetheearth:\n\nblue": 1,
	"lush.": 2,
	"unique\n\nletmeknowifyou'dlikemetohelpwithanythingelse!": 1,
	"polluted": 1,
	"herearetheadjectivesthatdescribetheearth:\n\nvibrant": 1,
	"perfect": 1,
	"herearetenadjectivesthatdescribetheearth:beautiful": 1,
	"evolving": 1,
	"herearetenadjectivesthatdescribetheearth:\n\nvast": 1,
	"tilted": 1,
	"astonishing": 1,
	"herearethe10adjectivesdescribingtheearth:\n\nblue": 1,
	"herearethe10adjectivesi'vechosentodescribetheearth:\n\nvibrant": 1,
	"wonderful.\n\nletmeknowifyou'dlikemetohelpwithanythingelse!": 1,
	"mobile": 1,
	"herearethetenadjectivesthatdescribetheearth:\n\nbeautiful": 1,
	"vast.": 1,
	"beautiful.\n\nihopethiscapturestheessenceofouramazingplanet!": 1,
	"precious\n\neachwordcapturesauniqueaspectofourplanet": 1,
	"fromitsstunningappearancetoitsdelicatebalanceandimportancetolife.": 1
}