{
	"vast": 3972,
	"diverse": 4000,
	"blue": 3963,
	"dynamic": 4031,
	"ancient": 3161,
	"resilient": 3733,
	"fragile": 3661,
	"beautiful": 2258,
	"complex": 1209,
	"alive.": 1361,
	"unique": 1148,
	"changing": 402,
	"complex.": 141,
	"mysterious": 1989,
	"changing.": 176,
	"unique.": 337,
	"interconnected": 421,
	"beautiful.": 216,
	"alive": 390,
	"vibrant": 790,
	"home.": 6,
	"living": 45,
	"volatile": 9,
	"andbeautiful.": 41,
	"breathtaking": 11,
	"intriguing": 5,
	"spectacular.": 1,
	"ancient.": 17,
	"fragileandalive.": 1,
	"watery": 377,
	"resilient.": 96,
	"interconnected.": 121,
	"andever-changing.": 70,
	"breathtaking.": 20,
	"ever-changing": 210,
	"mysterious.": 85,
	"ever-changing.": 114,
	"old": 110,
	"round": 29,
	"magnetic": 147,
	"andvibrant.": 12,
	"andawe-inspiring.": 1,
	"andincredible.": 2,
	"lively": 29,
	"andalive.": 53,
	"life-sustaining": 13,
	"layered": 15,
	"magnificent": 13,
	"fragile.": 64,
	"active": 66,
	"intricate": 30,
	"powerful": 7,
	"wondrous.": 5,
	"vibrant.": 19,
	"immense": 3,
	"lush": 34,
	"magical": 4,
	"precious": 3,
	"interdependent": 32,
	"evolving": 37,
	"andcomplex.": 13,
	"water-rich": 40,
	"life-sustaining.": 11,
	"home": 4,
	"rocky": 57,
	"luminous": 28,
	"molten": 1,
	"teeming.": 5,
	"luminous.": 1,
	"mountainous": 39,
	"andinterconnected.": 7,
	"extraordinary.": 8,
	"green": 9,
	"fluid": 1,
	"blue.": 7,
	"essential.": 2,
	"precious.": 2,
	"resplendent": 3,
	"andunique.": 36,
	"watery.": 4,
	"turbulent": 3,
	"awe-inspiring": 6,
	"majestic": 8,
	"awe-inspiring.": 18,
	"tectonically-active": 1,
	"andresilient.": 5,
	"magnificent.": 19,
	"interdependent.": 11,
	"captivating.": 3,
	"andmysterious.": 19,
	"enchanting": 2,
	"wondrous": 15,
	"enchanting.": 6,
	"volcanic": 15,
	"andlife-sustaining.": 2,
	"spinning": 3,
	"andchaotic.": 1,
	"charming": 10,
	"enigmatic.": 5,
	"andliving.": 2,
	"anddynamic.": 3,
	"atmospheric": 6,
	"living.": 13,
	"inhabited": 3,
	"andalive": 5,
	"andblue.": 1,
	"andvast.": 1,
	"andlife-giving.": 2,
	"vast.": 1,
	"wonderful": 1,
	"spherical": 21,
	"geologicallyactive": 4,
	"evolving.": 7,
	"resourceful": 9,
	"incredible": 1,
	"anddynamic": 1,
	"interconected": 1,
	"tectonicallyactive": 7,
	"extraordinary": 2,
	"windswept": 1,
	"rotating": 20,
	"tectonic": 3,
	"andmagnificent.": 1,
	"incredible.": 1,
	"andancient.": 8,
	"andfragile.": 6,
	"chaotic": 3,
	"fascinating": 3,
	"andwatery.": 1,
	"remarkable.": 2,
	"lively.": 4,
	"andbreathtaking.": 1,
	"infinite": 1,
	"colorful": 6,
	"andextraordinary.": 1,
	"habitable": 1,
	"intricate.": 3,
	"life-supporting": 1,
	"temperate": 4,
	"fiery": 2,
	"mighty": 1,
	"andchanging.": 3,
	"andinterconnected": 1,
	"warm": 1,
	"andteeming.": 2,
	"fascinating.": 5,
	"andevolving.": 1,
	"teeming": 7,
	"boundless.": 1,
	"anddelicate.": 1,
	"windy": 1,
	"transformative.": 1,
	"andbeautiful": 1,
	"bountiful": 1,
	"magical.": 1,
	"tectonic.": 2,
	"andcaptivating.": 1,
	"unpredictable": 5,
	"life-giving": 1,
	"andintricate.": 1,
	"andresilient": 1,
	"inter-connected": 2,
	"dynamic.": 4,
	"vivid": 1,
	"": 2,
	"harsh": 1,
	"andaliving.": 1,
	"hospitable.": 1,
	"magnetic.": 6,
	"andmagical.": 1,
	"tilted": 1,
	"stormy": 2,
	"astonishing.": 1,
	"energetic": 2,
	"fractured": 1,
	"interconneted": 2,
	"remarkable": 1,
	"unpredictable.": 1,
	"delicate": 1,
	"andever-changing": 2,
	"inhospitable": 1,
	"andenigmatic.": 1,
	"spinning.": 1,
	"hostile": 1,
	"andprecious.": 1,
	"changeable": 1,
	"enigmatic": 4,
	"geological": 1,
	"andeverchanging.": 1,
	"magestic": 1,
	"andunique": 1,
	"connected": 1,
	"frigid": 1,
	"arid": 1,
	"captivating": 1,
	"vivid.": 1
}