{
  "The bird is flying in the": {
    "sky": 20
  },
  "He reached into the dusty chest and found": {
    "a": 20
  },
  "The book was": {
    "so": 20
  },
  "Around the campfire": {
    "we": 20
  },
  "While examining the curious artifact": {
    "f": 20
  },
  "The storm raged outside, while inside": {
    "we": 20
  },
  "The bus driver yelled": {
    "\"": 20
  },
  "The movie was really good, but": {
    "it": 20
  },
  "The child pointed to the sky, where": {
    "stars": 20
  },
  "It's been a strange": {
    "day": 20
  },
  "The man wearing the red hat": {
    "is": 20
  },
  "Following the unexpected announcement that": {
    "the": 20
  },
  "When I finish": {
    "this": 20
  },
  "Despite his best efforts to": {
    "hide": 20
  },
  "Over the rainbow": {
    "Sky": 20
  },
  "The most challenging part of my job is": {
    "man": 20
  },
  "The old watch had stopped at precisely": {
    "ele": 20
  },
  "The secret ingredient was": {
    "s": 20
  },
  "Without hesitation": {
    "Sure": 20
  },
  "I was so tired that": {
    "I": 20
  },
  "With a plan in mind": {
    "I": 20
  },
  "The teacher's words echoed": {
    "through": 20
  },
  "She had to": {
    "run": 20
  },
  "Across the field, there": {
    "was": 20
  },
  "The stranger handed me": {
    "a": 20
  },
  "Around the corner": {
    "is": 20
  },
  "The painting hanging crooked": {
    "on": 20
  },
  "The company will be closed on": {
    "Monday": 20
  },
  "The baby started crying when": {
    "I": 20
  },
  "They wondered": {
    "what": 20
  },
  "Over the distant hills": {
    "the": 20
  },
  "The teacher is explaining the": {
    "less": 20
  },
  "The sound of laughter filled the": {
    "room": 20
  },
  "Before the game started": {
    "k": 20
  },
  "The moon cast shadows across the": {
    "ground": 20
  },
  "Meanwhile, across town, the detective": {
    "was": 20
  },
  "We'll meet at the corner of": {
    "Main": 20
  },
  "They went to the": {
    "store": 20
  },
  "Though many years had passed since": {
    "he": 20
  },
  "Unable to believe his eyes": {
    "he": 20
  },
  "The best part about summer is": {
    "the": 20
  },
  "The rest of the class": {
    "is": 20
  },
  "Suddenly, everything changed when": {
    "Suddenly": 20
  },
  "Inside the book": {
    "there": 20
  },
  "Holding her breath": {
    "she": 20
  },
  "Figuring out the puzzle": {
    "solution": 20
  },
  "When nobody was watching": {
    "me": 20
  },
  "The moon is rising in the": {
    "sky": 20
  },
  "The meeting was": {
    "productive": 20
  },
  "The lovely garden was full of": {
    "flow": 20
  },
  "The new movie is directed by": {
    "Christopher": 20
  },
  "I prefer morning walks to": {
    "even": 20
  },
  "The city was so": {
    "bus": 20
  },
  "The amazing view from the top was": {
    "b": 20
  },
  "She was going to": {
    "the": 20
  },
  "If you look closely": {
    "at": 20
  },
  "While walking down the street": {
    "I": 20
  },
  "The cat curled up on": {
    "the": 20
  },
  "It was a risky move, but": {
    "it": 20
  },
  "He spent hours trying to figure out": {
    "how": 20
  },
  "The sound of footsteps echoed through": {
    "the": 20
  },
  "The decision to quit her job after ten years was": {
    "diff": 20
  },
  "The witness remained silent, but their expression betrayed": {
    "f": 20
  },
  "If I had studied harder, I": {
    "would": 20
  },
  "As the sun set, the city skyline": {
    "gl": 20
  },
  "The only thing standing between them was": {
    "a": 20
  },
  "The car that had been parked outside for weeks finally": {
    "m": 20
  },
  "When the lights went out, we": {
    "used": 20
  },
  "Realizing the truth": {
    "about": 20
  },
  "Before the storm began": {
    "the": 20
  },
  "The restaurant had a great view, and": {
    "at": 20
  },
  "As soon as": {
    "I": 20
  },
  "Looking out the window": {
    "I": 20
  },
  "The hotel room was very clean, and": {
    "sp": 20
  },
  "Though tired, they continued to": {
    "work": 20
  },
  "The old photograph showed": {
    "a": 20
  },
  "The flowers bloomed in": {
    "spring": 20
  },
  "The story was": {
    "in": 20
  },
  "While cooking dinner": {
    "I": 20
  },
  "After running through the forest for what seemed like hours": {
    "hours": 20
  },
  "The old tree stood tall and proud, its branches": {
    "re": 20
  },
  "Even though it was cold": {
    "outside": 20
  },
  "The door opened": {
    "slow": 20
  },
  "Without a word": {
    "spoken": 20
  },
  "The bus is coming from the": {
    "left": 20
  },
  "With tears in her eyes": {
    "she": 20
  },
  "I have always wanted to visit": {
    "Paris": 20
  },
  "As soon as it stopped raining": {
    "we": 20
  },
  "Under the starlit sky, she discovered": {
    "a": 20
  },
  "Under the bright moonlight": {
    "the": 20
  },
  "If I could go back in time": {
    "I": 20
  },
  "The bird soaring high": {
    "in": 20
  },
  "The new employee has": {
    "a": 20
  },
  "When the sun rises": {
    "in": 20
  },
  "Flowers were her favorite": {
    "thing": 20
  },
  "The phone rang": {
    "l": 20
  },
  "The new policy requires": {
    "employees": 20
  },
  "The best souvenir to buy is": {
    "a": 20
  },
  "If only I had known about": {
    "this": 20
  },
  "In the event that": {
    "you": 20
  },
  "The new hotel is": {
    "loc": 20
  },
  "The restaurant was crowded, so": {
    "we": 20
  },
  "The garden that had once been beautiful now looked": {
    "neg": 20
  },
  "My favorite type of music is": {
    "rock": 20
  },
  "The room was filled": {
    "with": 20
  },
  "The baby is sleeping in the": {
    "c": 20
  },
  "Cutting down a tree": {
    "is": 20
  },
  "The last time I saw her, she was": {
    "we": 20
  },
  "Forgotten in the drawer": {
    "of": 20
  },
  "She thought about the future": {
    "and": 20
  },
  "Before the sun rises": {
    "mor": 20
  },
  "I wish I could": {
    "fly": 20
  },
  "Even if it\u2019s difficult": {
    "to": 20
  },
  "Although she was tired": {
    "from": 20
  },
  "The stranger who knocked on their door late at night claimed": {
    "to": 20
  },
  "The letter from her grandmother, which she had kept for years": {
    "in": 20
  },
  "The key unlocked": {
    "the": 20
  },
  "He stumbled upon an hidden": {
    "tre": 20
  },
  "The stranger's eyes held a glint of": {
    "m": 20
  },
  "The new employee is": {
    "very": 20
  },
  "Driven by curiosity": {
    "to": 20
  },
  "Without looking back": {
    "at": 14,
    "you": 6
  },
  "The boy's heart raced": {
    "as": 20
  },
  "Running through the forest, I could hear": {
    "the": 20
  },
  "The plan was": {
    "to": 20
  },
  "The bird is building a": {
    "nest": 20
  },
  "She dreamed of a place where": {
    "pe": 20
  },
  "The new policy has been implemented to": {
    "reduce": 20
  },
  "In the middle of the night": {
    "I": 20
  },
  "Once the ceremony had begun": {
    "the": 20
  },
  "Because she was tired": {
    "of": 20
  },
  "The old tree's roots stretched deep into": {
    "the": 20
  },
  "Although many researchers have attempted to": {
    "st": 20
  },
  "As the train pulled out of the station, I realized": {
    "I": 20
  },
  "After waiting in line for over two hours": {
    "finally": 20
  },
  "To achieve my dreams": {
    "I": 20
  },
  "She decided that": {
    "she": 20
  },
  "Although it was late": {
    "night": 20
  },
  "He couldn\u2019t": {
    "bel": 20
  },
  "The old clock tower chimed the hour, its": {
    "deep": 20
  },
  "Even though it was late": {
    "night": 20
  },
  "The smell of freshly cut": {
    "Gr": 20
  },
  "She stared at the mirror, but her reflection": {
    "was": 20
  },
  "The journey, though difficult, was ultimately": {
    "re": 20
  },
  "The concert was very loud, and": {
    "I": 20
  },
  "The concert is scheduled for": {
    "tom": 20
  },
  "The old man sat by the": {
    "fire": 20
  },
  "The cat chased": {
    "its": 20
  },
  "The dog that followed her home from the park seemed": {
    "lost": 20
  },
  "After the fire died out": {
    "embers": 20
  },
  "Despite the rain, the picnic": {
    "was": 20
  },
  "I need to finish": {
    "this": 20
  },
  "The moment": {
    "I": 20
  },
  "I love reading books about": {
    "history": 20
  },
  "The baby is crying in the": {
    "night": 20
  },
  "She promised herself that she would never again": {
    "for": 20
  },
  "When the old photograph fell from": {
    "the": 20
  },
  "The wind howling fiercely": {
    "outside": 20
  },
  "She walked to the": {
    "store": 20
  },
  "Where the river meets the": {
    "sea": 20
  },
  "The smell of popcorn": {
    "is": 20
  },
  "Walking home alone, I sensed someone following": {
    "me": 20
  },
  "The mysterious letter arrived": {
    "today": 20
  },
  "In spite of the doctor's recommendations": {
    "to": 20
  },
  "The beautiful song was sung by": {
    "a": 20
  },
  "The footprints led": {
    "to": 20
  },
  "The computer is on the": {
    "table": 20
  },
  "The locket she wore began to": {
    "gl": 20
  },
  "Despite the challenges": {
    "f": 20
  },
  "Lost in thought": {
    "I": 20
  },
  "Before the show starts": {
    "we": 20
  },
  "The kids were playing outside, but": {
    "they": 13,
    "it": 7
  },
  "The child with the balloon": {
    "is": 20
  },
  "The sound coming from the basement at 3 AM was": {
    "e": 20
  },
  "Because she forgot her keys": {
    "at": 20
  },
  "The lights flickering": {
    "str": 20
  },
  "After the last guest left the party": {
    "the": 20
  },
  "Without knowing": {
    "any": 20
  },
  "The key under the mat": {
    "is": 20
  },
  "She whispered a secret": {
    "to": 20
  },
  "They sent a": {
    "letter": 20
  },
  "The path through the desert led to": {
    "the": 20
  },
  "Behind the waterfall": {
    "L": 20
  },
  "Whereas the previous model could only": {
    "predict": 20
  },
  "The diary hidden beneath the floorboards contained secrets that": {
    "could": 20
  },
  "The happy memory I have is of": {
    "play": 20
  },
  "The sound of footsteps": {
    "echo": 20
  },
  "The hotel room was too small, and": {
    "cr": 20
  },
  "The one thing I regret is": {
    "not": 20
  },
  "While walking through the park": {
    "I": 20
  },
  "We are going to the": {
    "store": 20
  },
  "The snow is covering the": {
    "ground": 20
  },
  "The friendship that had lasted since childhood was now": {
    "f": 20
  },
  "When the lights went off": {
    "Suddenly": 20
  },
  "After a long day, all she wanted was": {
    "rest": 20
  },
  "The key fit perfectly into the": {
    "lock": 20
  },
  "Waiting for the bus": {
    "to": 20
  },
  "The answer lay in": {
    "the": 20
  },
  "He looked to": {
    "the": 20
  },
  "The boy is riding his": {
    "b": 20
  },
  "Meditation can bring inner": {
    "pe": 20
  },
  "The letter she never sent": {
    "was": 20
  },
  "The city is famous for its": {
    "architecture": 20
  },
  "After the meeting ended": {
    "we": 20
  },
  "After the movie ended": {
    "we": 20
  },
  "Small rocks crunched beneath": {
    "her": 20
  },
  "Unlike her sister who always": {
    "spe": 20
  },
  "The ancient manuscript, covered in dust, revealed": {
    "se": 20
  },
  "It was a chance encounter that changed everything when": {
    "I": 20
  },
  "Since moving to the new city, everything has been": {
    "different": 20
  },
  "They are watching a": {
    "movie": 20
  },
  "If you could go anywhere": {
    "in": 20
  },
  "The city was very noisy, and": {
    "l": 20
  },
  "Because I was nervous": {
    "about": 20
  },
  "The beautiful sunset made me": {
    "fe": 20
  },
  "The room was dark and": {
    "sp": 20
  },
  "Without thinking": {
    "about": 20
  },
  "Seeing that there was no alternative": {
    "option": 20
  },
  "The mystery remains unsolved, but evidence suggests": {
    "that": 20
  },
  "His hair was": {
    "black": 20
  },
  "The peaceful atmosphere of the park made me feel": {
    "cal": 20
  },
  "As the fireworks lit up the sky, he": {
    "w": 20
  },
  "The students are studying in the": {
    "library": 20
  },
  "In the depths of winter": {
    "c": 20
  },
  "The scent of": {
    "ros": 20
  },
  "The sun was setting": {
    "be": 20
  },
  "They decided to": {
    "go": 20
  },
  "She closed her eyes": {
    "and": 20
  },
  "The old car made a loud": {
    "no": 20
  },
  "To achieve": {
    "success": 20
  },
  "The last time I saw": {
    "her": 20
  },
  "The reason for their sudden departure was": {
    "m": 20
  },
  "He left without saying goodbye": {
    "Good": 20
  },
  "He is reading a": {
    "book": 20
  },
  "The bridge swayed as they": {
    "cross": 20
  },
  "After the rain stopped": {
    "the": 20
  },
  "Before I could explain myself": {
    "Further": 16,
    "I": 4
  },
  "He paused, as if about to say something, but then": {
    "changed": 20
  },
  "The firelight flickered": {
    "as": 20
  },
  "The old man sat by the fire, remembering": {
    "his": 1,
    "times": 19
  },
  "Beneath the cracked pavement": {
    "L": 20
  },
  "In the marketplace, a strange vendor offered": {
    "a": 20
  },
  "Until they found": {
    "out": 20
  },
  "Despite the rain": {
    "we": 11,
    "Despite": 9
  },
  "Since nobody volunteered to take responsibility": {
    "for": 20
  },
  "The girl's voice trembled": {
    "as": 20
  },
  "The new course covers": {
    "top": 20
  },
  "The woman is talking on the": {
    "phone": 20
  },
  "The old mirror reflected a face that": {
    "was": 20
  },
  "The most important lesson he learned was": {
    "to": 20
  },
  "Beneath the surface of the water": {
    "L": 20
  },
  "He followed the trail of": {
    "crumbs": 20
  },
  "I think": {
    "I": 20
  },
  "The weather forecast said": {
    "there": 20
  },
  "Reflections danced on the mirrored surface": {
    "water": 20
  },
  "However much she tried to forget": {
    "him": 20
  },
  "The teacher asked": {
    "us": 20
  },
  "Since you're already here": {
    "can": 20
  },
  "Provided that everyone agrees to": {
    "particip": 20
  },
  "They searched everywhere, but couldn't find": {
    "any": 20
  },
  "If we keep going this way": {
    "we": 20
  },
  "A solitary sigh drifted through": {
    "the": 20
  },
  "Remembering the past": {
    "is": 20
  },
  "The moonlight cast an eerie glow over": {
    "the": 20
  },
  "The scent of fresh-baked cookies reminded me of": {
    "home": 20
  },
  "Her favorite type of music": {
    "is": 20
  },
  "The clock struck midnight as": {
    "C": 20
  },
  "Before leaving, make sure you": {
    "lock": 20
  },
  "The clock ticking loudly": {
    "in": 20
  },
  "When I woke up": {
    "this": 20
  },
  "When the music stopped": {
    "play": 20
  },
  "The plan failed": {
    "because": 20
  },
  "The old locket contained a lock of hair": {
    "and": 20
  },
  "When the stars aligned": {
    "per": 20
  },
  "I remember": {
    "when": 20
  },
  "Because he forgot the keys": {
    "inside": 20
  },
  "Near the end of the movie": {
    "\"": 20
  },
  "Rather than accept defeat, the team": {
    "f": 20
  },
  "The shadows growing longer": {
    "as": 20
  },
  "The letter arrived, and with it came": {
    "news": 20
  },
  "The book on the shelf": {
    "is": 20
  },
  "Without warning, the": {
    "storm": 20
  },
  "The smell of freshly": {
    "B": 20
  },
  "The sound of the waves": {
    "cr": 20
  },
  "The voice on the radio": {
    "ann": 20
  },
  "The camera captured": {
    "image": 20
  },
  "The stillness was broken by the": {
    "sound": 20
  },
  "The sound of the waves crashing on the shore was": {
    "so": 20
  },
  "The meeting will be held at": {
    "1": 20
  },
  "The taste of the homemade bread reminded him of": {
    "child": 20
  },
  "The concert was amazing, but": {
    "it": 20
  },
  "In spite of everything": {
    "that": 20
  },
  "Standing at the edge of the cliff, I felt": {
    "a": 20
  },
  "The new course starts on": {
    "Monday": 20
  },
  "The baby's tiny hands": {
    "g": 20
  },
  "After the storm had finally passed": {
    "the": 20
  },
  "The stars seemed to hold the secrets of": {
    "un": 20
  },
  "The storm, fierce and sudden, left behind": {
    "dev": 20
  },
  "Marriage is an important": {
    "in": 20
  },
  "In the quiet village, a rumor spread about": {
    "a": 20
  },
  "Because the sky was clear": {
    "blue": 20
  },
  "Voices echoed through the abandoned": {
    "hall": 20
  },
  "Forgotten treasures lay hidden within": {
    "the": 20
  },
  "The door was": {
    "closed": 20
  },
  "The taste of freedom felt like": {
    "li": 20
  },
  "The old violin played a haunting melody": {
    "mel": 14,
    "that": 6
  },
  "The recipe called for": {
    "s": 20
  },
  "Snowflakes gently fell on her": {
    "face": 20
  },
  "As soon as the sun set behind the hills": {
    "dark": 20
  },
  "When the phone rang": {
    "it": 20
  },
  "Learning about different cultures": {
    "can": 20
  },
  "Despite having": {
    "a": 20
  },
  "The old man's eyes": {
    "spark": 20
  },
  "The phone call she had been dreading finally came when": {
    "she": 20
  },
  "The song that played": {
    "d": 20
  },
  "The company is looking for someone with": {
    "ex": 20
  },
  "Mom left a note on the": {
    "table": 20
  },
  "She needed something": {
    "to": 20
  },
  "The hotel room was": {
    "sp": 20
  },
  "The room was": {
    "dark": 20
  },
  "The best way to get around is": {
    "by": 20
  },
  "The severity of": {
    "imp": 20
  },
  "If I could travel": {
    "any": 20
  },
  "When the clock struck midnight, a strange silence fell": {
    "over": 20
  },
  "Whenever he visits": {
    "home": 20
  },
  "Because everyone had different opinions about": {
    "the": 20
  },
  "The train is arriving at": {
    "Platform": 20
  },
  "The music, soft and haunting, made her feel": {
    "mel": 20
  },
  "The bridge that connected the two small towns had been": {
    "destroy": 20
  },
  "As the sun set": {
    "be": 20
  },
  "When the mirror cracked": {
    "from": 20
  },
  "When the lights suddenly went out in the theater": {
    "dark": 20
  },
  "The key that unlocked the mysterious chest revealed": {
    "a": 20
  },
  "The challenging puzzle was": {
    "s": 20
  },
  "Beyond the mountains where nobody": {
    "go": 20
  },
  "In the middle of the night, a": {
    "str": 20
  },
  "The book is on the": {
    "table": 20
  },
  "The journal\u2019s final entry described": {
    "the": 20
  },
  "During the meeting": {
    "we": 20
  },
  "The forgotten letter in the attic revealed": {
    "a": 20
  },
  "With a heavy heart": {
    "I": 20
  },
  "Since it\u2019s your birthday": {
    "today": 20
  },
  "The new phone has a": {
    "camera": 20
  },
  "She whispered a secret that": {
    "could": 20
  },
  "He remembered": {
    "that": 20
  },
  "The cat hid": {
    "under": 20
  },
  "After searching through all the boxes in the attic": {
    "I": 20
  },
  "He dreamed of being": {
    "a": 20
  },
  "The whole family agreed": {
    "that": 20
  },
  "Walking through the forest, she noticed": {
    "a": 20
  },
  "She is singing a": {
    "song": 20
  },
  "It was a plan that depended on precise timing, and unfortunately": {
    "tim": 20
  },
  "Through the foggy glass": {
    "Window": 20
  },
  "Although the path was difficult": {
    "to": 20
  },
  "Although she tried hard": {
    "to": 20
  },
  "The monument was impressive, but": {
    "it": 20
  },
  "The beach was very relaxing, and": {
    "pe": 20
  },
  "The sound of the ocean": {
    "w": 19,
    "W": 1
  },
  "Running through the park, she": {
    "felt": 20
  },
  "When she opened the door to her childhood bedroom": {
    "she": 20
  },
  "Unless we find another solution": {
    "quick": 20
  },
  "Although the process seemed": {
    "com": 20
  },
  "Besides the obvious problems with": {
    "\"": 20
  },
  "The best vacation I ever had was": {
    "in": 20
  },
  "The music stopped, and the room": {
    "f": 20
  },
  "Inside the haunted house": {
    "dark": 20
  },
  "The sound of the violin haunted the": {
    "air": 20
  },
  "Quietly, she thought": {
    "to": 20
  },
  "The secret ingredient in her famous pie was": {
    "ap": 20
  },
  "Considering the consequences": {
    "of": 20
  },
  "He is an expert at": {
    "play": 20
  },
  "Shadows crept across the walls": {
    "as": 20
  },
  "The delicious cake was made by": {
    "b": 20
  },
  "I couldn\u2019t": {
    "bel": 20
  },
  "The restaurant was closed, so": {
    "we": 20
  },
  "In the abandoned library, a book began to": {
    "gl": 20
  },
  "Whenever you feel lonely, just remember": {
    "that": 20
  },
  "The sound of waves crashing against the": {
    "shore": 20
  },
  "The new smartphone has a": {
    "camera": 20
  },
  "The train vanished into": {
    "the": 20
  },
  "They say a house is not a home, and this one certainly felt": {
    "un": 20
  },
  "When I got home, I realized I had forgotten to": {
    "buy": 20
  },
  "The letter arrived with": {
    "a": 20
  },
  "The smell of freshly cut grass always made her think of": {
    "sum": 20
  },
  "The book that everyone had been talking about turned out to be": {
    "dis": 20
  },
  "The dog's bark echoed": {
    "through": 20
  },
  "The sun setting slowly": {
    "be": 20
  },
  "The old diary contained secrets that": {
    "re": 20
  },
  "The man is working on the": {
    "car": 20
  },
  "She decided to take a walk": {
    "in": 20
  },
  "In the attic, hidden": {
    "be": 20
  },
  "Running through the fog": {
    "dark": 20
  },
  "The final page": {
    "of": 20
  },
  "The river flowing endlessly": {
    "through": 20
  },
  "The old house, standing on the hill, was": {
    "ab": 20
  },
  "She didn't understand": {
    "why": 20
  },
  "The birds chirping loudly": {
    "outside": 20
  },
  "The sound of rain": {
    "d": 20
  },
  "The restaurant was very busy, and": {
    "crow": 20
  },
  "The old painting seemed to watch": {
    "me": 20
  },
  "With a sigh of relief": {
    "he": 20
  },
  "The children are playing in the": {
    "g": 20
  },
  "She whispered the secret": {
    "into": 20
  },
  "Although the recipe seemed simple enough": {
    "at": 20
  },
  "They were surprised to learn that": {
    "the": 20
  },
  "If they had known earlier": {
    "they": 20
  },
  "The light went": {
    "out": 20
  },
  "He couldn't believe his eyes when": {
    "he": 20
  },
  "Before the storm hit": {
    "the": 20
  },
  "She smiled mysteriously": {
    "and": 20
  },
  "The dog is playing with a": {
    "ball": 20
  },
  "If I could rewrite": {
    "history": 20
  },
  "The old man's voice": {
    "was": 20
  },
  "The old house creaked as if": {
    "ha": 20
  },
  "It started as a hobby, but soon became an obsession for": {
    "him": 20
  },
  "After the last petal fell": {
    "off": 20
  },
  "The stars shone brightly": {
    "in": 20
  },
  "Before you decide": {
    "to": 20
  },
  "He wondered if": {
    "he": 20
  },
  "The park was beautiful, but": {
    "it": 20
  },
  "The old map revealed a hidden treasure": {
    "ch": 20
  },
  "The cake is in the": {
    "oven": 20
  },
  "While she was cooking": {
    "d": 20
  },
  "In the silence of night, the": {
    "mo": 19,
    "stars": 1
  },
  "Supposing we were to arrive early": {
    "at": 20
  },
  "She often wondered if": {
    "she": 20
  },
  "The diary entry began": {
    "with": 20
  },
  "Lost in translation were the true intentions of": {
    "the": 20
  },
  "The new employee was very nervous on his first day because": {
    "he": 20
  },
  "The old chest contained treasures that": {
    "gl": 20
  },
  "Outside the house": {
    "there": 20
  },
  "Until someone comes forward with": {
    "ev": 20
  },
  "While she was": {
    "walk": 20
  },
  "The lion's roar shook the": {
    "ground": 20
  },
  "The weather is": {
    "nice": 20
  },
  "Although many thought it": {
    "was": 20
  },
  "The park was very peaceful, and": {
    "quiet": 20
  },
  "The painting on the wall seemed to": {
    "gl": 20
  },
  "The city was beautiful, but": {
    "it": 20
  },
  "The funniest moment of my life was": {
    "when": 20
  },
  "The room was silent except": {
    "for": 20
  },
  "She took a deep breath": {
    "and": 20
  },
  "The phone number he forgot": {
    "was": 20
  },
  "When they finally reached the top of the mountain": {
    "they": 20
  },
  "The unexpected visitor brought with him": {
    "a": 20
  },
  "The new policy will likely": {
    "imp": 20
  },
  "He ran so fast that": {
    "he": 20
  },
  "If we don\u2019t leave soon": {
    "we": 20
  },
  "Though he promised to help": {
    "me": 20
  },
  "Regardless of what critics might say about": {
    "the": 20
  },
  "The last word was": {
    "\"": 20
  },
  "Reading is one of": {
    "the": 20
  },
  "He found a mysterious": {
    "box": 20
  },
  "Even though I was late": {
    "for": 20
  },
  "She looked as if": {
    "she": 20
  },
  "A single drop of": {
    "water": 20
  },
  "Running down the street": {
    "fast": 20
  },
  "Waiting patiently in the shadows, I watched as": {
    "the": 20
  },
  "My favorite hobby is": {
    "reading": 20
  },
  "The difficult task was finally": {
    "completed": 20
  },
  "When the music started": {
    "play": 20
  },
  "Under the old oak tree": {
    "we": 20
  },
  "Although we wanted": {
    "to": 20
  },
  "The old photograph, faded and torn, depicted a scene of": {
    "a": 20
  },
  "The new restaurant is located in": {
    "d": 20
  },
  "The robot whispered": {
    "\"": 20
  },
  "The teacher asked the students to": {
    "write": 20
  },
  "The company is looking for someone who": {
    "is": 20
  },
  "The smell of freshly baked": {
    "bread": 20
  },
  "She is cooking": {
    "d": 20
  },
  "The big house on the hill was": {
    "ha": 20
  },
  "Although it was freezing": {
    "c": 20
  },
  "When the clock struck midnight": {
    "the": 20
  },
  "Before the concert starts": {
    "we": 20
  },
  "The ancient map led them to": {
    "the": 20
  },
  "The more she thought about it, the more she realized": {
    "that": 20
  },
  "Through the keyhole, I spied": {
    "a": 20
  },
  "Managing the finances": {
    "of": 20
  },
  "The train whistle blew, and the": {
    "engine": 20
  },
  "He opened the letter": {
    "and": 20
  },
  "The car was": {
    "red": 20
  },
  "Knowing he was right": {
    "be": 20
  },
  "Because of the traffic jam": {
    "I": 20
  },
  "The old photograph showed a young couple": {
    "standing": 20
  },
  "The car screeched to": {
    "a": 20
  },
  "The message written in": {
    "English": 20
  },
  "The door creaking open": {
    "slow": 20
  },
  "The smell of fresh bread": {
    "b": 20
  },
  "The tree that had stood in their backyard for fifty years": {
    "was": 20
  },
  "It was a gamble, but the payoff could be enormous if": {
    "we": 20
  },
  "The test was harder than": {
    "I": 20
  },
  "Before she knew it": {
    "she": 20
  },
  "Depending on the weather": {
    "conditions": 20
  },
  "As the clock struck midnight, the": {
    "castle": 20
  },
  "Because the weather forecast predicted severe storms": {
    "tom": 20
  },
  "The photograph in the album showed": {
    "a": 20
  },
  "In the heart of the oasis, a": {
    "mi": 20
  },
  "The missing piece to the puzzle was found in an unlikely place\u2014under": {
    "the": 20
  },
  "Broken and worn": {
    "out": 20
  },
  "He wished he could have said": {
    "\"": 20
  },
  "Frost settled delicately on the": {
    "ground": 20
  },
  "In the silence, a single word echoed": {
    "through": 20
  },
  "Through the foggy window": {
    "I": 20
  },
  "The cat is hiding under the": {
    "bed": 20
  },
  "The new app is": {
    "great": 20
  },
  "Among the trees, there was": {
    "a": 20
  },
  "The mysterious package that arrived at midnight contained": {
    "a": 20
  },
  "Because the lights were off": {
    "in": 20
  },
  "The candle's flame danced in the breeze": {
    "g": 20
  },
  "Despite her fear": {
    "of": 20
  },
  "He is eating a": {
    "apple": 20
  },
  "When the rain started falling heavily on the old wooden roof": {
    "it": 20
  },
  "The future holds": {
    "prom": 20
  },
  "The crash echoed": {
    "through": 20
  },
  "As soon as the door opened": {
    "I": 20
  },
  "Among the ruins of the ancient": {
    "city": 20
  },
  "There's a strange noise": {
    "coming": 20
  },
  "The food at the restaurant was": {
    "del": 20
  },
  "The old man\u2019s warning about the": {
    "forest": 20
  },
  "The new restaurant serves": {
    "del": 20
  },
  "The clock struck midnight": {
    "and": 20
  },
  "The phone is ringing in the": {
    "k": 20
  },
  "As I walked through": {
    "the": 20
  },
  "I am listening to": {
    "music": 20
  },
  "The sound of a distant owl hooting": {
    "echo": 20
  },
  "In case you forgot": {
    "to": 20
  },
  "My favorite food is": {
    "p": 20
  },
  "The argument started when": {
    "he": 20
  },
  "The hotel had a great pool, and": {
    "view": 20
  },
  "He stood there, wondering": {
    "what": 20
  },
  "The sound of laughter filled the air as": {
    "children": 20
  },
  "The scientist\u2019s experiment went wrong when": {
    "they": 20
  },
  "Working late shifts": {
    "can": 20
  },
  "I had to": {
    "stop": 20
  },
  "The laughter echoed through the empty halls, as if": {
    "Ghost": 20
  },
  "While the rain poured": {
    "down": 20
  },
  "The old woman's laughter echoed through": {
    "the": 20
  },
  "The scent of roses filled the garden as": {
    "the": 20
  },
  "If only he": {
    "k": 20
  },
  "The candle flickered in the darkness, casting": {
    "shadow": 20
  },
  "The telescope revealed a distant": {
    "gal": 20
  },
  "Despite the warnings, I ventured into": {
    "the": 20
  },
  "The sun is shining in the": {
    "sky": 20
  },
  "The dog's tail wagged": {
    "h": 20
  },
  "Carrying her books to school": {
    "in": 17,
    "home": 3
  },
  "She was": {
    "h": 20
  },
  "If only we had tried harder": {
    "we": 20
  },
  "Locked away in the attic was a forgotten memory from": {
    "child": 20
  },
  "The new car has a": {
    "s": 20
  },
  "It was a love story for the ages, but fate had other plans when": {
    "the": 20
  },
  "The feeling of being lost": {
    "in": 20
  },
  "The exciting news was announced by": {
    "the": 20
  },
  "Buried beneath the snow": {
    "L": 20
  },
  "The river flowed gently": {
    "down": 20
  },
  "The car is parked in the": {
    "gar": 20
  },
  "The flickering candlelight cast strange shadows on": {
    "the": 20
  },
  "The path ahead was uncertain, but they decided to": {
    "venture": 20
  },
  "The child drew": {
    "a": 20
  },
  "As I looked out the window, I saw": {
    "a": 20
  },
  "She walked into the room and saw": {
    "a": 20
  },
  "With a final glance": {
    "back": 20
  },
  "When I saw the headline": {
    "\"": 20
  },
  "The email that arrived this morning contained news that": {
    "sur": 20
  },
  "He couldn\u2019t believe": {
    "his": 20
  },
  "The news was so shocking that": {
    "I": 20
  },
  "The beach was beautiful, but": {
    "it": 20
  },
  "The city was filled": {
    "with": 20
  },
  "The car broke down": {
    "on": 20
  },
  "The weather was": {
    "be": 20
  },
  "Holding hands tightly": {
    "t": 20
  },
  "The dog wagged its tail at": {
    "me": 20
  },
  "They would have": {
    "l": 20
  },
  "The car sped down": {
    "the": 20
  },
  "The concert was amazing, especially": {
    "the": 20
  },
  "I have been learning to": {
    "code": 20
  },
  "The tree is growing in the": {
    "g": 20
  },
  "If only I had known then what I know now": {
    "I": 20
  },
  "Because of their": {
    "size": 20
  },
  "The little girl's eyes": {
    "wid": 20
  },
  "Silent tears streamed down her cheeks": {
    "as": 20
  },
  "The hotel staff was very friendly, and": {
    "help": 20
  },
  "Waking up at dawn": {
    "is": 20
  },
  "The potion bubbled and turned": {
    "green": 20
  },
  "Her soft voice": {
    "wh": 20
  },
  "The kite soared high into": {
    "the": 20
  },
  "Sometimes, in the middle": {
    "of": 20
  },
  "When the clock struck twelve": {
    "mid": 20
  },
  "When I opened the door": {
    "I": 20
  },
  "The new software is compatible with": {
    "Windows": 20
  },
  "As soon as he opened the door, he saw": {
    "a": 20
  },
  "The new game is rated": {
    "M": 20
  },
  "The scent of freshly baked bread filled": {
    "the": 20
  },
  "The view from the top of the mountain was": {
    "b": 20
  },
  "Beneath the city streets, a hidden": {
    "world": 20
  },
  "The promise he made to his father before he died": {
    "was": 20
  },
  "The clocktower chimed, signaling": {
    "mid": 20
  },
  "She whispered secrets only the": {
    "wind": 20
  },
  "The mysterious stranger handed me": {
    "a": 20
  },
  "The wind carried a faint": {
    "s": 20
  },
  "She opened the box and found": {
    "a": 20
  },
  "The ship sailed toward the horizon, where": {
    "the": 20
  },
  "While everyone else was celebrating": {
    "the": 20
  },
  "As the fog lifted, a ghostly figure emerged": {
    "from": 20
  },
  "We are waiting for the": {
    "bus": 20
  },
  "He was": {
    "running": 20
  },
  "As the storm raged on, a faint light appeared": {
    "in": 20
  },
  "Unless you call first": {
    "I": 20
  },
  "As the teacher walked": {
    "into": 20
  },
  "She always": {
    "l": 20
  },
  "Planning the perfect wedding": {
    "requires": 20
  },
  "The hotel room was nice, but": {
    "small": 20
  },
  "The best part of the trip was": {
    "see": 20
  },
  "Including the": {
    "word": 20
  },
  "She didn\u2019t": {
    "w": 20
  },
  "The wind whispered ancient secrets to": {
    "the": 20
  },
  "The music fading away": {
    "slow": 3,
    "soft": 17
  },
  "The tasty ice cream was flavored with": {
    "ch": 20
  },
  "If you want to succeed, you must": {
    "bel": 20
  },
  "The train approaching": {
    "station": 20
  },
  "It could be": {
    "any": 20
  },
  "Inside the old house": {
    "there": 20
  },
  "Under the shadowy bridge": {
    "dark": 20
  },
  "Having waited so long": {
    "for": 20
  },
  "If only I had known": {
    "ear": 20
  },
  "He knew she was": {
    "lying": 20
  },
  "The sun was setting slowly over": {
    "the": 20
  },
  "The old woman's eyes held a twinkle of": {
    "m": 20
  },
  "The old map revealed the location of": {
    "tre": 20
  },
  "The difficult journey was worth it because": {
    "the": 20
  },
  "The stars are twinkling in the": {
    "night": 20
  },
  "As I walked through the forest, I heard": {
    "a": 20
  },
  "If you believe in yourself": {
    "You": 20
  },
  "It was a friendship that transcended social boundaries, and together they": {
    "expl": 20
  },
  "When I was younger": {
    "I": 20
  },
  "The painting, vibrant and abstract, conveyed a sense of": {
    "em": 20
  },
  "If only I had remembered to bring my umbrella when": {
    "I": 20
  },
  "The best part of the day was when": {
    "I": 20
  },
  "A voice from the darkness whispered": {
    "\"": 20
  },
  "The cat that had been missing for three days suddenly appeared": {
    "home": 20
  },
  "Throughout the long winter months": {
    "I": 13,
    "the": 7
  },
  "I was late because": {
    "tra": 20
  },
  "Hidden deep within the cave was a treasure unlike any other, guarded by": {
    "drag": 20
  },
  "With a loud voice": {
    "He": 20
  },
  "On her first day": {
    "of": 20
  },
  "The hotel staff was very helpful, and": {
    "friend": 20
  },
  "Floating down the river, we spotted": {
    "a": 20
  },
  "The new employee is very": {
    "compet": 20
  },
  "The teacher's patience": {
    "was": 20
  },
  "In the stillness of the night": {
    "I": 20
  },
  "As well": {
    "as": 20
  },
  "To truly understand": {
    "the": 20
  },
  "The city was very expensive, and": {
    "it": 20
  },
  "Before the meeting could officially begin": {
    "the": 20
  },
  "The stars twinkled in": {
    "the": 20
  },
  "The museum exhibit was very interesting, and": {
    "inform": 20
  },
  "When he arrives": {
    "home": 20
  },
  "The old man, with a twinkle in his eye, began to": {
    "t": 20
  },
  "The fish is swimming in the": {
    "water": 20
  },
  "They were": {
    "h": 20
  },
  "The sun was": {
    "sh": 20
  },
  "A large shadow loomed over": {
    "the": 20
  },
  "After the storm, the city": {
    "was": 20
  },
  "Hoping for a miracle": {
    "to": 12,
    "is": 8
  },
  "It was a performance that brought the audience to their feet, and yet": {
    "it": 20
  },
  "The movie starts at": {
    "7": 20
  },
  "The secret was": {
    "re": 1,
    "out": 19
  },
  "Learning from my mistakes": {
    "is": 20
  },
  "The flower bloomed": {
    "be": 20
  },
  "After he finished speaking": {
    "the": 20
  },
  "The best time to visit is": {
    "d": 20
  },
  "The city was very crowded, and": {
    "bus": 20
  },
  "The flowers were blooming, and": {
    "the": 20
  },
  "The tour guide was very knowledgeable, and": {
    "inform": 20
  },
  "While sorting through her mother's belongings": {
    "after": 20
  },
  "It was a puzzle that defied all attempts at a solution, until": {
    "one": 20
  },
  "The stars shining brightly": {
    "in": 20
  },
  "Understanding the language": {
    "of": 20
  },
  "Hidden beneath the floorboards was a secret compartment containing": {
    "tre": 20
  },
  "The phone rang, startling": {
    "her": 20
  },
  "They also decided": {
    "to": 20
  },
  "As the sun set, the sky turned": {
    "orange": 20
  },
  "The door creaked open": {
    "slow": 20
  },
  "Without any fear": {
    "of": 20
  },
  "If they only knew": {
    "how": 10,
    "the": 10
  },
  "The reason I love this book is": {
    "because": 20
  },
  "The book's pages were yellowed with age": {
    "and": 20
  },
  "Despite having studied for hours, she still felt": {
    "un": 20
  },
  "The painting hanging in the museum's main hall depicted": {
    "a": 20
  },
  "At the top of the mountain": {
    "Pe": 20
  },
  "No one expected": {
    "the": 20
  },
  "Building a strong team requires": {
    "communication": 20
  },
  "If I could change one thing, it would be": {
    "to": 20
  },
  "He told her to calm down": {
    "because": 20
  },
  "Her favorite book was": {
    "\"": 20
  },
  "Because the old clock tower hadn't chimed in years": {
    "because": 20
  },
  "Given the limited resources available": {
    "to": 20
  },
  "When the final exam results were posted online": {
    "the": 20
  },
  "The baby laughed at": {
    "the": 20
  },
  "When I asked her": {
    "about": 20
  },
  "It all began with a simple mistake, which led to": {
    "a": 20
  },
  "The moment I saw": {
    "her": 20
  },
  "Until the train arrives": {
    "we": 20
  },
  "He bought a new": {
    "car": 20
  },
  "The sun sets in the": {
    "west": 20
  },
  "The key turned in the lock, and the door": {
    "opened": 20
  },
  "Her smile lit up the whole": {
    "room": 20
  },
  "At the edge of the cliff, she saw": {
    "a": 20
  },
  "A melody echoed from": {
    "the": 20
  },
  "Until she returns": {
    "home": 20
  },
  "If time could bend": {
    "back": 20
  },
  "Unless we act quickly to prevent": {
    "it": 20
  },
  "The sound of a distant train whistle": {
    "echo": 20
  },
  "The book, though long, proved to be": {
    "eng": 20
  },
  "Inside the box": {
    "is": 20
  },
  "While everyone was distracted": {
    "by": 20
  },
  "The beautiful painting was created by": {
    "a": 20
  },
  "He didn\u2019t know": {
    "what": 20
  },
  "I need to buy some": {
    "gro": 20
  },
  "The door slammed shut": {
    "be": 20
  },
  "If I had known the truth": {
    "I": 20
  },
  "She played the piano all": {
    "day": 20
  },
  "Without any warning": {
    "Suddenly": 20
  },
  "The child who had been crying in the grocery store": {
    "stop": 20
  },
  "The challenge was not to win, but to": {
    "particip": 20
  },
  "Although the rain poured down": {
    "he": 20
  },
  "Underneath the surface": {
    "of": 20
  },
  "The rabbit hopped": {
    "quick": 20
  },
  "The smell of freshly baked cookies made me": {
    "h": 20
  },
  "If you listen carefully": {
    "you": 20
  },
  "Buying a new house": {
    "is": 20
  },
  "He traced the symbol on the": {
    "paper": 20
  },
  "In the heart of the forest, a faint glow": {
    "em": 20
  },
  "The rain is falling on the": {
    "ro": 20
  },
  "I have always been fascinated by": {
    "space": 20
  },
  "Looking around the empty": {
    "room": 20
  },
  "Until we meet again": {
    "Good": 20
  },
  "As she walked away": {
    "from": 20
  },
  "The new policy will be": {
    "im": 20
  },
  "They say absence makes the heart grow fonder, but in this case": {
    "it": 20
  },
  "The problem was": {
    "s": 20
  },
  "The fragrance of freshly brewed coffee": {
    "in": 20
  },
  "And then there was silence, except": {
    "for": 20
  },
  "Reflecting on the choices I made, I wish I could have": {
    "g": 20
  },
  "I love spending time with": {
    "friends": 20
  },
  "The smell of cinnamon always reminds me": {
    "of": 20
  },
  "For the past": {
    "f": 20
  },
  "The book was so interesting that": {
    "I": 20
  },
  "The interesting fact I learned was": {
    "that": 20
  },
  "The tourists got lost because": {
    "they": 20
  },
  "She wanted to": {
    "go": 20
  },
  "Cracks formed in the dry, cracked": {
    "earth": 20
  },
  "The code on the screen suddenly": {
    "dis": 12,
    "changed": 8
  },
  "Whether or not you believe in": {
    "ghost": 20
  },
  "She felt a chill as the": {
    "c": 20
  },
  "Across the river": {
    "there": 20
  },
  "The dog that barked all night": {
    "l": 20
  },
  "The surprise party was a": {
    "hit": 20
  },
  "Due to": {
    "the": 20
  },
  "The new policy affects": {
    "employees": 2,
    "every": 18
  },
  "It's a nice day": {
    "to": 20
  },
  "Because of the unexpected delay": {
    "in": 20
  },
  "The difficult decision was": {
    "made": 20
  },
  "Laying the brick pathway": {
    "in": 18,
    "requires": 2
  },
  "I am excited for": {
    "the": 20
  },
  "They say history is written by the victors, but what about": {
    "the": 20
  },
  "The wind is blowing through the": {
    "tre": 20
  },
  "He hesitated for a moment": {
    "before": 20
  },
  "She clutched her ticket tightly, feeling": {
    "exc": 20
  },
  "If tomorrow never comes": {
    "I": 20
  },
  "The sound of children": {
    "l": 20
  },
  "Considering all the options": {
    "available": 20
  },
  "The book lay open on the table, its pages": {
    "yellow": 20
  },
  "The flowers are in the": {
    "g": 20
  },
  "The old chest's lock was rusted shut, its": {
    "contents": 20
  },
  "The question that lingered was": {
    "whether": 20
  },
  "Since the accident last year, he had been afraid to": {
    "drive": 20
  },
  "Fireworks exploded in a kaleidoscope": {
    "of": 20
  },
  "The riverbank was lined": {
    "with": 20
  },
  "While the baby slept": {
    "pe": 20
  },
  "In the glow of": {
    "the": 20
  },
  "Having finished the task": {
    "quick": 20
  },
  "She wore a red": {
    "d": 20
  },
  "She is drawing a": {
    "picture": 20
  },
  "She is wearing a blue": {
    "d": 20
  },
  "The hotel room had": {
    "a": 20
  },
  "If only I had known then what": {
    "I": 20
  },
  "If it weren't for you, I would have": {
    "died": 20
  },
  "Beneath the ancient tree": {
    "roots": 20
  },
  "The girl is jumping on the": {
    "tr": 20
  },
  "If laughter could": {
    "c": 20
  },
  "In the shadow of the tower": {
    "Lo": 20
  },
  "The house was": {
    "old": 20
  },
  "The map led to": {
    "tre": 20
  },
  "Never in all my years": {
    "Have": 20
  },
  "Even though the deadline was approaching": {
    "fast": 20
  },
  "The dog is barking at the": {
    "cat": 20
  },
  "No matter what, he always tried to": {
    "do": 20
  },
  "Before the storm arrived": {
    "the": 20
  },
  "The city at night": {
    "is": 20
  },
  "The movie was": {
    "so": 20
  },
  "The kids were very excited, and": {
    "h": 20
  },
  "The rain stopped, and the world": {
    "se": 20
  },
  "What they said was": {
    "\"": 20
  },
  "If only he had listened": {
    "to": 20
  },
  "The old photograph album held memories of": {
    "y": 20
  },
  "The flowers wilted in": {
    "the": 20
  },
  "If only it were possible to": {
    "tra": 20
  },
  "If we go": {
    "to": 20
  },
  "During the power outage that affected": {
    "the": 20
  },
  "The hotel room had a nice balcony, but": {
    "it": 20
  },
  "The old mansion had": {
    "many": 15,
    "a": 5
  },
  "Until the end": {
    "of": 20
  },
  "Wherever the trail might lead": {
    "us": 20
  },
  "She found comfort in the thought that": {
    "she": 20
  },
  "They arrived too late": {
    "to": 20
  },
  "He is running in the": {
    "park": 20
  },
  "During the long winter months when snow covered everything": {
    "outside": 20
  },
  "It was a dream so vivid that": {
    "I": 20
  },
  "The smell of fresh bread baking in the kitchen always": {
    "rem": 20
  },
  "The museum exhibit was very interactive, and": {
    "eng": 20
  },
  "If I could travel anywhere": {
    "Any": 20
  },
  "Every morning she would": {
    "w": 20
  },
  "After reviewing all the evidence": {
    "present": 20
  },
  "The new restaurant in town serves": {
    "del": 20
  },
  "While I was waiting": {
    "for": 20
  },
  "The new app requires": {
    "a": 20
  },
  "He knew deep down that he had to": {
    "face": 20
  },
  "Beyond the horizon": {
    "L": 20
  },
  "If I had more time": {
    "I": 20
  },
  "Though it was expensive": {
    "to": 20
  },
  "The sky was": {
    "blue": 20
  },
  "Memories of childhood summers flooded": {
    "back": 20
  },
  "To explain": {
    "the": 20
  },
  "The cat pounced on the": {
    "mouse": 20
  },
  "The woman wearing the red coat at the bus stop": {
    "is": 20
  },
  "Dancing in the moonlight, we felt": {
    "Alive": 20
  },
  "The best way to get to the city is": {
    "by": 20
  },
  "Before sunrise on that fateful day": {
    "mor": 20
  },
  "Leaves rustled and whispered to each other": {
    "in": 20
  },
  "The letter was sealed with a wax": {
    "Stamp": 20
  },
  "Just as the clock struck midnight": {
    "the": 20
  },
  "When everyone": {
    "arr": 20
  },
  "The way he smiled": {
    "at": 20
  },
  "Wishing I could go back": {
    "in": 20
  },
  "Once they": {
    "arr": 20
  },
  "Every time he heard that particular song": {
    "he": 20
  },
  "I wish I": {
    "could": 20
  },
  "The girl's smile was": {
    "radi": 20
  },
  "The best gift I ever received was": {
    "a": 20
  },
  "The key to the safe was hidden in": {
    "the": 20
  },
  "Whenever I think about that summer": {
    "camp": 20
  },
  "Trapped in the elevator, we discovered": {
    "a": 20
  },
  "Before the world changed": {
    "fore": 20
  },
  "As soon as the music started": {
    "play": 20
  },
  "The cold water was refreshing on": {
    "a": 20
  },
  "Although he didn\u2019t win": {
    "the": 20
  },
  "The key to the mystery was hidden in": {
    "the": 20
  },
  "The restaurant had a great selection of": {
    "d": 20
  },
  "The shadow moved before the": {
    "light": 20
  },
  "It was a journey of self-discovery that began with": {
    "a": 20
  },
  "Laughter rippled through the crowded": {
    "room": 20
  },
  "The stars twinkled in the night sky, like": {
    "d": 20
  },
  "The old man sitting on the park bench every morning always": {
    "fe": 20
  },
  "Because the power went out during the thunderstorm": {
    "last": 20
  },
  "The cave walls were covered in": {
    "gl": 20
  },
  "The wind carried the sound of": {
    "d": 20
  },
  "Shadows danced on": {
    "the": 20
  },
  "Hidden among the flowers was a secret message that read": {
    "\"": 20
  },
  "Although they had planned the trip for months": {
    "months": 20
  },
  "The keys are on the": {
    "table": 20
  },
  "The sound of the violin echoed through the empty hallway, evoking feelings of": {
    "mel": 20
  },
  "The secret passage led to": {
    "a": 20
  },
  "Across the room": {
    "I": 20
  },
  "The letter's ink had faded over time, but": {
    "the": 20
  },
  "He was six feet": {
    "t": 20
  },
  "While walking through the abandoned house": {
    "dark": 20
  },
  "To start a new business": {
    "you": 20
  },
  "The invention revolutionized the world, yet its creator": {
    "rem": 20
  },
  "I am not good at": {
    "math": 20
  },
  "The opportunity that she had been waiting for her entire life": {
    "was": 20
  },
  "The new app is available on": {
    "i": 20
  },
  "The old mirror's surface was cracked, yet": {
    "it": 20
  },
  "He had never": {
    "seen": 20
  },
  "His footsteps echoed through the": {
    "empty": 20
  },
  "Whenever they visited their grandmother's house": {
    "they": 20
  },
  "Assembling the furniture": {
    "was": 20
  },
  "Lost at sea for days, we finally spotted": {
    "land": 20
  },
  "If everything goes well": {
    "I": 20
  },
  "The boy's face lit up": {
    "with": 20
  },
  "The book lying on the table": {
    "is": 20
  },
  "The museum was closed, so": {
    "we": 20
  },
  "As the storm raged on, they heard": {
    "a": 20
  },
  "The teacher is writing on the": {
    "board": 20
  },
  "She whispered softly": {
    "\"": 20
  },
  "His paintings are characterized by": {
    "v": 20
  },
  "The baby cooed softly": {
    "as": 20
  },
  "It was a normal day until": {
    "something": 20
  },
  "Without any warning or explanation": {
    "Suddenly": 20
  },
  "He decided to leave because": {
    "he": 20
  },
  "They say a picture is worth a thousand words; this one": {
    "is": 20
  },
  "Despite the warnings": {
    "about": 20
  },
  "Before she could speak": {
    "any": 20
  },
  "The rumor mill was abuzz with speculation about": {
    "the": 20
  },
  "The new movie is": {
    "exc": 20
  },
  "Until the test results came back": {
    "negative": 20
  },
  "The clock ticked away": {
    "the": 20
  },
  "We have to cross": {
    "the": 20
  },
  "The beach was crowded, so": {
    "we": 20
  },
  "As the sun rose over the horizon, a new day dawned, bringing with it": {
    "Hope": 20
  },
  "In the dream, she was running from": {
    "a": 20
  },
  "If I had a million dollars, I would": {
    "tra": 20
  },
  "The cat sat on the": {
    "mat": 20
  },
  "He realized": {
    "that": 20
  },
  "The best part of my day was": {
    "e": 20
  },
  "The dog chased its": {
    "tail": 20
  },
  "The company will be successful if": {
    "it": 20
  },
  "The package was delivered to": {
    "the": 20
  },
  "The door swung open to reveal": {
    "a": 20
  },
  "They say a leopard can't change its spots, but what about": {
    "a": 20
  },
  "Pride swelled in her chest as": {
    "she": 20
  },
  "The lighthouse warned": {
    "ships": 20
  },
  "Morning light sparkled across": {
    "the": 20
  },
  "The new restaurant is": {
    "open": 20
  },
  "The riddle hinted at a treasure hidden in": {
    "the": 20
  },
  "The house on the hill": {
    "is": 20
  },
  "The painting revealed": {
    "a": 20
  },
  "Trying to remember": {
    "the": 20
  },
  "The cat's fur was soft": {
    "and": 20
  },
  "The wind blew through": {
    "the": 20
  },
  "After finishing his homework": {
    "he": 20
  },
  "Considering all the obstacles we faced": {
    "we": 20
  },
  "Since the company relocated to": {
    "the": 20
  },
  "If I were taller": {
    "I": 20
  },
  "If shadows could speak": {
    "they": 20
  },
  "Since the store was closed": {
    "today": 20
  },
  "In front of": {
    "of": 20
  },
  "Because she was": {
    "t": 20
  },
  "While they were arguing": {
    "about": 20
  },
  "Even though he apologized": {
    "s": 20
  },
  "The package contained": {
    "a": 20
  },
  "By the time I arrived, they": {
    "had": 20
  },
  "The old clock stopped ticking at exactly": {
    "mid": 20
  },
  "Every morning at exactly 6:30, the neighbor would": {
    "walk": 20
  },
  "Once they got into": {
    "the": 20
  },
  "Whenever the phone rings": {
    "I": 20
  },
  "When the lights suddenly went out": {
    "dark": 20
  },
  "The old locket held a tiny portrait of": {
    "her": 20
  },
  "The silence broken": {
    "by": 20
  },
  "Because nobody had lived in the house for decades": {
    "it": 20
  },
  "The fireflies danced": {
    "in": 20
  }
}