{
  "The taste of the homemade bread reminded him of": {
    "##": 11,
    "It": 1,
    "This": 6,
    "his": 2
  },
  "The rain stopped, and the world": {
    "...": 19,
    "was": 1
  },
  "The music fading away": {
    "The": 12,
    "A": 5,
    "It": 3
  },
  "We have to cross": {
    "It": 17,
    "...": 3
  },
  "Wherever the trail might lead": {
    "It": 2,
    "Sounds": 8,
    "I": 2,
    "\"": 2,
    "The": 5,
    "...": 1
  },
  "The sound of the violin haunted the": {
    "...": 8,
    "corn": 9,
    "old": 2,
    "sil": 1
  },
  "Since the accident last year, he had been afraid to": {
    "##": 11,
    "drive": 6,
    "Since": 3
  },
  "Walking home alone, I sensed someone following": {
    "That": 14,
    "That's": 2,
    "If": 3,
    "As": 1
  },
  "Before leaving, make sure you": {
    "It": 20
  },
  "The best vacation I ever had was": {
    "I'd": 16,
    "...": 1,
    "I'm": 3
  },
  "The new restaurant is": {
    "It": 20
  },
  "The test was harder than": {
    "##": 8,
    "it": 12
  },
  "The smell of fresh bread baking in the kitchen always": {
    "makes": 6,
    "...": 14
  },
  "She promised herself that she would never again": {
    "...": 20
  },
  "The final page": {
    "THE": 20
  },
  "The city was very noisy, and": {
    "it": 11,
    "...": 4,
    "the": 4
  },
  "In case you forgot": {
    "This": 11,
    "I": 6
  },
  "As the storm raged on, they heard": {
    "a": 15
  },
  "The letter arrived with": {
    "##": 17,
    "a": 3
  },
  "The challenging puzzle was": {
    "It": 20
  },
  "The new employee is very": {
    "It": 18
  },
  "For the past": {
    "It": 20
  },
  "The stars shining brightly": {
    "The": 5,
    "What": 8,
    "...": 3,
    "ev": 1,
    "In": 3
  },
  "She closed her eyes": {
    "and": 20
  },
  "The concert was amazing, especially": {
    "It": 11,
    "I'm": 1
  },
  "The car is parked in the": {
    "It": 7
  },
  "Beyond the mountains where nobody": {
    "It": 7,
    "...": 3
  },
  "When I woke up": {
    "It": 20
  },
  "The bus driver yelled": {
    "...": 17,
    "\"": 3
  },
  "Although the rain poured down": {
    "...": 7,
    "It": 9,
    "Although": 2,
    "it": 2
  },
  "As the train pulled out of the station, I realized": {
    "I": 19,
    "I'd": 1
  },
  "Trapped in the elevator, we discovered": {
    "A": 1,
    "a": 4,
    "...": 15
  },
  "Shadows crept across the walls": {
    "as": 13,
    "As": 5
  },
  "As the clock struck midnight, the": {
    "fire": 17,
    "castle": 2
  },
  "The new employee has": {
    "It": 20
  },
  "Considering all the obstacles we faced": {
    "It": 4,
    "Considering": 6,
    "This": 2
  },
  "It was a love story for the ages, but fate had other plans when": {
    "their": 9,
    "the": 2,
    "S": 1,
    "it": 1
  },
  "If you believe in yourself": {
    "The": 1,
    "Bel": 16,
    "...": 1,
    "\"": 1
  },
  "The girl's voice trembled": {
    "as": 19,
    "That": 1
  },
  "The rest of the class": {
    "It": 20
  },
  "It was a friendship that transcended social boundaries, and together they": {
    "It": 12,
    "...": 8
  },
  "His footsteps echoed through the": {
    "empty": 15,
    "hall": 4,
    "des": 1
  },
  "Even though he apologized": {
    "It": 20
  },
  "The old man sitting on the park bench every morning always": {
    "w": 7,
    "The": 2,
    "...": 1,
    "look": 1
  },
  "The new app is": {
    "It": 14
  },
  "If I could rewrite": {
    "If": 11,
    "It": 8,
    "...": 1
  },
  "During the long winter months when snow covered everything": {
    "it": 4,
    "It": 16
  },
  "The sound of footsteps echoed through": {
    "the": 20
  },
  "Lost in thought": {
    "Being": 9,
    "It": 10,
    "The": 1
  },
  "The dog is barking at the": {
    "mail": 10,
    "It": 9
  },
  "The wind carried the sound of": {
    "It": 6,
    "##": 7,
    "...": 1,
    "dist": 2,
    "se": 1,
    "la": 1,
    "rust": 1,
    "wh": 1
  },
  "Across the field, there": {
    "Runs": 2,
    "...": 10,
    "Is": 3,
    "is": 3
  },
  "The old map revealed a hidden treasure": {
    "As": 5,
    "that": 1,
    "Sud": 1,
    "It": 1,
    "The": 1,
    "What": 1,
    "Intr": 1,
    "That's": 1,
    "...": 1
  },
  "The painting revealed": {
    "It": 16,
    "a": 1,
    "...": 2,
    "The": 1
  },
  "Locked away in the attic was a forgotten memory from": {
    "child": 20
  },
  "The book that everyone had been talking about turned out to be": {
    "##": 19,
    "a": 1
  },
  "Because the power went out during the thunderstorm": {
    "It": 15
  },
  "The restaurant was very busy, and": {
    "...": 9,
    "the": 8
  },
  "The new hotel is": {
    "being": 4,
    "the": 2,
    "Inter": 1,
    ".....": 2,
    "The": 1,
    "is": 1,
    "...": 5,
    "It": 1,
    "....": 1,
    "located": 1,
    "This": 1
  },
  "Under the starlit sky, she discovered": {
    "a": 20
  },
  "The sun was setting": {
    "over": 7,
    "As": 2,
    "Over": 2,
    "...": 1,
    "and": 1
  },
  "The smell of freshly baked": {
    "bread": 2,
    "...": 17
  },
  "The music, soft and haunting, made her feel": {
    "like": 12,
    "...": 7
  },
  "He had never": {
    "seen": 12
  },
  "He couldn't believe his eyes when": {
    "he": 20
  },
  "The tourists got lost because": {
    "##": 20
  },
  "The bird soaring high": {
    "A": 2,
    "What": 14,
    "The": 3,
    "In": 1
  },
  "The fish is swimming in the": {
    "water": 19
  },
  "The monument was impressive, but": {
    "it": 18
  },
  "Even though it was late": {
    "...": 7,
    "It": 13
  },
  "After finishing his homework": {
    "...": 20
  },
  "Her favorite book was": {
    "It": 20
  },
  "She played the piano all": {
    "I": 9,
    "It": 2,
    "...": 7,
    "night": 2
  },
  "Even if it\u2019s difficult": {
    "I": 3,
    "Even": 14,
    "It": 3
  },
  "The message written in": {
    "It": 20
  },
  "It's a nice day": {
    "Is": 18,
    "It": 1,
    "I'm": 1
  },
  "Because I was nervous": {
    "It": 14,
    "Being": 5,
    "That": 1
  },
  "Unless we find another solution": {
    "It": 20
  },
  "The package was delivered to": {
    "It": 1,
    "the": 10,
    "The": 3
  },
  "As soon as it stopped raining": {
    "As": 13,
    "...": 4
  },
  "Though it was expensive": {
    "It": 20
  },
  "The sound of the waves crashing on the shore was": {
    "...": 20
  },
  "Knowing he was right": {
    "The": 18,
    "It": 2
  },
  "Despite her fear": {
    "of": 17,
    "It": 3
  },
  "She needed something": {
    "It": 9,
    "...": 9,
    "to": 2
  },
  "She dreamed of a place where": {
    "...": 20
  },
  "Once they got into": {
    "It": 20
  },
  "The old mansion had": {
    "been": 19
  },
  "She had to": {
    "go": 13,
    "It": 3
  },
  "Because everyone had different opinions about": {
    "It": 15,
    "...": 4
  },
  "Without warning, the": {
    "It": 20
  },
  "The silence broken": {
    "by": 4,
    "The": 7,
    "...": 2,
    "It": 4,
    "\"The": 1,
    "\"": 1,
    "By": 1
  },
  "It was a journey of self-discovery that began with": {
    "a": 3,
    "...": 12,
    "It": 5
  },
  "Understanding the language": {
    "Understanding": 20
  },
  "The last time I saw her, she was": {
    "It": 10,
    "sad": 1,
    "Sm": 1,
    "...": 7,
    "heading": 1
  },
  "The new employee was very nervous on his first day because": {
    "##": 19
  },
  "The old man's eyes": {
    "The": 5,
    "\"The": 3,
    "\"": 1
  },
  "Among the trees, there was": {
    "##": 18,
    "Among": 2
  },
  "Assembling the furniture": {
    "The": 20
  },
  "They would have": {
    "It": 20
  },
  "By the time I arrived, they": {
    "had": 20
  },
  "I need to buy some": {
    "It": 20
  },
  "While cooking dinner": {
    "Here": 5,
    "The": 11,
    "the": 2,
    "Cook": 2
  },
  "Without hesitation": {
    "I'm": 16,
    "Without": 2,
    "I": 2
  },
  "Until they found": {
    "It": 14,
    "the": 1,
    "it": 2,
    "...": 3
  },
  "The amazing view from the top was": {
    "...": 13,
    "It": 2,
    "A": 1,
    "##": 1
  },
  "The teacher asked the students to": {
    "It": 15,
    "...": 4
  },
  "While examining the curious artifact": {
    "It": 13,
    "As": 6,
    "You": 1
  },
  "The sound of footsteps": {
    "The": 20
  },
  "Forgotten in the drawer": {
    "The": 20
  },
  "Lost at sea for days, we finally spotted": {
    "...": 20
  },
  "The key to the mystery was hidden in": {
    "...": 20
  },
  "The movie was": {
    "It": 20
  },
  "The city was beautiful, but": {
    "...": 11,
    "it": 9
  },
  "The witness remained silent, but their expression betrayed": {
    "...": 14,
    "their": 6
  },
  "Although we wanted": {
    "It": 18,
    "it": 2
  },
  "The teacher is explaining the": {
    "It": 13,
    "...": 5
  },
  "As soon as the music started": {
    "...": 19
  },
  "The best time to visit is": {
    "the": 13,
    "There": 5,
    "It": 2
  },
  "The difficult journey was worth it because": {
    "the": 11,
    "The": 2,
    "##": 5
  },
  "The old man\u2019s warning about the": {
    "It": 19
  },
  "Since it\u2019s your birthday": {
    "I": 2,
    "I'm": 18
  },
  "With a sigh of relief": {
    "...": 20
  },
  "Before she could speak": {
    "I'd": 2,
    "it": 10,
    "...": 4,
    "I": 3,
    "or": 1
  },
  "The delicious cake was made by": {
    "It": 20
  },
  "Before the meeting could officially begin": {
    "se": 3,
    "Here": 15,
    "The": 1
  },
  "Whenever you feel lonely, just remember": {
    "It": 6,
    "That": 7,
    "I'm": 1,
    "I": 1
  },
  "The child with the balloon": {
    "What": 4,
    "The": 12,
    "A": 3,
    "You're": 1
  },
  "The teacher asked": {
    "It": 20
  },
  "Waiting patiently in the shadows, I watched as": {
    "the": 19
  },
  "To start a new business": {
    "Starting": 13,
    "The": 2
  },
  "Meditation can bring inner": {
    "The": 14,
    "##": 6
  },
  "The new app requires": {
    "It": 17,
    "...": 1
  },
  "Because of the traffic jam": {
    "It": 7,
    "it": 7,
    "Because": 6
  },
  "The man is working on the": {
    "It": 20
  },
  "Over the rainbow": {
    "A": 11,
    "\"": 1,
    "One": 1
  },
  "Behind the waterfall": {
    "Behind": 2,
    "The": 15
  },
  "The letter was sealed with a wax": {
    "That's": 15,
    "That": 2,
    "The": 1,
    "...": 2
  },
  "Although many thought it": {
    "It": 8,
    "...": 7,
    "was": 5
  },
  "Depending on the weather": {
    "it": 4,
    "Here": 4,
    "It": 4,
    "Depending": 3
  },
  "I couldn\u2019t": {
    "It": 20
  },
  "As I walked through": {
    "...": 9,
    "It": 5,
    "the": 1
  },
  "The teacher's words echoed": {
    "in": 20
  },
  "The book's pages were yellowed with age": {
    "That's": 10,
    "The": 6,
    "A": 1,
    "What": 1
  },
  "Reading is one of": {
    "the": 10,
    "Reading": 6,
    "...": 4
  },
  "The wind whispered ancient secrets to": {
    "the": 13
  },
  "The story was": {
    "It": 16,
    "it": 2
  },
  "He wished he could have said": {
    "...": 4,
    "\"He": 2,
    "It": 8,
    "that": 1,
    "\"It": 1,
    "things": 1
  },
  "The old locket held a tiny portrait of": {
    "a": 15,
    "...": 5
  },
  "Leaves rustled and whispered to each other": {
    "What": 3,
    "as": 9,
    "As": 3,
    "...": 2,
    "in": 3
  },
  "A solitary sigh drifted through": {
    "the": 18
  },
  "I love reading books about": {
    "It": 20
  },
  "She wore a red": {
    "D": 14,
    "...": 6
  },
  "The lighthouse warned": {
    "ships": 17
  },
  "Because she forgot her keys": {
    "It": 17
  },
  "She walked into the room and saw": {
    "him": 20
  },
  "The hotel staff was very helpful, and": {
    "...": 20
  },
  "Because the weather forecast predicted severe storms": {
    "It": 19,
    "Is": 1
  },
  "To explain": {
    "It": 17
  },
  "Inside the book": {
    "It": 8,
    "What": 1,
    "There": 1,
    "The": 3,
    "You're": 1,
    "I": 1,
    "I'm": 1
  },
  "I was late because": {
    "traffic": 6,
    "I": 2,
    "You": 4,
    "It": 5,
    "it": 1,
    "...": 1,
    "This": 1
  },
  "The door opened": {
    "and": 20
  },
  "They say a leopard can't change its spots, but what about": {
    "...": 7
  },
  "The stars twinkled in the night sky, like": {
    "d": 19,
    "diamond": 1
  },
  "The decision to quit her job after ten years was": {
    "##": 20
  },
  "She whispered softly": {
    "\"...": 16,
    "\"": 2,
    "...": 2
  },
  "The best part about summer is": {
    "The": 1,
    "There": 6,
    "...": 2,
    "I": 1,
    "having": 1
  },
  "The smell of freshly cut": {
    "grass": 12,
    "...": 3
  },
  "The weather was": {
    "It": 3,
    "...": 10
  },
  "It all began with a simple mistake, which led to": {
    "...": 8,
    "a": 9
  },
  "When the music stopped": {
    "It": 9,
    "...": 11
  },
  "When nobody was watching": {
    "The": 12,
    "...": 7
  },
  "Dancing in the moonlight, we felt": {
    "...": 19
  },
  "In the middle of the night, a": {
    "...": 9,
    "It": 11
  },
  "The city was very crowded, and": {
    "it": 16,
    "the": 1
  },
  "The clock struck midnight as": {
    "the": 20
  },
  "He stumbled upon an hidden": {
    "It": 19
  },
  "Although the path was difficult": {
    "...": 8,
    "Although": 10,
    "It": 2
  },
  "Through the foggy window": {
    "...": 5,
    "I": 9,
    "of": 6
  },
  "In spite of everything": {
    "The": 11,
    "A": 5,
    "\"In": 3
  },
  "It started as a hobby, but soon became an obsession for": {
    "...": 17
  },
  "The letter arrived, and with it came": {
    "...": 20
  },
  "Floating down the river, we spotted": {
    "a": 20
  },
  "The sound of a distant owl hooting": {
    "*": 10,
    "H": 10
  },
  "Seeing that there was no alternative": {
    "It": 17
  },
  "The museum was closed, so": {
    "...": 15,
    "it": 5
  },
  "Although many researchers have attempted to": {
    "It": 16,
    "...": 4
  },
  "To achieve": {
    "It": 20
  },
  "After the rain stopped": {
    "The": 18,
    "the": 2
  },
  "She didn\u2019t": {
    "It": 8
  },
  "Holding her breath": {
    "The": 17
  },
  "Small rocks crunched beneath": {
    "my": 20
  },
  "The concert was very loud, and": {
    "it": 11,
    "I": 5,
    "...": 2,
    "the": 1,
    "As": 1
  },
  "Cutting down a tree": {
    "Cut": 20
  },
  "Over the distant hills": {
    "of": 6,
    "...": 11,
    "\"": 1,
    "Over": 2
  },
  "Learning about different cultures": {
    "Learning": 20
  },
  "The children are playing in the": {
    "park": 20
  },
  "Her favorite type of music": {
    "It": 14,
    "Is": 2,
    "Her": 3,
    "I'm": 1
  },
  "The painting on the wall seemed to": {
    "...": 20
  },
  "The stars shone brightly": {
    "in": 20
  },
  "Beneath the cracked pavement": {
    "A": 2,
    "I": 14,
    "B": 4
  },
  "Although the recipe seemed simple enough": {
    "It": 12
  },
  "While walking through the park": {
    "it": 4,
    "It": 4,
    "I": 5,
    "The": 5
  },
  "The beautiful painting was created by": {
    "##": 17,
    "the": 2,
    "The": 1
  },
  "The diary hidden beneath the floorboards contained secrets that": {
    "had": 20
  },
  "The city was so": {
    "...": 4,
    "It": 16
  },
  "The candle's flame danced in the breeze": {
    "That's": 6,
    "...": 6,
    "What": 2,
    "The": 3,
    "As": 3
  },
  "The company will be closed on": {
    "It": 20
  },
  "The flickering candlelight cast strange shadows on": {
    "the": 20
  },
  "When she opened the door to her childhood bedroom": {
    "a": 17,
    "the": 1,
    "...": 2
  },
  "The plan failed": {
    "I": 8,
    "The": 2,
    "It": 7
  },
  "If we keep going this way": {
    "It": 8
  },
  "With a loud voice": {
    "I": 5,
    "OK": 2,
    "YOU": 4,
    "WITH": 3,
    "**": 1
  },
  "While the rain poured": {
    "...": 6,
    "down": 14
  },
  "The ancient map led them to": {
    "a": 20
  },
  "The sound of laughter filled the": {
    "air": 18,
    "room": 2
  },
  "Looking around the empty": {
    "It": 20
  },
  "The city is famous for its": {
    "The": 15,
    "the": 1,
    "\u041f\u043e": 2,
    "It": 1,
    "This": 1
  },
  "Because of their": {
    "It": 20
  },
  "The keys are on the": {
    "table": 18,
    "It": 1
  },
  "Though many years had passed since": {
    "it": 8,
    "...": 5
  },
  "The bus is coming from the": {
    "the": 5,
    "It": 11,
    "The": 2,
    "it": 2
  },
  "Snowflakes gently fell on her": {
    "face": 14,
    "...": 5,
    "as": 1
  },
  "At the edge of the cliff, she saw": {
    "the": 9,
    "a": 8
  },
  "The house on the hill": {
    "The": 14
  },
  "While the baby slept": {
    "...": 12,
    "It": 3,
    "I": 1,
    "the": 1,
    "A": 2,
    "The": 1
  },
  "In the attic, hidden": {
    "It": 8,
    "...": 11
  },
  "He stood there, wondering": {
    "what": 20
  },
  "Despite his best efforts to": {
    "...": 15
  },
  "It was a gamble, but the payoff could be enormous if": {
    "it": 20
  },
  "The wind blew through": {
    "the": 14,
    "...": 2
  },
  "Despite the warnings, I ventured into": {
    "the": 19
  },
  "The old photograph album held memories of": {
    "##": 12
  },
  "Although she tried hard": {
    "It": 13,
    "...": 7
  },
  "Because she was": {
    "It": 3
  },
  "The park was beautiful, but": {
    "...": 9,
    "it": 11
  },
  "The cold water was refreshing on": {
    "a": 18,
    "my": 2
  },
  "Where the river meets the": {
    "...": 20
  },
  "When the rain started falling heavily on the old wooden roof": {
    "It": 9,
    "of": 4,
    "The": 4,
    "When": 3
  },
  "Without any fear": {
    "Without": 2,
    "The": 3,
    "F": 1,
    "Here": 1,
    "\"": 1,
    "...": 5,
    "Here's": 2,
    "What": 1,
    "Being": 1,
    "or": 2,
    "I": 1
  },
  "A single drop of": {
    "It": 17,
    "##": 3
  },
  "They also decided": {
    "It": 20
  },
  "The invention revolutionized the world, yet its creator": {
    "The": 13,
    "##": 3,
    "is": 4
  },
  "The scent of roses filled the garden as": {
    "the": 17
  },
  "The severity of": {
    "It": 9
  },
  "Though tired, they continued to": {
    "##": 18,
    "work": 1
  },
  "The sun was setting slowly over": {
    "the": 9
  },
  "I am excited for": {
    "It": 13,
    "I'm": 7
  },
  "The park was very peaceful, and": {
    "the": 16
  },
  "The old photograph showed": {
    "##": 20
  },
  "Besides the obvious problems with": {
    "It": 18
  },
  "Although it was late": {
    "It": 8,
    "Although": 4,
    "...": 6
  },
  "The key fit perfectly into the": {
    "lock": 20
  },
  "Just as the clock struck midnight": {
    "...": 20
  },
  "As soon as the door opened": {
    "...": 20
  },
  "The cat chased": {
    "the": 16,
    "...": 4
  },
  "The concert was amazing, but": {
    "I'm": 4,
    "it": 12,
    "It": 4
  },
  "Every morning she would": {
    "...": 20
  },
  "While she was": {
    "It": 20
  },
  "Unlike her sister who always": {
    "...": 16,
    "se": 4
  },
  "The boy is riding his": {
    "It": 18,
    "bike": 2
  },
  "Around the campfire": {
    "The": 18
  },
  "When I finish": {
    "It": 13
  },
  "They say a picture is worth a thousand words; this one": {
    "...": 7,
    "I'm": 2,
    "It": 7,
    "I": 4
  },
  "Flowers were her favorite": {
    "That": 2,
    "Flow": 1,
    "That's": 17
  },
  "She is singing a": {
    "It": 15,
    "song": 5
  },
  "The letter from her grandmother, which she had kept for years": {
    "Here": 4,
    "It": 13,
    "The": 3
  },
  "If I could go back in time": {
    "The": 5,
    "If": 11,
    "What": 4
  },
  "If I could change one thing, it would be": {
    "a": 3,
    "It": 8,
    "If": 3,
    "What": 2,
    "the": 1,
    "...": 2
  },
  "Because the old clock tower hadn't chimed in years": {
    "...": 17,
    "I": 3
  },
  "In front of": {
    "It": 11
  },
  "The museum exhibit was very interactive, and": {
    "...": 4,
    "I": 8,
    "it": 8
  },
  "The new restaurant in town serves": {
    "This": 13
  },
  "She smiled mysteriously": {
    "...": 9,
    "As": 3,
    "and": 6
  },
  "Hidden deep within the cave was a treasure unlike any other, guarded by": {
    "a": 20
  },
  "He hesitated for a moment": {
    "...": 10
  },
  "The company is looking for someone who": {
    "It": 14
  },
  "The camera captured": {
    "the": 3,
    "a": 1
  },
  "The child drew": {
    "a": 20
  },
  "Supposing we were to arrive early": {
    "If": 16,
    "Sup": 2,
    "Assuming": 2
  },
  "He couldn\u2019t believe": {
    "his": 20
  },
  "While walking through the abandoned house": {
    "The": 5,
    "I": 7,
    "As": 8
  },
  "Before sunrise on that fateful day": {
    "...": 4,
    "It": 16
  },
  "Driven by curiosity": {
    "Cur": 16,
    "The": 4
  },
  "The fireflies danced": {
    "in": 8,
    "...": 12
  },
  "Whenever he visits": {
    "It": 20
  },
  "Whenever the phone rings": {
    "It": 19,
    "...": 1
  },
  "They arrived too late": {
    "It": 17,
    "That": 3
  },
  "The door slammed shut": {
    "and": 16,
    "The": 3,
    "...": 1
  },
  "The key under the mat": {
    "The": 6,
    "A": 4,
    "You're": 6,
    "You": 3
  },
  "The most important lesson he learned was": {
    "It": 6,
    "the": 5
  },
  "The birds chirping loudly": {
    "What": 3,
    "in": 1,
    "I": 1,
    "and": 1,
    "The": 2,
    "is": 1
  },
  "She felt a chill as the": {
    "dark": 20
  },
  "The weather is": {
    "it": 9,
    "It": 8,
    "I'm": 2,
    "sun": 1
  },
  "After the storm had finally passed": {
    "the": 8,
    "The": 12
  },
  "The phone rang, startling": {
    "Emily": 20
  },
  "When I got home, I realized I had forgotten to": {
    "...": 20
  },
  "The new software is compatible with": {
    "Windows": 4,
    "the": 1,
    "multiple": 2
  },
  "The mysterious letter arrived": {
    "...": 7,
    "It": 9
  },
  "The feeling of being lost": {
    "The": 20
  },
  "He decided to leave because": {
    "It": 16,
    "He": 4
  },
  "The beach was crowded, so": {
    "...": 10,
    "it": 10
  },
  "As soon as": {
    "It": 20
  },
  "Running down the street": {
    "You": 1,
    "...": 3,
    "It": 12,
    "I": 1,
    "The": 1,
    "Sounds": 1,
    "As": 1
  },
  "While I was waiting": {
    "It": 20
  },
  "The old car made a loud": {
    "...": 16,
    "noise": 4
  },
  "The best part of the day was when": {
    "You're": 1,
    "It": 2,
    "it": 9,
    "You": 2,
    "...": 4,
    "This": 2
  },
  "The riddle hinted at a treasure hidden in": {
    "A": 13,
    "The": 1,
    "a": 3,
    "It": 2,
    "the": 1
  },
  "Without any warning": {
    "...": 2,
    "It": 5,
    "The": 8,
    "I": 3,
    "Sud": 2
  },
  "In the quiet village, a rumor spread about": {
    "a": 17,
    "...": 3
  },
  "The hotel room was too small, and": {
    "...": 18,
    "the": 2
  },
  "As she walked away": {
    "A": 3,
    "I": 3,
    "...": 2,
    "The": 2,
    "It": 3
  },
  "The photograph in the album showed": {
    "##": 17
  },
  "The city was very expensive, and": {
    "it": 20
  },
  "The missing piece to the puzzle was found in an unlikely place\u2014under": {
    "the": 17,
    "a": 3
  },
  "The meeting will be held at": {
    "It": 20
  },
  "The wind carried a faint": {
    "...": 10,
    "s": 3,
    "mel": 1,
    "wh": 1
  },
  "The friendship that had lasted since childhood was now": {
    "##": 20
  },
  "I have always wanted to visit": {
    "There": 5,
    "I": 4,
    "It": 4,
    "It's": 1,
    "I'm": 3,
    "You've": 1,
    "That's": 1,
    "I'd": 1
  },
  "She whispered the secret": {
    "...": 17
  },
  "He told her to calm down": {
    "A": 10
  },
  "We'll meet at the corner of": {
    "It": 20
  },
  "Trying to remember": {
    "It": 17,
    "Trying": 3
  },
  "When the lights went out, we": {
    "...": 15,
    "lit": 1,
    "wait": 4
  },
  "While everyone was distracted": {
    "It": 20
  },
  "I need to finish": {
    "It": 20
  },
  "Because he forgot the keys": {
    "It": 14,
    "This": 3,
    "I": 3
  },
  "In the stillness of the night": {
    "...": 20
  },
  "The new movie is directed by": {
    "It": 12,
    "Who": 1,
    "the": 2,
    "To": 3,
    "The": 2
  },
  "The new game is rated": {
    "It": 20
  },
  "The car broke down": {
    "I'm": 5,
    "That's": 5,
    "That": 7,
    "Sorry": 2
  },
  "Planning the perfect wedding": {
    "Planning": 17,
    "The": 3
  },
  "Considering all the options": {
    "It": 2,
    "I'm": 18
  },
  "Without looking back": {
    "It": 19,
    "...": 1
  },
  "The sound of the waves": {
    "The": 20
  },
  "Unable to believe his eyes": {
    "Here's": 2,
    "The": 8,
    "...": 3,
    "As": 1,
    "It": 6
  },
  "After the meeting ended": {
    "After": 7,
    "It": 7,
    "Here": 6
  },
  "The room was silent except": {
    "for": 5
  },
  "The snow is covering the": {
    "...": 11,
    "ground": 4,
    "It": 4
  },
  "He remembered": {
    "The": 5,
    "the": 15
  },
  "The old man sat by the fire, remembering": {
    "the": 20
  },
  "They went to the": {
    "store": 20
  },
  "On her first day": {
    "...": 10,
    "It": 8,
    "of": 2
  },
  "Inside the box": {
    "The": 2,
    "I": 8,
    "A": 5,
    "I'm": 1,
    "What": 2,
    "I'd": 2
  },
  "Before the game started": {
    "It": 20
  },
  "The sound of a distant train whistle": {
    "*": 17,
    "The": 3
  },
  "As soon as the sun set behind the hills": {
    "...": 9,
    "It": 2,
    "As": 9
  },
  "She whispered a secret that": {
    "only": 20
  },
  "After the movie ended": {
    "It": 11,
    "...": 4,
    "The": 5
  },
  "The sound of waves crashing against the": {
    "shore": 3,
    "...": 17
  },
  "The room was": {
    "...": 20
  },
  "Forgotten treasures lay hidden within": {
    "...": 8,
    "the": 12
  },
  "If I could travel": {
    "If": 20
  },
  "He paused, as if about to say something, but then": {
    "...": 13,
    "his": 7
  },
  "The clock struck midnight": {
    "and": 12,
    "...": 6,
    "As": 2
  },
  "If tomorrow never comes": {
    "The": 10,
    "\"If": 6,
    "A": 4
  },
  "The interesting fact I learned was": {
    "It": 20
  },
  "The rain is falling on the": {
    "The": 16,
    "It": 3,
    "U": 1
  },
  "In the event that": {
    "It": 20
  },
  "It was a risky move, but": {
    "it": 12,
    "...": 8
  },
  "The dog is playing with a": {
    "ball": 20
  },
  "Before the concert starts": {
    "Here": 14,
    "The": 2,
    "It": 3
  },
  "The boy's face lit up": {
    "with": 15
  },
  "The best way to get to the city is": {
    "to": 1,
    "by": 7,
    "there": 3,
    "1": 3,
    "##": 4,
    "depending": 1,
    "There": 1
  },
  "The new employee is": {
    "It": 16,
    "new": 1,
    "exc": 1,
    "Here": 1,
    "The": 1
  },
  "The key unlocked": {
    "The": 11,
    "...": 8,
    "It": 1
  },
  "The firelight flickered": {
    "and": 16,
    "across": 4
  },
  "The scientist\u2019s experiment went wrong when": {
    "##": 20
  },
  "The car that had been parked outside for weeks finally": {
    "...": 12,
    "had": 8
  },
  "The flowers wilted in": {
    "the": 20
  },
  "Realizing the truth": {
    "The": 19,
    "\"": 1
  },
  "The map led to": {
    "The": 2,
    "the": 11,
    "It": 5,
    "This": 2
  },
  "Waking up at dawn": {
    "W": 9,
    "The": 11
  },
  "It was a puzzle that defied all attempts at a solution, until": {
    "...": 20
  },
  "Because the lights were off": {
    "It": 20
  },
  "The restaurant had a great selection of": {
    "It": 17,
    "w": 2,
    "Here": 1
  },
  "She walked to the": {
    "door": 13,
    "...": 6,
    "store": 1
  },
  "The old woman's eyes held a twinkle of": {
    "m": 16,
    "mis": 3,
    "...": 1
  },
  "The funniest moment of my life was": {
    "I'm": 20
  },
  "The old chest contained treasures that": {
    "had": 8,
    "spark": 8,
    "gl": 2,
    "##": 2
  },
  "Silent tears streamed down her cheeks": {
    "The": 5,
    "As": 9,
    "as": 6
  },
  "The one thing I regret is": {
    "The": 5,
    "Not": 3,
    "It": 6,
    "not": 1,
    "Comple": 1,
    "...": 4
  },
  "The city was filled": {
    "...": 16,
    "with": 4
  },
  "The river flowed gently": {
    "down": 9,
    "through": 6,
    "That's": 1,
    "The": 2,
    "...": 1
  },
  "Looking out the window": {
    "The": 20
  },
  "I think": {
    "I": 9,
    "It": 11
  },
  "Before she knew it": {
    "...": 18
  },
  "As the fireworks lit up the sky, he": {
    "stood": 2,
    "turn": 2,
    "...": 6,
    "grab": 9,
    "felt": 1
  },
  "When I opened the door": {
    "It": 19
  },
  "The bird is building a": {
    "The": 17,
    "...": 3
  },
  "The hotel room was": {
    "It": 6,
    "small": 9,
    "...": 1
  },
  "Because of the unexpected delay": {
    "It": 20
  },
  "The new app is available on": {
    "It": 12,
    "-": 5,
    "Google": 2,
    "The": 1
  },
  "The cake is in the": {
    "...": 20
  },
  "The news was so shocking that": {
    "It": 20
  },
  "She whispered a secret": {
    "...": 17,
    "In": 1,
    "As": 1,
    "to": 1
  },
  "He is eating a": {
    "sand": 19
  },
  "It was a dream so vivid that": {
    "It": 13,
    "I": 1,
    "it": 4
  },
  "Through the foggy glass": {
    "\"": 7,
    "of": 4,
    "...": 1,
    "I": 7
  },
  "The difficult decision was": {
    "not": 4,
    "\"": 1,
    "It": 1,
    "made": 10,
    "...": 1,
    "making": 1,
    "whether": 1,
    "I": 1
  },
  "The stars twinkled in": {
    "the": 20
  },
  "The movie starts at": {
    "It": 20
  },
  "The candle flickered in the darkness, casting": {
    "e": 12,
    "f": 8
  },
  "Including the": {
    "It": 20
  },
  "As well": {
    "It": 20
  },
  "The flowers bloomed in": {
    "the": 20
  },
  "The unexpected visitor brought with him": {
    "It": 15,
    "##": 5
  },
  "Around the corner": {
    "What": 2,
    "...": 3,
    "There": 2,
    "Around": 6,
    "A": 4,
    "From": 1,
    "It": 2
  },
  "The old man sat by the": {
    "window": 2,
    "...": 14,
    "fire": 4
  },
  "The last time I saw": {
    "It": 20
  },
  "As the teacher walked": {
    "into": 20
  },
  "Until someone comes forward with": {
    "It": 20
  },
  "He bought a new": {
    "It": 12,
    "car": 6,
    "bike": 2
  },
  "Managing the finances": {
    "Managing": 20
  },
  "The old locket contained a lock of hair": {
    "That's": 16,
    "A": 3,
    "What": 1
  },
  "No matter what, he always tried to": {
    "look": 16,
    "make": 4
  },
  "Carrying her books to school": {
    "is": 14,
    "The": 2,
    "Car": 2
  },
  "The restaurant was closed, so": {
    "...": 16,
    "it": 4
  },
  "The letter she never sent": {
    "The": 13,
    "What": 1
  },
  "The new course covers": {
    "It": 18
  },
  "After waiting in line for over two hours": {
    "Fr": 4,
    "It": 7,
    "I": 3,
    "Waiting": 2,
    "...": 4
  },
  "The tree that had stood in their backyard for fifty years": {
    "had": 20
  },
  "I remember": {
    "What": 2,
    "It": 16,
    "Mem": 2
  },
  "The reason I love this book is": {
    "It": 20
  },
  "The recipe called for": {
    "...": 5,
    "It": 5
  },
  "The song that played": {
    "This": 13,
    "It": 2
  },
  "The dog's tail wagged": {
    "...": 17,
    "As": 2,
    "The": 1
  },
  "The room was dark and": {
    "silent": 17,
    "...": 1,
    "quiet": 2
  },
  "The sound of laughter filled the air as": {
    "children": 20
  },
  "Without knowing": {
    "It": 20
  },
  "Inside the old house": {
    "As": 5,
    "The": 15
  },
  "The beautiful song was sung by": {
    "To": 6,
    "The": 6,
    "It": 8
  },
  "The kids were very excited, and": {
    "...": 11,
    "As": 1,
    "their": 3,
    "it": 4,
    "I'm": 1
  },
  "Buying a new house": {
    "Buying": 20
  },
  "The company is looking for someone with": {
    "It": 20
  },
  "The book was so interesting that": {
    "...": 8,
    "It": 5,
    "it": 7
  },
  "Her soft voice": {
    "...": 11,
    "is": 1,
    "was": 1,
    "Is": 4,
    "Her": 3
  },
  "Without a word": {
    "*": 20
  },
  "The locket she wore began to": {
    "...": 16,
    "glow": 4
  },
  "The dog wagged its tail at": {
    "the": 18,
    "##": 2
  },
  "When the sun rises": {
    "When": 18,
    "The": 2
  },
  "The old house, standing on the hill, was": {
    "The": 1,
    "sh": 15,
    "a": 2,
    "standing": 2
  },
  "The fragrance of freshly brewed coffee": {
    "The": 20
  },
  "The new policy affects": {
    "It": 19,
    "This": 1
  },
  "Outside the house": {
    "There's": 1,
    "The": 13,
    "You": 1,
    "You're": 2,
    "There": 3
  },
  "If we go": {
    "It": 20
  },
  "The teacher's patience": {
    "A": 4,
    "The": 16
  },
  "The sun setting slowly": {
    "A": 2,
    "What": 9,
    "The": 5,
    "Is": 1,
    "As": 1,
    "is": 1,
    "...": 1
  },
  "A large shadow loomed over": {
    "the": 20
  },
  "The sun was": {
    "...": 11,
    "setting": 8,
    "It": 1
  },
  "After the last guest left the party": {
    "The": 20
  },
  "The cat hid": {
    "...": 13,
    "The": 1,
    "the": 6
  },
  "The key that unlocked the mysterious chest revealed": {
    "...": 11,
    "a": 9
  },
  "She stared at the mirror, but her reflection": {
    "was": 17,
    "st": 3
  },
  "They wondered": {
    "It": 13,
    "They": 4,
    "what": 2
  },
  "Meanwhile, across town, the detective": {
    "was": 9
  },
  "The taste of freedom felt like": {
    "a": 2,
    "s": 4,
    "The": 9,
    "What": 5
  },
  "If only it were possible to": {
    "...": 18,
    "It": 2
  },
  "The sound of children": {
    "The": 20
  },
  "After running through the forest for what seemed like hours": {
    "I": 3,
    "As": 10,
    "": 3,
    "...": 3,
    "you": 1
  },
  "She whispered secrets only the": {
    "night": 6,
    "wind": 14
  },
  "The big house on the hill was": {
    "...": 3,
    "omin": 12,
    "a": 1,
    "f": 1,
    "silent": 1,
    "eer": 1,
    "the": 1
  },
  "Before I could explain myself": {
    "It": 20
  },
  "She thought about the future": {
    "and": 6,
    "And": 14
  },
  "The baby cooed softly": {
    "and": 19,
    "That's": 1
  },
  "We are waiting for the": {
    "It": 20
  },
  "The scent of freshly baked bread filled": {
    "the": 16
  },
  "Even though it was cold": {
    "It": 13,
    "outside": 3
  },
  "The sound coming from the basement at 3 AM was": {
    "...": 15,
    "It": 5
  },
  "She is cooking": {
    "A": 8,
    "That": 1,
    "She": 4,
    "Sounds": 2,
    "It": 5
  },
  "The diary entry began": {
    "\"": 20
  },
  "In spite of the doctor's recommendations": {
    "It": 20
  },
  "The little girl's eyes": {
    "spark": 16,
    "The": 4
  },
  "If only I had known then what I know now": {
    "The": 20
  },
  "After searching through all the boxes in the attic": {
    "It": 16,
    "...": 4
  },
  "The book, though long, proved to be": {
    "##": 20
  },
  "Lost in translation were the true intentions of": {
    "It": 13,
    "The": 7
  },
  "Morning light sparkled across": {
    "the": 20
  },
  "The old mirror reflected a face that": {
    "was": 20
  },
  "When the music started": {
    "It": 18,
    "When": 2
  },
  "When the final exam results were posted online": {
    "When": 5,
    "It": 4
  },
  "The package contained": {
    "This": 8,
    "It": 12
  },
  "The woman wearing the red coat at the bus stop": {
    "is": 11,
    "Is": 2,
    "I": 1
  },
  "She opened the box and found": {
    "a": 1
  },
  "The old painting seemed to watch": {
    "As": 14,
    "The": 1,
    "as": 3
  },
  "Sometimes, in the middle": {
    "It": 7,
    "Sometimes": 8,
    "of": 5
  },
  "When I was younger": {
    "It": 20
  },
  "The stranger who knocked on their door late at night claimed": {
    "##": 17,
    "that": 1,
    "It": 1,
    "To": 1
  },
  "When I asked her": {
    "It": 20
  },
  "The view from the top of the mountain was": {
    "The": 2,
    "Spect": 3,
    "b": 11,
    "breathtaking": 1,
    "...": 3
  },
  "The movie was really good, but": {
    "I'm": 5,
    "It": 10,
    "I'd": 4,
    "I": 1
  },
  "The museum exhibit was very interesting, and": {
    "it": 10,
    "I": 3,
    "...": 7
  },
  "The way he smiled": {
    "The": 14
  },
  "The boy's heart raced": {
    "as": 18
  },
  "The exciting news was announced by": {
    "It": 18,
    "##": 2
  },
  "Before the storm arrived": {
    "The": 20
  },
  "Whenever they visited their grandmother's house": {
    "it": 18,
    "It": 2
  },
  "The cat that had been missing for three days suddenly appeared": {
    "That": 5,
    "That's": 11,
    "Oh": 1,
    "It": 2,
    "How": 1
  },
  "They sent a": {
    "It": 20
  },
  "The new restaurant serves": {
    "This": 20
  },
  "The surprise party was a": {
    "...": 8,
    "blast": 8,
    "It": 4
  },
  "The journal\u2019s final entry described": {
    "It": 20
  },
  "Since you're already here": {
    "I'm": 4,
    "Since": 16
  },
  "When they finally reached the top of the mountain": {
    "...": 10,
    "The": 9,
    "It": 1
  },
  "Despite the challenges": {
    "Despite": 20
  },
  "If they had known earlier": {
    "The": 20
  },
  "As I looked out the window, I saw": {
    "a": 17,
    "...": 2,
    "the": 1
  },
  "If I were taller": {
    "The": 2,
    "Being": 5,
    "If": 7,
    "It": 6
  },
  "With a final glance": {
    "It": 5,
    "...": 15
  },
  "The footprints led": {
    "...": 18,
    "the": 2
  },
  "Unless you call first": {
    "It": 20
  },
  "The car was": {
    "It": 8,
    "dr": 8,
    "a": 1,
    "...": 2,
    "st": 1
  },
  "The man wearing the red hat": {
    "A": 3,
    "is": 2,
    "...": 4,
    "Is": 4,
    "I": 5,
    "Interesting": 1,
    "There": 1
  },
  "Despite the rain": {
    "Despite": 18,
    "...": 2
  },
  "Since the company relocated to": {
    "It": 20
  },
  "The girl's smile was": {
    "cont": 12,
    "radi": 6,
    "...": 2
  },
  "If I had more time": {
    "The": 20
  },
  "The old tree stood tall and proud, its branches": {
    "st": 16,
    "re": 4
  },
  "He opened the letter": {
    "and": 20
  },
  "Laughter rippled through the crowded": {
    "room": 20
  },
  "When everyone": {
    "It": 20
  },
  "Without any warning or explanation": {
    "It": 18,
    "...": 2
  },
  "The new policy requires": {
    "It": 18,
    "The": 2
  },
  "The smell of freshly cut grass always made her think of": {
    "summ": 8,
    "sum": 6,
    "child": 3,
    "...": 3
  },
  "The stranger handed me": {
    "...": 6,
    "a": 14
  },
  "If only we had tried harder": {
    "The": 20
  },
  "Reflecting on the choices I made, I wish I could have": {
    "It": 17,
    "Reflect": 3
  },
  "Under the old oak tree": {
    "Under": 7,
    "...": 7
  },
  "After reviewing all the evidence": {
    "It": 20
  },
  "I had to": {
    "It": 19
  },
  "The voice on the radio": {
    "A": 1,
    "The": 6,
    "You're": 3
  },
  "The flower bloomed": {
    "in": 4,
    "How": 2,
    "What": 1,
    "As": 1,
    "A": 1,
    "and": 7,
    "That's": 3,
    "Lov": 1
  },
  "She was going to": {
    "...": 6,
    "It": 14
  },
  "The painting, vibrant and abstract, conveyed a sense of": {
    "##": 20
  },
  "The company will be successful if": {
    "##": 13,
    "The": 4,
    "It": 3
  },
  "Beneath the surface of the water": {
    "The": 11,
    "B": 3,
    "I": 4,
    "the": 2
  },
  "It was a chance encounter that changed everything when": {
    "Emily": 18,
    "...": 2
  },
  "The hotel room had a nice balcony, but": {
    "it": 20
  },
  "The door was": {
    "...": 17,
    "locked": 3
  },
  "The book is on the": {
    "It": 20
  },
  "Provided that everyone agrees to": {
    "It": 20
  },
  "The secret ingredient in her famous pie was": {
    "...": 16,
    "a": 4
  },
  "Due to": {
    "It": 20
  },
  "The crash echoed": {
    "through": 20
  },
  "With a plan in mind": {
    "You're": 10,
    "Having": 9,
    "With": 1
  },
  "The room was filled": {
    "...": 20
  },
  "The new car has a": {
    "It": 15,
    "You": 5
  },
  "Rather than accept defeat, the team": {
    "Rather": 9,
    "##": 5,
    "dec": 5,
    "The": 1
  },
  "She wanted to": {
    "It": 20
  },
  "The old violin played a haunting melody": {
    "As": 20
  },
  "The train approaching": {
    "the": 6,
    "a": 4,
    "The": 8,
    "Sounds": 1,
    "A": 1
  },
  "Every morning at exactly 6:30, the neighbor would": {
    "...": 20
  },
  "Standing at the edge of the cliff, I felt": {
    "...": 18,
    "the": 2
  },
  "The sound of the violin echoed through the empty hallway, evoking feelings of": {
    "mel": 16,
    "##": 2,
    "...": 2
  },
  "The storm raged outside, while inside": {
    "...": 3,
    "the": 15
  },
  "My favorite food is": {
    "It": 19
  },
  "After the last petal fell": {
    "The": 14,
    "It": 3,
    "I": 1,
    "A": 2
  },
  "The child pointed to the sky, where": {
    "a": 13,
    "...": 1
  },
  "He is reading a": {
    "book": 17
  },
  "It's been a strange": {
    "...": 18,
    "It": 2
  },
  "She clutched her ticket tightly, feeling": {
    "a": 20
  },
  "She decided that": {
    "it": 12,
    "It": 8
  },
  "Given the limited resources available": {
    "Given": 8,
    "It": 12
  },
  "The promise he made to his father before he died": {
    "It": 3,
    "The": 15,
    "...": 2
  },
  "Although they had planned the trip for months": {
    "It": 20
  },
  "The path through the desert led to": {
    "...": 5,
    "##": 5,
    "It": 4,
    "the": 2,
    "an": 1
  },
  "No one expected": {
    "It": 12
  },
  "The last word was": {
    "It": 16
  },
  "The best part of my day was": {
    "when": 3,
    "seeing": 3,
    "...": 8,
    "it": 1,
    "When": 1,
    "It": 4
  },
  "Before the storm began": {
    "It": 12,
    "The": 8
  },
  "The moon is rising in the": {
    "east": 7,
    "The": 5,
    "##": 8
  },
  "The telescope revealed a distant": {
    "##": 20
  },
  "Despite the warnings": {
    "Despite": 11,
    "It": 9
  },
  "If I could travel anywhere": {
    "If": 18,
    "What": 2
  },
  "The computer is on the": {
    "It": 20
  },
  "The old photograph showed a young couple": {
    ",": 2,
    "The": 1,
    "be": 8,
    "sm": 8,
    "standing": 1
  },
  "Although he didn\u2019t win": {
    "It": 20
  },
  "The best souvenir to buy is": {
    "The": 9,
    "the": 8,
    "It": 3
  },
  "The rumor mill was abuzz with speculation about": {
    "the": 13
  },
  "The difficult task was finally": {
    "ac": 5,
    "finished": 3
  },
  "Although she was tired": {
    "...": 16,
    "Although": 4
  },
  "The smell of freshly baked cookies made me": {
    "...": 20
  },
  "While everyone else was celebrating": {
    "It": 16,
    "New": 4
  },
  "Across the river": {
    "It": 9,
    "\"": 4,
    "I": 2,
    "There": 1,
    "A": 4
  },
  "If only I had known then what": {
    "I": 14,
    "If": 1,
    "The": 3,
    "...": 2
  },
  "Through the keyhole, I spied": {
    "A": 11,
    "a": 7,
    "It": 2
  },
  "Building a strong team requires": {
    "Building": 20
  },
  "With a heavy heart": {
    "I": 1,
    "I'm": 12,
    "With": 6,
    "...": 1
  },
  "He reached into the dusty chest and found": {
    "a": 20
  },
  "The secret was": {
    "...": 20
  },
  "In the silence, a single word echoed": {
    "\"": 18,
    "The": 1,
    "\"...": 1
  },
  "Having waited so long": {
    "It": 10,
    "Having": 10
  },
  "After the storm, the city": {
    "...": 20
  },
  "The whole family agreed": {
    "It": 20
  },
  "In the depths of winter": {
    "I": 5,
    "...": 8,
    "In": 5,
    "The": 2
  },
  "The new movie is": {
    "It": 20
  },
  "Holding hands tightly": {
    "A": 7,
    "Holding": 13
  },
  "The new policy will be": {
    "I": 20
  },
  "The code on the screen suddenly": {
    "It": 20
  },
  "Since nobody volunteered to take responsibility": {
    "It": 20
  },
  "At the top of the mountain": {
    "The": 18,
    "At": 2
  },
  "Memories of childhood summers flooded": {
    "my": 15,
    "...": 5
  },
  "The hotel had a great pool, and": {
    "the": 20
  },
  "Before the storm hit": {
    "Before": 6,
    "The": 11,
    "It": 2,
    "the": 1
  },
  "To truly understand": {
    "...": 14,
    "To": 6
  },
  "Once they": {
    "It": 19,
    "Once": 1
  },
  "Throughout the long winter months": {
    "...": 10,
    "I": 4,
    "The": 2
  },
  "Hidden among the flowers was a secret message that read": {
    "\"...": 8,
    "\"": 10
  },
  "Among the ruins of the ancient": {
    "It": 20
  },
  "The baby is crying in the": {
    "It": 5,
    "...": 13,
    "nur": 1,
    "cri": 1
  },
  "She often wondered if": {
    "She": 2,
    "it": 16,
    "there": 2
  },
  "Whereas the previous model could only": {
    "It": 9,
    "...": 2
  },
  "As the sun set, the city skyline": {
    "transform": 15,
    "...": 5
  },
  "The future holds": {
    "...": 9,
    "The": 3,
    "many": 2,
    "Many": 2,
    "A": 1,
    "an": 2,
    "a": 1
  },
  "When the mirror cracked": {
    "A": 2,
    "The": 3,
    "When": 4,
    "It": 10,
    "it": 1
  },
  "It was a plan that depended on precise timing, and unfortunately": {
    "it": 12,
    "...": 8
  },
  "A melody echoed from": {
    "a": 17,
    "...": 3
  },
  "The best part of the trip was": {
    "This": 8,
    "When": 3,
    "when": 5,
    "It": 3,
    "seeing": 1
  },
  "The old man's voice": {
    "\"": 2,
    "The": 15,
    "What": 2,
    "You": 1
  },
  "The old map revealed the location of": {
    "##": 20
  },
  "Voices echoed through the abandoned": {
    "...": 9,
    "warehouse": 10,
    "hall": 1
  },
  "I prefer morning walks to": {
    "even": 19,
    "Even": 1
  },
  "Until the train arrives": {
    "The": 8,
    "Sounds": 4,
    "I'd": 1,
    "Until": 5,
    "A": 2
  },
  "The moment I saw": {
    "It": 20
  },
  "The best way to get around is": {
    "It": 6,
    "The": 7,
    "By": 5,
    "##": 1,
    "There": 1
  },
  "The house was": {
    "It": 13,
    "old": 7
  },
  "Broken and worn": {
    "The": 11,
    "Those": 5,
    "It": 3,
    "I": 1
  },
  "The smell of cinnamon always reminds me": {
    "Of": 18,
    "...": 1,
    "of": 1
  },
  "The moment": {
    "A": 3,
    "The": 16
  },
  "He didn\u2019t know": {
    "It": 16
  },
  "Even though the deadline was approaching": {
    "it": 8,
    "It": 12
  },
  "The best gift I ever received was": {
    "I'm": 12,
    "I'd": 8
  },
  "The rabbit hopped": {
    "...": 16,
    "across": 4
  },
  "The question that lingered was": {
    "...": 9,
    "It": 11
  },
  "Cracks formed in the dry, cracked": {
    "The": 10,
    "It": 10
  },
  "The new policy has been implemented to": {
    "It": 12,
    "Im": 4,
    "The": 2,
    "You": 1,
    "im": 1
  },
  "Walking through the forest, she noticed": {
    "a": 19,
    "the": 1
  },
  "The beach was beautiful, but": {
    "...": 19,
    "it": 1
  },
  "The cat pounced on the": {
    "mouse": 20
  },
  "Figuring out the puzzle": {
    "Fig": 20
  },
  "When the phone rang": {
    "When": 10,
    "It": 10
  },
  "Working late shifts": {
    "Working": 17,
    "The": 3
  },
  "When the clock struck midnight, a strange silence fell": {
    "The": 2,
    "over": 12,
    "...": 2,
    "across": 4
  },
  "The old man, with a twinkle in his eye, began to": {
    "...": 18,
    "tell": 2
  },
  "The hotel room was nice, but": {
    "...": 4,
    "it": 7,
    "It": 1
  },
  "The stars seemed to hold the secrets of": {
    "the": 18
  },
  "Regardless of what critics might say about": {
    "It": 18,
    "it": 2
  },
  "When the old photograph fell from": {
    "It": 20
  },
  "If only I had known": {
    "The": 20
  },
  "The new phone has a": {
    "It": 20
  },
  "Though he promised to help": {
    "it": 7,
    "It": 13
  },
  "In the middle of the night": {
    "The": 20
  },
  "The concert is scheduled for": {
    "It": 20
  },
  "The tree is growing in the": {
    "It": 20
  },
  "His hair was": {
    "It": 14,
    "it": 3,
    "black": 3
  },
  "While walking down the street": {
    "It": 17,
    "You": 3
  },
  "The secret ingredient was": {
    "...": 10,
    "Love": 10
  },
  "The storm, fierce and sudden, left behind": {
    "A": 7,
    "a": 6,
    "...": 4
  },
  "Fireworks exploded in a kaleidoscope": {
    "What": 20
  },
  "The door swung open to reveal": {
    "a": 20
  },
  "Reflections danced on the mirrored surface": {
    "of": 13,
    "...": 1,
    "What": 5,
    "As": 1
  },
  "The old chest's lock was rusted shut, its": {
    "surface": 2,
    "int": 18
  },
  "As the storm raged on, a faint light appeared": {
    "...": 8,
    "in": 12
  },
  "She took a deep breath": {
    "and": 20
  },
  "The shadows growing longer": {
    "As": 18,
    "The": 2
  },
  "I have been learning to": {
    "It": 18,
    "...": 2
  },
  "The book was": {
    "It": 20
  },
  "Considering the consequences": {
    "A": 20
  },
  "He couldn\u2019t": {
    "...": 7,
    "It": 9,
    "it": 4
  },
  "As the sun rose over the horizon, a new day dawned, bringing with it": {
    "a": 20
  },
  "Underneath the surface": {
    "The": 20
  },
  "The mystery remains unsolved, but evidence suggests": {
    "It": 16,
    "that": 3,
    "...": 1
  },
  "As the sun set, the sky turned": {
    "...": 15,
    "a": 5
  },
  "They say a house is not a home, and this one certainly felt": {
    "like": 20
  },
  "If we don\u2019t leave soon": {
    "It": 18
  },
  "Until the end": {
    "A": 4,
    "Until": 4,
    "Sounds": 2,
    "It": 7,
    "The": 1
  },
  "The plan was": {
    "It": 20
  },
  "The cat curled up on": {
    "my": 17,
    "the": 3
  },
  "When the clock struck twelve": {
    "...": 17,
    "When": 3
  },
  "He knew deep down that he had to": {
    "make": 9,
    "con": 7,
    "...": 2,
    "It": 2
  },
  "The garden that had once been beautiful now looked": {
    "des": 20
  },
  "If shadows could speak": {
    "What": 18,
    "If": 2
  },
  "The book on the shelf": {
    "is": 3,
    "Is": 6,
    "...": 5,
    "The": 2
  },
  "He wondered if": {
    "it": 13
  },
  "The book lay open on the table, its pages": {
    "yellow": 11,
    "flutter": 9
  },
  "The old clock stopped ticking at exactly": {
    "##": 20
  },
  "The weather forecast said": {
    "...": 11,
    "It": 6,
    "there": 3
  },
  "The mysterious package that arrived at midnight contained": {
    "...": 4,
    "a": 16
  },
  "When the clock struck midnight": {
    "...": 16,
    "When": 4
  },
  "She decided to take a walk": {
    "and": 10,
    "As": 4,
    "in": 5,
    "...": 1
  },
  "She found comfort in the thought that": {
    "it": 4,
    "sometimes": 6,
    "...": 4,
    "there": 2,
    "some": 1,
    "This": 2,
    "this": 1
  },
  "The hotel room had": {
    "...": 20
  },
  "If laughter could": {
    "...": 9,
    "If": 9
  },
  "In the dream, she was running from": {
    "something": 2,
    "...": 13,
    "It": 5
  },
  "The restaurant was crowded, so": {
    "...": 20
  },
  "The forgotten letter in the attic revealed": {
    "The": 4,
    "the": 5,
    "As": 9,
    "...": 2
  },
  "If you listen carefully": {
    "It": 14,
    "I": 6
  },
  "After the fire died out": {
    "The": 20
  },
  "The baby laughed at": {
    "the": 17,
    "##": 3
  },
  "Even though I was late": {
    "It": 20
  },
  "The ancient manuscript, covered in dust, revealed": {
    "a": 20
  },
  "The bird is flying in the": {
    "The": 6,
    "It": 13,
    "sky": 1
  },
  "If they only knew": {
    "The": 20
  },
  "The tasty ice cream was flavored with": {
    "##": 3,
    "It": 3,
    "van": 5,
    "The": 7,
    "s": 1,
    "What": 1
  },
  "The moonlight cast an eerie glow over": {
    "the": 20
  },
  "Once the ceremony had begun": {
    "the": 6,
    "It": 12,
    "The": 2
  },
  "The key to the safe was hidden in": {
    "##": 20
  },
  "He realized": {
    "that": 18,
    "It": 2
  },
  "The path ahead was uncertain, but they decided to": {
    "press": 20
  },
  "The train vanished into": {
    "...": 13,
    "the": 7
  },
  "The tour guide was very knowledgeable, and": {
    "...": 20
  },
  "Since the store was closed": {
    "It": 20
  },
  "Before you decide": {
    "It": 11,
    "The": 1,
    "Before": 8
  },
  "The dog's bark echoed": {
    "through": 20
  },
  "The stars are twinkling in the": {
    "night": 20
  },
  "Running through the fog": {
    "The": 14,
    "What": 2,
    "Running": 4
  },
  "In the marketplace, a strange vendor offered": {
    "a": 17,
    "...": 3
  },
  "However much she tried to forget": {
    "it": 11,
    "...": 9
  },
  "During the power outage that affected": {
    "It": 20
  },
  "The potion bubbled and turned": {
    "a": 10,
    "...": 10
  },
  "The robot whispered": {
    "\"": 13,
    "What": 5,
    "I": 1,
    "\"...": 1
  },
  "The clock ticked away": {
    "The": 2,
    "as": 4,
    "...": 10,
    "As": 2,
    "the": 2
  },
  "Marriage is an important": {
    "Mar": 9,
    "...": 11
  },
  "The painting hanging crooked": {
    "To": 6,
    "A": 6,
    "The": 4,
    "That": 2,
    "It": 2
  },
  "The answer lay in": {
    "It": 5,
    "the": 15
  },
  "The secret passage led to": {
    "a": 10,
    "...": 10
  },
  "If only I had remembered to bring my umbrella when": {
    "it": 14,
    "...": 6
  },
  "Running through the park, she": {
    "felt": 20
  },
  "The old diary contained secrets that": {
    "had": 8,
    "...": 12
  },
  "After he finished speaking": {
    "It": 19,
    "...": 1
  },
  "Never in all my years": {
    "It": 16,
    "...": 4
  },
  "The old watch had stopped at precisely": {
    "##": 20
  },
  "The scent of": {
    "...": 13,
    "roses": 4,
    "flowers": 1,
    "The": 2
  },
  "Because the sky was clear": {
    "...": 6,
    "it": 8,
    "I": 3,
    "A": 1,
    "and": 1,
    "It": 1
  },
  "I wish I could": {
    "It": 20
  },
  "Quietly, she thought": {
    "...": 20
  },
  "The meeting was": {
    "It": 17,
    "att": 3
  },
  "If it weren't for you, I would have": {
    "...": 20
  },
  "Buried beneath the snow": {
    "Bur": 4,
    "The": 8,
    "and": 3,
    "\"": 1,
    "I": 4
  },
  "The new smartphone has a": {
    "It": 12,
    "You": 8
  },
  "Under the bright moonlight": {
    "Under": 6,
    "...": 7,
    "The": 6
  },
  "The journey, though difficult, was ultimately": {
    "##": 18
  },
  "If you look closely": {
    "I": 3,
    "It": 17
  },
  "She didn't understand": {
    "It": 20
  },
  "The shadow moved before the": {
    "It": 5,
    "light": 11,
    "dog": 1,
    "...": 2,
    "sound": 1
  },
  "If only he": {
    "It": 20
  },
  "While sorting through her mother's belongings": {
    "After": 12,
    "after": 8
  },
  "They were": {
    "It": 20
  },
  "In the silence of night, the": {
    "stars": 16,
    "...": 4
  },
  "Shadows danced on": {
    "the": 20
  },
  "It could be": {
    "It": 20
  },
  "In the glow of": {
    "...": 20
  },
  "If time could bend": {
    "What": 11,
    "If": 9
  },
  "Learning from my mistakes": {
    "Learning": 18,
    "What": 2
  },
  "Wishing I could go back": {
    "The": 14,
    "It": 6
  },
  "We are going to the": {
    "be": 18,
    "It": 2
  },
  "The phone number he forgot": {
    "The": 2,
    "It": 1,
    "is": 4,
    "I": 4,
    "I'd": 1,
    "was": 4,
    "A": 1,
    "Unfortunately": 1,
    "To": 1,
    "he": 1
  },
  "The train is arriving at": {
    "the": 20
  },
  "In the heart of the oasis, a": {
    "...": 20
  },
  "He dreamed of being": {
    "It": 20
  },
  "They decided to": {
    "It": 19,
    "go": 1
  },
  "During the meeting": {
    "Here": 13,
    "It": 7
  },
  "The old house creaked as if": {
    "it": 20
  },
  "The cave walls were covered in": {
    "...": 3,
    "gl": 8,
    "anc": 9
  },
  "It was a normal day until": {
    "...": 20
  },
  "If only I had known about": {
    "the": 5,
    "It": 11,
    "The": 4
  },
  "The lion's roar shook the": {
    "earth": 19,
    "The": 1
  },
  "The sound of the ocean": {
    "The": 20
  },
  "In the abandoned library, a book began to": {
    "glow": 20
  },
  "She is drawing a": {
    "It": 20
  },
  "When I saw the headline": {
    "It": 20
  },
  "As I walked through the forest, I heard": {
    "the": 9,
    "...": 5,
    "a": 6
  },
  "The car sped down": {
    "the": 20
  },
  "The key turned in the lock, and the door": {
    "...": 20
  },
  "They searched everywhere, but couldn't find": {
    "...": 18,
    "It": 2
  },
  "Beneath the ancient tree": {
    "The": 3,
    "A": 2,
    "...": 12,
    "B": 3
  },
  "The new restaurant is located in": {
    "The": 2,
    "the": 8,
    "It": 7,
    "Sounds": 2,
    "down": 1
  },
  "The teacher is writing on the": {
    "black": 20
  },
  "The phone rang": {
    "...": 9,
    "and": 7,
    "It": 1,
    "And": 2,
    "The": 1
  },
  "If everything goes well": {
    "It": 14,
    "The": 6
  },
  "As the fog lifted, a ghostly figure emerged": {
    "The": 2,
    "from": 9,
    "As": 9
  },
  "The problem was": {
    "It": 20
  },
  "Under the shadowy bridge": {
    "\"": 2,
    "A": 9,
    "Under": 8,
    "Of": 1
  },
  "The car screeched to": {
    "a": 20
  },
  "I was so tired that": {
    "...": 14,
    "It": 6
  },
  "The baby's tiny hands": {
    "...": 2,
    "The": 17
  },
  "The scent of fresh-baked cookies reminded me of": {
    "The": 2,
    "...": 8,
    "child": 1
  },
  "The old photograph, faded and torn, depicted a scene of": {
    "...": 5,
    "joy": 4,
    "##": 7,
    "des": 2,
    "The": 2
  },
  "I am not good at": {
    "It": 20
  },
  "The opportunity that she had been waiting for her entire life": {
    "had": 20
  },
  "Frost settled delicately on the": {
    "windows": 4,
    "grass": 16
  },
  "The dog chased its": {
    "tail": 20
  },
  "The new course starts on": {
    "The": 3,
    "It": 15,
    "the": 1,
    "I'd": 1
  },
  "The dog that followed her home from the park seemed": {
    "like": 2,
    "...": 2,
    "to": 1,
    "friendly": 2
  },
  "The door creaked open": {
    "...": 13,
    "As": 2,
    "and": 1
  },
  "Before the sun rises": {
    "The": 16,
    "Before": 4
  },
  "Until the test results came back": {
    "It": 20
  },
  "The woman is talking on the": {
    "It": 20
  },
  "As the sun set": {
    "over": 4,
    "Over": 5,
    "As": 8,
    "The": 3
  },
  "He traced the symbol on the": {
    "It": 16,
    "page": 4
  },
  "When the lights went off": {
    "It": 17,
    "When": 3
  },
  "He looked to": {
    "It": 8,
    "his": 8,
    "the": 2,
    "His": 2
  },
  "The sun is shining in the": {
    "It": 12,
    "sky": 6,
    "...": 2
  },
  "After a long day, all she wanted was": {
    "...": 11,
    "a": 9
  },
  "Waiting for the bus": {
    "The": 18,
    "Waiting": 2
  },
  "The sound of rain": {
    "The": 20
  },
  "Beneath the city streets, a hidden": {
    "world": 20
  },
  "Hidden beneath the floorboards was a secret compartment containing": {
    "a": 20
  },
  "The smell of popcorn": {
    "The": 20
  },
  "The painting hanging in the museum's main hall depicted": {
    "##": 20
  },
  "They are watching a": {
    "It": 20
  },
  "The more she thought about it, the more she realized": {
    "that": 20
  },
  "Until we meet again": {
    "May": 5,
    "Until": 15
  },
  "The hotel room was very clean, and": {
    "it": 7,
    "the": 4,
    "...": 5
  },
  "The beautiful sunset made me": {
    "...": 9
  },
  "The kite soared high into": {
    "the": 20
  },
  "As soon as he opened the door, he saw": {
    "...": 20
  },
  "The ship sailed toward the horizon, where": {
    "the": 20
  },
  "The girl is jumping on the": {
    "It": 20
  },
  "The phone call she had been dreading finally came when": {
    "she": 20
  },
  "While she was cooking": {
    "It": 20
  },
  "When the stars aligned": {
    "The": 12,
    "When": 3,
    "A": 2,
    "You're": 2,
    "It": 1
  },
  "The kids were playing outside, but": {
    "it": 5,
    "...": 15
  },
  "Suddenly, everything changed when": {
    "the": 12,
    "...": 6,
    "it": 2
  },
  "The city at night": {
    "The": 20
  },
  "When the lights suddenly went out in the theater": {
    "It": 11,
    "...": 8,
    "When": 1
  },
  "He found a mysterious": {
    "box": 4,
    "...": 13,
    "object": 3
  },
  "Before the world changed": {
    "It": 6,
    "The": 6,
    "Before": 6,
    "You're": 2
  },
  "The clocktower chimed, signaling": {
    "the": 20
  },
  "Whether or not you believe in": {
    "It": 13,
    "...": 7
  },
  "Following the unexpected announcement that": {
    "It": 20
  },
  "He is an expert at": {
    "It": 20
  },
  "There's a strange noise": {
    "What's": 4,
    "That": 14,
    "I'm": 1,
    "That's": 1
  },
  "Mom left a note on the": {
    "...": 20
  },
  "Without thinking": {
    "*": 5,
    "The": 3,
    "I": 2,
    "Without": 1,
    "YOU": 1,
    "A": 2,
    "O": 1,
    "Some": 1,
    "That's": 1,
    "This": 1,
    "Sometimes": 1,
    "What": 1
  },
  "The challenge was not to win, but to": {
    "...": 20
  },
  "The lights flickering": {
    "That's": 4,
    "That": 5,
    "The": 5,
    "A": 6
  },
  "Before the show starts": {
    "It": 11,
    "Here": 7,
    "I'd": 2
  },
  "A voice from the darkness whispered": {
    "\"": 15,
    "\"...": 5
  },
  "Despite the rain, the picnic": {
    "...": 16,
    "It": 3,
    "was": 1
  },
  "The cat's fur was soft": {
    "and": 6,
    "as": 12,
    "As": 2
  },
  "My favorite hobby is": {
    "It": 20
  },
  "The peaceful atmosphere of the park made me feel": {
    "##": 20
  },
  "The most challenging part of my job is": {
    "It": 17,
    "I'd": 2,
    "it": 1
  },
  "Every time he heard that particular song": {
    "It": 20
  },
  "The sky was": {
    "a": 3,
    "blue": 7,
    "...": 10
  },
  "And then there was silence, except": {
    "for": 18,
    "...": 2
  },
  "Across the room": {
    "I": 6,
    "A": 1,
    "It": 6,
    "\"": 1,
    "Ac": 1,
    "There": 1,
    "The": 3,
    "...": 1
  },
  "The mysterious stranger handed me": {
    "a": 20
  },
  "The email that arrived this morning contained news that": {
    "you": 2,
    "...": 3,
    "was": 2,
    "I'd": 2,
    "It": 3,
    "has": 3,
    "it": 2,
    "is": 1,
    "The": 1,
    "This": 1
  },
  "Until she returns": {
    "A": 17,
    "The": 3
  },
  "He followed the trail of": {
    "foot": 13,
    "blood": 4,
    "...": 3
  },
  "They say history is written by the victors, but what about": {
    "...": 20
  },
  "The stranger's eyes held a glint of": {
    "...": 20
  },
  "The bridge that connected the two small towns had been": {
    "##": 19,
    "destroy": 1
  },
  "The clock ticking loudly": {
    "The": 20
  },
  "Because nobody had lived in the house for decades": {
    "It": 10,
    "Here": 6,
    "it": 4
  },
  "The music stopped, and the room": {
    "...": 17,
    "F": 3
  },
  "The reason for their sudden departure was": {
    "##": 19,
    "It": 1
  },
  "He spent hours trying to figure out": {
    "...": 5,
    "the": 13,
    "This": 2
  },
  "I love spending time with": {
    "It": 20
  },
  "I have always been fascinated by": {
    "It": 20
  },
  "The baby is sleeping in the": {
    "cri": 15,
    "It": 5
  },
  "The hotel staff was very friendly, and": {
    "...": 16,
    "It": 1,
    "I": 3
  },
  "Near the end of the movie": {
    "It": 20
  },
  "The sun sets in the": {
    "WEST": 4,
    "The": 16
  },
  "Having finished the task": {
    "It": 20
  },
  "It was a performance that brought the audience to their feet, and yet": {
    "...": 20
  },
  "The lovely garden was full of": {
    "...": 17,
    "It": 1,
    "flowers": 2
  },
  "Hoping for a miracle": {
    "A": 1,
    "That's": 15,
    "I": 3,
    "The": 1
  },
  "The wind howling fiercely": {
    "The": 9,
    "...": 6,
    "created": 1,
    "and": 3,
    "#": 1
  },
  "Although it was freezing": {
    "outside": 17,
    "It": 2,
    "it": 1
  },
  "The flowers are in the": {
    "V": 5,
    "Garden": 13,
    "garden": 2
  },
  "He was": {
    "It": 20
  },
  "If only he had listened": {
    "The": 18,
    "A": 2
  },
  "If you want to succeed, you must": {
    "...": 17,
    "If": 3
  },
  "Whenever I think about that summer": {
    "It": 20
  },
  "The door creaking open": {
    "...": 20
  },
  "Her smile lit up the whole": {
    "room": 20
  },
  "Because she was tired": {
    "It": 20
  },
  "She looked as if": {
    "She": 17,
    "she": 2,
    "...": 1
  },
  "With tears in her eyes": {
    "She": 13,
    "It": 2,
    "...": 4,
    "With": 1
  },
  "He is running in the": {
    "It": 20
  },
  "He left without saying goodbye": {
    "That": 20
  },
  "If you could go anywhere": {
    "If": 9,
    "What": 10,
    "As": 1
  },
  "Unless we act quickly to prevent": {
    "climate": 4,
    "it": 9,
    "It": 7
  },
  "His paintings are characterized by": {
    "It": 19,
    "the": 1
  },
  "If I had studied harder, I": {
    "...": 20
  },
  "What they said was": {
    "It": 20
  },
  "Although the process seemed": {
    "It": 15,
    "in": 5
  },
  "She always": {
    "se": 20
  },
  "They were surprised to learn that": {
    "It": 20
  },
  "The moon cast shadows across the": {
    "ground": 3,
    "earth": 15,
    "...": 1,
    "lands": 1
  },
  "The old mirror's surface was cracked, yet": {
    "it": 18,
    "...": 2
  },
  "Since moving to the new city, everything has been": {
    "...": 16,
    "It": 4
  },
  "Despite having studied for hours, she still felt": {
    "##": 20
  },
  "The book lying on the table": {
    "The": 15,
    "Is": 3,
    "is": 2
  },
  "The train whistle blew, and the": {
    "conductor": 20
  },
  "The old woman's laughter echoed through": {
    "the": 20
  },
  "The riverbank was lined": {
    "with": 19,
    "...": 1
  },
  "My favorite type of music is": {
    "I'm": 13,
    "It": 7
  },
  "The smell of fresh bread": {
    "The": 20
  },
  "The old clock tower chimed the hour, its": {
    "deep": 20
  },
  "The food at the restaurant was": {
    "It": 18,
    "...": 2
  },
  "Inside the haunted house": {
    "As": 20
  },
  "Running through the forest, I could hear": {
    "the": 20
  },
  "To achieve my dreams": {
    "The": 12,
    "Ach": 7,
    "That's": 1
  },
  "The flowers were blooming, and": {
    "the": 20
  },
  "He was six feet": {
    "It": 17,
    "...": 3
  },
  "The dog that barked all night": {
    "...": 3,
    "A": 8,
    "There": 1,
    "Ah": 1,
    "I": 2,
    "The": 3,
    "was": 1,
    "It": 1
  },
  "Remembering the past": {
    "Remember": 18,
    "The": 1,
    "I": 1
  },
  "In the heart of the forest, a faint glow": {
    "eman": 3,
    "...": 17
  },
  "The river flowing endlessly": {
    "What": 16,
    "The": 2,
    "A": 2
  },
  "The child who had been crying in the grocery store": {
    "The": 1,
    "A": 2,
    "is": 11,
    "I'm": 5,
    "I": 1
  },
  "In the shadow of the tower": {
    "It": 4,
    "In": 11,
    "...": 3,
    "\"In": 2
  },
  "The cat is hiding under the": {
    "bed": 20
  },
  "The students are studying in the": {
    "##": 5,
    "It": 15
  },
  "If I had a million dollars, I would": {
    "If": 18,
    "What": 2
  },
  "He knew she was": {
    "It": 20
  },
  "The phone is ringing in the": {
    "It": 15,
    "...": 5
  },
  "While they were arguing": {
    "It": 20
  },
  "The argument started when": {
    "It": 16,
    "This": 4
  },
  "The laughter echoed through the empty halls, as if": {
    "the": 20
  },
  "The baby started crying when": {
    "I'd": 3,
    "It": 7,
    "I": 3,
    "##": 5,
    "I'm": 1,
    "it": 1
  },
  "When he arrives": {
    "It": 20
  },
  "The stillness was broken by the": {
    "sound": 20
  },
  "The cat sat on the": {
    "mat": 20
  },
  "Beyond the horizon": {
    "The": 19,
    "\"": 1
  },
  "Despite having": {
    "It": 20
  },
  "The restaurant had a great view, and": {
    "the": 20
  },
  "When the lights suddenly went out": {
    "...": 6,
    "It": 8,
    "When": 6
  },
  "The old tree's roots stretched deep into": {
    "the": 20
  },
  "I am listening to": {
    "I'm": 5,
    "it": 2,
    "It": 13
  },
  "The wind is blowing through the": {
    "trees": 4,
    "...": 16
  },
  "She is wearing a blue": {
    "...": 9,
    "It": 11
  },
  "The letter's ink had faded over time, but": {
    "it": 20
  },
  "If I had known the truth": {
    "The": 20
  },
  "The only thing standing between them was": {
    "...": 20
  },
  "She was": {
    "It": 13,
    "beaut": 2,
    "a": 5
  },
  "They say absence makes the heart grow fonder, but in this case": {
    "It": 10,
    "...": 10
  },
  "The light went": {
    "...": 20
  },
  "I wish I": {
    "It": 20
  },
  "He ran so fast that": {
    "...": 20
  },
  "The beach was very relaxing, and": {
    "the": 14,
    "...": 6
  },
  "The new policy will likely": {
    "It": 20
  },
  "Pride swelled in her chest as": {
    "she": 20
  },
  "Laying the brick pathway": {
    "L": 17,
    "A": 3
  },
  "The happy memory I have is of": {
    "It": 20
  },
  "The smell of freshly": {
    "...": 16,
    "It": 4
  }
}