{
  "Flowers were her favorite": {
    "flowers": 20
  },
  "The old woman's laughter echoed through": {
    "the": 20
  },
  "The rest of the class": {
    "is": 20
  },
  "After the fire died out": {
    "quickly": 17,
    ",": 3
  },
  "While they were arguing": {
    "loudly": 20
  },
  "Forgotten in the drawer": {
    "I": 2,
    "lies": 8,
    "sits": 4,
    "...": 6
  },
  "As soon as the door opened": {
    "quietly": 20
  },
  "Across the field, there": {
    "ran": 20
  },
  "The fish is swimming in the": {
    "river": 20
  },
  "The funniest moment of my life was": {
    "when": 20
  },
  "She didn\u2019t": {
    "know": 20
  },
  "She clutched her ticket tightly, feeling": {
    "excited": 20
  },
  "As the clock struck midnight, the": {
    "party": 18,
    "witch": 2
  },
  "He had never": {
    "seen": 20
  },
  "When the sun rises": {
    "over": 16,
    "tomorrow": 4
  },
  "The dog is barking at the": {
    "mail": 20
  },
  "Even though he apologized": {
    "sinc": 20
  },
  "She stared at the mirror, but her reflection": {
    "wasn": 20
  },
  "He was six feet": {
    "tall": 10,
    "Tall": 10
  },
  "I have always been fascinated by": {
    "technology": 9,
    "weather": 11
  },
  "The painting hanging in the museum's main hall depicted": {
    "landsc": 17,
    "gently": 1
  },
  "If you could go anywhere": {
    "right": 20
  },
  "The bird soaring high": {
    "in": 19,
    "above": 1
  },
  "As well": {
    "possible": 2,
    "sure": 18
  },
  "The riddle hinted at a treasure hidden in": {
    "the": 1,
    "plain": 19
  },
  "Despite the warnings, I ventured into": {
    "the": 20
  },
  "The cake is in the": {
    "kitchen": 20
  },
  "The music fading away": {
    "softly": 20
  },
  "The severity of": {
    "this": 13,
    "your": 7
  },
  "Standing at the edge of the cliff, I felt": {
    "afraid": 20
  },
  "The train approaching": {
    "whist": 12,
    "station": 4,
    "the": 4
  },
  "Having finished the task": {
    "surely": 16,
    "quickly": 4
  },
  "The clock ticked away": {
    "slowly": 20
  },
  "The old chest contained treasures that": {
    "nobody": 18,
    "had": 2
  },
  "I think": {
    "therefore": 20
  },
  "The stranger's eyes held a glint of": {
    "m": 14,
    "mad": 6
  },
  "He paused, as if about to say something, but then": {
    "\"": 19,
    "suddenly": 1
  },
  "He couldn't believe his eyes when": {
    "he": 20
  },
  "The mystery remains unsolved, but evidence suggests": {
    "a": 20
  },
  "When the lights suddenly went out": {
    "out": 15,
    "off": 1,
    "dark": 4
  },
  "It was a love story for the ages, but fate had other plans when": {
    "suddenly": 20
  },
  "The invention revolutionized the world, yet its creator": {
    "died": 15,
    "faded": 5
  },
  "Considering all the options": {
    "carefully": 17,
    "polit": 2,
    "possible": 1
  },
  "He didn\u2019t know": {
    "why": 20
  },
  "The mysterious package that arrived at midnight contained": {
    "a": 20
  },
  "Despite the rain": {
    "I": 11,
    "we": 9
  },
  "The scent of roses filled the garden as": {
    "I": 20
  },
  "Outside the house": {
    "Is": 18,
    "is": 2
  },
  "The old man's voice": {
    "bo": 20
  },
  "While sorting through her mother's belongings": {
    "carefully": 13,
    "after": 7
  },
  "Her soft voice": {
    "whispered": 20
  },
  "And then there was silence, except": {
    "for": 20
  },
  "The park was beautiful, but": {
    "unfortunately": 16,
    "mud": 4
  },
  "The stars twinkled in": {
    "the": 18,
    "sky": 2
  },
  "The riverbank was lined": {
    "with": 20
  },
  "The letter was sealed with a wax": {
    "stamp": 16,
    "kiss": 4
  },
  "They were surprised to learn that": {
    "actually": 20
  },
  "The man wearing the red hat": {
    "ran": 15,
    "walked": 5
  },
  "The sound of a distant owl hooting": {
    "night": 9,
    "echo": 2,
    "...": 9
  },
  "The sound of footsteps": {
    "echo": 20
  },
  "The wind whispered ancient secrets to": {
    "the": 20
  },
  "The bird is building a": {
    "nest": 20
  },
  "The boy's heart raced": {
    "when": 20
  },
  "She dreamed of a place where": {
    "animals": 5,
    "strangers": 15
  },
  "The new movie is directed by": {
    "Spiel": 20
  },
  "Before the storm began": {
    "suddenly": 20
  },
  "The old man, with a twinkle in his eye, began to": {
    "tell": 20
  },
  "The concert was amazing, but": {
    "unfortunately": 20
  },
  "Even if it\u2019s difficult": {
    "surely": 14,
    "to": 4,
    "Sure": 2
  },
  "The book lay open on the table, its pages": {
    "yellow": 20
  },
  "The potion bubbled and turned": {
    "blue": 20
  },
  "Figuring out the puzzle": {
    "Next": 20
  },
  "The phone call she had been dreading finally came when": {
    "evening": 16,
    "she": 4
  },
  "I wish I": {
    "could": 20
  },
  "The hotel had a great pool, and": {
    "location": 20
  },
  "He stood there, wondering": {
    "how": 20
  },
  "The test was harder than": {
    "I": 20
  },
  "She whispered a secret that": {
    "nobody": 17,
    "begins": 3
  },
  "The little girl's eyes": {
    "shining": 20
  },
  "She opened the box and found": {
    "a": 20
  },
  "In the heart of the forest, a faint glow": {
    "ill": 20
  },
  "The boy is riding his": {
    "bike": 20
  },
  "Every morning at exactly 6:30, the neighbor would": {
    "wake": 12,
    "start": 8
  },
  "Because of the unexpected delay": {
    "the": 3,
    "immediately": 17
  },
  "She always": {
    "forget": 17,
    "cook": 3
  },
  "Although the path was difficult": {
    "initially": 20
  },
  "The wind howling fiercely": {
    "outside": 20
  },
  "The cat's fur was soft": {
    "and": 20
  },
  "She smiled mysteriously": {
    "and": 20
  },
  "When I finish": {
    "my": 20
  },
  "Though many years had passed since": {
    "then": 20
  },
  "If it weren't for you, I would have": {
    "never": 20
  },
  "The best way to get around is": {
    "by": 11,
    "public": 9
  },
  "The museum was closed, so": {
    "we": 20
  },
  "The new game is rated": {
    "M": 4,
    "mature": 16
  },
  "Laughter rippled through the crowded": {
    "room": 20
  },
  "The last word was": {
    "\"": 8,
    "user": 4,
    "of": 5,
    "spoken": 3
  },
  "I am not good at": {
    "sports": 8,
    "cooking": 12
  },
  "Reading is one of": {
    "my": 20
  },
  "When he arrives": {
    "home": 20
  },
  "The taste of freedom felt like": {
    "Sun": 5,
    "bitter": 15
  },
  "The sound of waves crashing against the": {
    "shore": 20
  },
  "The company will be successful if": {
    "we": 20
  },
  "The bird is flying in the": {
    "sky": 20
  },
  "After waiting in line for over two hours": {
    "finally": 20
  },
  "It was a normal day until": {
    "suddenly": 20
  },
  "She had to": {
    "hurry": 20
  },
  "Learning from my mistakes": {
    "Impro": 4,
    "makes": 5,
    "I": 7,
    "made": 4
  },
  "The unexpected visitor brought with him": {
    "herself": 7,
    "surprise": 9,
    "suddenly": 1,
    "him": 3
  },
  "Because the lights were off": {
    "On": 6,
    "on": 14
  },
  "Running through the fog": {
    "Slow": 6,
    "Quick": 14
  },
  "The future holds": {
    "hope": 12,
    "bright": 4,
    "rain": 4
  },
  "The train is arriving at": {
    "platform": 20
  },
  "The car was": {
    "dirty": 20
  },
  "The door swung open to reveal": {
    "a": 13,
    "darkness": 7
  },
  "Whenever the phone rings": {
    "quietly": 9,
    "\"": 11
  },
  "The old mirror's surface was cracked, yet": {
    "still": 20
  },
  "Before the meeting could officially begin": {
    "surely": 20
  },
  "The concert was amazing, especially": {
    "when": 20
  },
  "The old man sitting on the park bench every morning always": {
    "smiles": 18,
    "reads": 2
  },
  "The hotel room was too small, and": {
    "sp": 7,
    "big": 13
  },
  "The laughter echoed through the empty halls, as if": {
    "somebody": 9,
    "something": 5,
    "ghost": 1,
    "someone": 2,
    "mock": 3
  },
  "The painting revealed": {
    "secrets": 19,
    "layers": 1
  },
  "No matter what, he always tried to": {
    "finish": 3,
    "help": 17
  },
  "Around the corner": {
    "There": 14,
    "lies": 2,
    "there": 4
  },
  "The path through the desert led to": {
    "o": 15,
    "the": 5
  },
  "The scientist\u2019s experiment went wrong when": {
    "suddenly": 20
  },
  "The new restaurant is": {
    "open": 11,
    "opening": 6,
    "located": 3
  },
  "Though it was expensive": {
    "expensive": 11,
    "initially": 9
  },
  "The sound of a distant train whistle": {
    "echo": 3,
    "...": 15,
    "blowing": 2
  },
  "The phone is ringing in the": {
    "living": 20
  },
  "Trapped in the elevator, we discovered": {
    "suddenly": 20
  },
  "Cutting down a tree": {
    "requires": 20
  },
  "Before she knew it": {
    "was": 19,
    "morning": 1
  },
  "My favorite type of music is": {
    "jazz": 20
  },
  "The key unlocked": {
    "the": 20
  },
  "The smell of freshly cut grass always made her think of": {
    "summer": 15,
    "home": 5
  },
  "The car screeched to": {
    "a": 20
  },
  "She whispered the secret": {
    "softly": 13,
    "word": 7
  },
  "As soon as": {
    "you": 20
  },
  "He followed the trail of": {
    "bread": 5,
    "cookies": 9,
    "cr": 6
  },
  "Without any warning or explanation": {
    "Sure": 20
  },
  "He is eating a": {
    "apple": 20
  },
  "The cat chased": {
    "mouse": 20
  },
  "After he finished speaking": {
    "his": 18,
    "sentence": 1,
    "eating": 1
  },
  "Shadows crept across the walls": {
    "dim": 20
  },
  "As the sun set, the sky turned": {
    "pink": 20
  },
  "Lost in thought": {
    "...": 3,
    "Deep": 17
  },
  "He decided to leave because": {
    "...": 12,
    "suddenly": 4,
    "work": 4
  },
  "The phone rang": {
    "\"": 12,
    "loudly": 8
  },
  "If only he had listened": {
    "to": 9,
    "carefully": 11
  },
  "The sound of the waves": {
    "cr": 20
  },
  "Unless we find another solution": {
    "surely": 13,
    "sure": 7
  },
  "The stranger handed me": {
    "a": 15,
    "eerst": 5
  },
  "When the mirror cracked": {
    "suddenly": 6,
    "I": 6,
    "sh": 2,
    "loudly": 3,
    "...": 3
  },
  "As the storm raged on, they heard": {
    "thunder": 13,
    "branches": 4,
    "loud": 3
  },
  "They went to the": {
    "park": 9,
    "store": 11
  },
  "Given the limited resources available": {
    "resources": 2,
    "for": 15,
    "sometimes": 2,
    "currently": 1
  },
  "The monument was impressive, but": {
    "smaller": 11,
    "sadly": 9
  },
  "The dog chased its": {
    "tail": 20
  },
  "Through the keyhole, I spied": {
    "something": 20
  },
  "If I could rewrite": {
    "time": 18,
    "history": 2
  },
  "Dancing in the moonlight, we felt": {
    "ser": 20
  },
  "The wind is blowing through the": {
    "trees": 20
  },
  "She looked as if": {
    "she": 20
  },
  "The wind carried the sound of": {
    "foot": 20
  },
  "Considering the consequences": {
    "of": 20
  },
  "The phone number he forgot": {
    "is": 20
  },
  "I have always wanted to visit": {
    "Japan": 20
  },
  "Managing the finances": {
    "is": 17,
    "Is": 3
  },
  "The book was": {
    "on": 20
  },
  "The car that had been parked outside for weeks finally": {
    "moved": 20
  },
  "In front of": {
    "you": 5,
    "user": 8,
    "sure": 7
  },
  "Although she was tired": {
    "still": 20
  },
  "They say absence makes the heart grow fonder, but in this case": {
    "case": 20
  },
  "In the glow of": {
    "dawn": 20
  },
  "The cold water was refreshing on": {
    "a": 20
  },
  "The door opened": {
    "quietly": 11,
    "slowly": 9
  },
  "The view from the top of the mountain was": {
    "breat": 20
  },
  "After the last guest left the party": {
    "quietly": 4,
    "clean": 4,
    "cleanup": 12
  },
  "I prefer morning walks to": {
    "evening": 20
  },
  "If they only knew": {
    "how": 17,
    "surely": 1,
    "...": 2
  },
  "Because of the traffic jam": {
    "on": 19,
    "we": 1
  },
  "Before leaving, make sure you": {
    "turn": 18,
    "understand": 2
  },
  "The decision to quit her job after ten years was": {
    "difficult": 20
  },
  "The hotel room had a nice balcony, but": {
    "view": 20
  },
  "The missing piece to the puzzle was found in an unlikely place\u2014under": {
    "the": 20
  },
  "When the rain started falling heavily on the old wooden roof": {
    "house": 20
  },
  "The old diary contained secrets that": {
    "revealed": 14,
    "nobody": 6
  },
  "The camera captured": {
    "images": 20
  },
  "The sound of the waves crashing on the shore was": {
    "so": 20
  },
  "By the time I arrived, they": {
    "already": 3,
    "had": 17
  },
  "The sound of the ocean": {
    "waves": 20
  },
  "As the teacher walked": {
    "through": 20
  },
  "The difficult task was finally": {
    "completed": 16,
    "done": 4
  },
  "Without thinking": {
    "far": 11,
    "surely": 9
  },
  "My favorite food is": {
    "pizza": 9,
    "s": 11
  },
  "Since it\u2019s your birthday": {
    "coming": 10,
    "tomorrow": 10
  },
  "The question that lingered was": {
    "uns": 8,
    "un": 12
  },
  "The letter's ink had faded over time, but": {
    "leg": 8,
    "gradually": 3,
    "reading": 2,
    "slowly": 7
  },
  "The weather forecast said": {
    "Rain": 18,
    "rain": 2
  },
  "The new employee has": {
    "started": 20
  },
  "The sound coming from the basement at 3 AM was": {
    "eer": 20
  },
  "When nobody was watching": {
    "carefully": 20
  },
  "The hotel room was nice, but": {
    "dirty": 14,
    "mess": 6
  },
  "They also decided": {
    "to": 20
  },
  "The lovely garden was full of": {
    "flowers": 20
  },
  "I love spending time with": {
    "family": 20
  },
  "The movie was": {
    "great": 8,
    "interesting": 12
  },
  "The lights flickering": {
    "might": 13,
    "suddenly": 6,
    "sometimes": 1
  },
  "They arrived too late": {
    "For": 15,
    "for": 4,
    "unfortunately": 1
  },
  "As I walked through": {
    "the": 20
  },
  "Waiting for the bus": {
    "Sure": 20
  },
  "If we don\u2019t leave soon": {
    "quickly": 20
  },
  "The one thing I regret is": {
    "not": 20
  },
  "If I had known the truth": {
    "earlier": 6,
    "then": 9,
    "sooner": 5
  },
  "Until someone comes forward with": {
    "the": 14,
    "information": 6
  },
  "She thought about the future": {
    "tomorrow": 19,
    "prospects": 1
  },
  "The package was delivered to": {
    "front": 20
  },
  "I love reading books about": {
    "history": 20
  },
  "His paintings are characterized by": {
    "vibr": 20
  },
  "The city was very noisy, and": {
    "quiet": 20
  },
  "Trying to remember": {
    "my": 2,
    "the": 18
  },
  "When the stars aligned": {
    "then": 1,
    "perfectly": 17,
    "yesterday": 2
  },
  "Knowing he was right": {
    "suddenly": 20
  },
  "The new smartphone has a": {
    "screen": 20
  },
  "Her smile lit up the whole": {
    "room": 20
  },
  "Until we meet again": {
    "tomorrow": 7,
    "Hello": 4,
    "Good": 9
  },
  "In spite of everything": {
    "happening": 14,
    "I": 6
  },
  "If shadows could speak": {
    "surely": 4,
    "they": 10,
    "of": 5,
    "their": 1
  },
  "Beyond the mountains where nobody": {
    "goes": 20
  },
  "The teacher is explaining the": {
    "homework": 20
  },
  "When everyone": {
    "is": 18,
    "else": 2
  },
  "Reflections danced on the mirrored surface": {
    "wall": 19,
    "of": 1
  },
  "The flowers are in the": {
    "v": 20
  },
  "If only he": {
    "knew": 20
  },
  "Before the concert starts": {
    "surely": 4,
    "generally": 11,
    "...": 5
  },
  "Through the foggy glass": {
    "window": 20
  },
  "Over the distant hills": {
    "roll": 17,
    "rolled": 3
  },
  "Because of their": {
    "convers": 16,
    "limitations": 4
  },
  "I need to buy some": {
    "Gro": 20
  },
  "The secret was": {
    "hidden": 11,
    "inside": 4,
    "in": 5
  },
  "The book, though long, proved to be": {
    "eng": 20
  },
  "The stranger who knocked on their door late at night claimed": {
    "to": 20
  },
  "The song that played": {
    "yesterday": 7,
    "at": 7,
    "on": 6
  },
  "Unable to believe his eyes": {
    "her": 8,
    "seeing": 2,
    ",": 4,
    "suddenly": 6
  },
  "The weather was": {
    "nice": 20
  },
  "The interesting fact I learned was": {
    "yesterday": 20
  },
  "The company is looking for someone with": {
    "experience": 20
  },
  "Unless we act quickly to prevent": {
    "further": 13,
    "disaster": 7
  },
  "The cat pounced on the": {
    "mouse": 20
  },
  "As she walked away": {
    "quietly": 12,
    "quickly": 8
  },
  "The baby started crying when": {
    "suddenly": 20
  },
  "Although many researchers have attempted to": {
    "build": 8,
    "study": 12
  },
  "The cat is hiding under the": {
    "couch": 9,
    "table": 11
  },
  "Every morning she would": {
    "wake": 20
  },
  "The meeting was": {
    "scheduled": 16,
    "cancelled": 4
  },
  "The new restaurant serves": {
    "delicious": 20
  },
  "The diary entry began": {
    "yesterday": 8,
    "suddenly": 6,
    "\"": 6
  },
  "To achieve my dreams": {
    "I": 20
  },
  "The mysterious letter arrived": {
    "yesterday": 9,
    "today": 8,
    "suddenly": 3
  },
  "The sound of the violin haunted the": {
    "hallway": 20
  },
  "Memories of childhood summers flooded": {
    "back": 20
  },
  "If we go": {
    "shopping": 17,
    "walking": 3
  },
  "Though tired, they continued to": {
    "march": 17,
    "work": 3
  },
  "Looking out the window": {
    "I": 20
  },
  "The cat hid": {
    "under": 20
  },
  "The wind carried a faint": {
    "whisper": 20
  },
  "Beyond the horizon": {
    "lies": 17,
    "l": 3
  },
  "The robot whispered": {
    "softly": 12,
    "quietly": 8
  },
  "They say history is written by the victors, but what about": {
    "los": 20
  },
  "The house on the hill": {
    "looks": 20
  },
  "She decided to take a walk": {
    "because": 7,
    "yesterday": 12,
    "around": 1
  },
  "We are going to the": {
    "park": 20
  },
  "As soon as the music started": {
    "playing": 20
  },
  "The secret ingredient was": {
    "sugar": 8,
    "salt": 12
  },
  "The sound of footsteps echoed through": {
    "the": 20
  },
  "Although she tried hard": {
    "to": 19,
    "still": 1
  },
  "Silent tears streamed down her cheeks": {
    "face": 14,
    "as": 6
  },
  "In case you forgot": {
    "Sure": 20
  },
  "He couldn\u2019t believe": {
    "his": 20
  },
  "Running through the park, she": {
    "heard": 12,
    "saw": 5,
    "smiled": 3
  },
  "Hidden among the flowers was a secret message that read": {
    "carefully": 20
  },
  "Despite the rain, the picnic": {
    "must": 20
  },
  "Mom left a note on the": {
    "kitchen": 20
  },
  "Because she was tired": {
    "therefore": 16,
    ",": 4
  },
  "Working late shifts": {
    "can": 19,
    "tonight": 1
  },
  "The path ahead was uncertain, but they decided to": {
    "proceed": 20
  },
  "The child drew": {
    "carefully": 20
  },
  "Sometimes, in the middle": {
    "of": 20
  },
  "Fireworks exploded in a kaleidoscope": {
    "of": 20
  },
  "It was a plan that depended on precise timing, and unfortunately": {
    "execution": 16,
    "that": 4
  },
  "Before you decide": {
    "your": 2,
    "the": 18
  },
  "When they finally reached the top of the mountain": {
    "they": 20
  },
  "While the baby slept": {
    "sound": 3,
    "Peace": 2,
    "Sound": 7,
    "peace": 8
  },
  "The cat sat on the": {
    "mat": 20
  },
  "Lost in translation were the true intentions of": {
    "the": 20
  },
  "As the fireworks lit up the sky, he": {
    "watched": 13,
    "gaz": 7
  },
  "The old map revealed a hidden treasure": {
    "island": 20
  },
  "She was": {
    "walking": 20
  },
  "Because the old clock tower hadn't chimed in years": {
    "decades": 20
  },
  "The old tree stood tall and proud, its branches": {
    "reaching": 19,
    "sway": 1
  },
  "With a heavy heart": {
    "she": 20
  },
  "Broken and worn": {
    "out": 14,
    "down": 3,
    "shoes": 3
  },
  "She closed her eyes": {
    "tightly": 3,
    "slowly": 17
  },
  "The sun was": {
    "shining": 20
  },
  "In the quiet village, a rumor spread about": {
    "suddenly": 20
  },
  "While examining the curious artifact": {
    "carefully": 20
  },
  "The old chest's lock was rusted shut, its": {
    "h": 13,
    "paint": 7
  },
  "If only it were possible to": {
    "easy": 20
  },
  "Before the game started": {
    "everyone": 7,
    "game": 8,
    "I": 3,
    "actually": 1,
    "we": 1
  },
  "The reason for their sudden departure was": {
    "un": 19,
    "une": 1
  },
  "The key that unlocked the mysterious chest revealed": {
    "a": 20
  },
  "They searched everywhere, but couldn't find": {
    "it": 17,
    "find": 3
  },
  "Seeing that there was no alternative": {
    "left": 20
  },
  "Frost settled delicately on the": {
    "Gr": 10,
    "grass": 10
  },
  "He couldn\u2019t": {
    "believe": 20
  },
  "During the long winter months when snow covered everything": {
    "finally": 20
  },
  "The old man's eyes": {
    "tw": 19,
    "were": 1
  },
  "The museum exhibit was very interesting, and": {
    "interactive": 20
  },
  "If I had a million dollars, I would": {
    "buy": 20
  },
  "As the sun set, the city skyline": {
    "gl": 20
  },
  "If I could go back in time": {
    "I": 20
  },
  "In the abandoned library, a book began to": {
    "glow": 5,
    "speak": 8,
    "sing": 7
  },
  "I couldn\u2019t": {
    "finish": 4,
    "believe": 16
  },
  "When the music stopped": {
    "playing": 11,
    "suddenly": 9
  },
  "Because he forgot the keys": {
    "inside": 20
  },
  "It was a risky move, but": {
    "ultimately": 20
  },
  "She is singing a": {
    "song": 20
  },
  "Before the world changed": {
    "there": 5,
    "dr": 15
  },
  "She decided that": {
    "tomorrow": 20
  },
  "The ancient manuscript, covered in dust, revealed": {
    "a": 20
  },
  "Her favorite type of music": {
    "is": 20
  },
  "The snow is covering the": {
    "ground": 20
  },
  "Without warning, the": {
    "user": 20
  },
  "The book's pages were yellowed with age": {
    "from": 14,
    "time": 6
  },
  "The key under the mat": {
    "is": 20
  },
  "He wished he could have said": {
    "good": 20
  },
  "Besides the obvious problems with": {
    "understanding": 20
  },
  "Although the recipe seemed simple enough": {
    "initially": 18,
    "to": 2
  },
  "Once the ceremony had begun": {
    "abruptly": 19,
    "quietly": 1
  },
  "The scent of fresh-baked cookies reminded me of": {
    "home": 19,
    "grand": 1
  },
  "The dog's bark echoed": {
    "throughout": 12,
    "through": 8
  },
  "A melody echoed from": {
    "somewhere": 20
  },
  "The book lying on the table": {
    "is": 20
  },
  "The boy's face lit up": {
    "when": 20
  },
  "When the phone rang": {
    "\"": 15,
    "loudly": 5
  },
  "The bus driver yelled": {
    "\"": 20
  },
  "She whispered secrets only the": {
    "wall": 20
  },
  "The challenge was not to win, but to": {
    "end": 13,
    "participate": 2,
    "understand": 5
  },
  "Around the campfire": {
    "we": 18,
    "We": 2
  },
  "The friendship that had lasted since childhood was now": {
    "str": 20
  },
  "Among the ruins of the ancient": {
    "city": 20
  },
  "They say a house is not a home, and this one certainly felt": {
    "unw": 19,
    "empty": 1
  },
  "During the power outage that affected": {
    "whole": 20
  },
  "The book was so interesting that": {
    "I": 20
  },
  "The rabbit hopped": {
    "quickly": 19,
    "quick": 1
  },
  "If I had studied harder, I": {
    "would": 12,
    "might": 8
  },
  "The flowers were blooming, and": {
    "suddenly": 4,
    "bright": 16
  },
  "However much she tried to forget": {
    "him": 20
  },
  "The candle flickered in the darkness, casting": {
    "light": 12,
    "shadows": 5,
    "dim": 3
  },
  "She didn't understand": {
    "why": 20
  },
  "The museum exhibit was very interactive, and": {
    "kids": 20
  },
  "Walking through the forest, she noticed": {
    "suddenly": 20
  },
  "The teacher asked the students to": {
    "open": 20
  },
  "The company is looking for someone who": {
    "can": 20
  },
  "Until the end": {
    "I": 20
  },
  "He hesitated for a moment": {
    "before": 20
  },
  "It was a dream so vivid that": {
    "suddenly": 3,
    "I": 17
  },
  "While she was": {
    "cooking": 20
  },
  "When the final exam results were posted online": {
    "finally": 20
  },
  "The letter arrived, and with it came": {
    "rain": 13,
    "news": 7
  },
  "In the dream, she was running from": {
    "something": 20
  },
  "I remember": {
    "yesterday": 15,
    "once": 5
  },
  "The new employee is very": {
    "motivated": 18,
    "compet": 2
  },
  "If only I had known": {
    "sooner": 20
  },
  "The concert is scheduled for": {
    "tomorrow": 17,
    "Thursday": 3
  },
  "Without knowing": {
    "the": 20
  },
  "The witness remained silent, but their expression betrayed": {
    "them": 20
  },
  "They would have": {
    "like": 16,
    "inserted": 4
  },
  "The city at night": {
    "is": 13,
    "gl": 7
  },
  "After reviewing all the evidence": {
    "provided": 6,
    "available": 14
  },
  "I was late because": {
    "traffic": 20
  },
  "Under the starlit sky, she discovered": {
    "sk": 20
  },
  "Across the room": {
    "sat": 17,
    "I": 3
  },
  "I need to finish": {
    "quickly": 5,
    "eating": 5,
    "writing": 5,
    "my": 5
  },
  "Reflecting on the choices I made, I wish I could have": {
    "chosen": 8,
    "done": 12
  },
  "The train whistle blew, and the": {
    "train": 20
  },
  "If tomorrow never comes": {
    "today": 20
  },
  "The clock ticking loudly": {
    "on": 17,
    "in": 3
  },
  "Without a word": {
    "following": 16,
    "that": 4
  },
  "The most important lesson he learned was": {
    "patience": 20
  },
  "When I was younger": {
    "I": 20
  },
  "The old mirror reflected a face that": {
    "was": 8,
    "smiled": 12
  },
  "The way he smiled": {
    "made": 20
  },
  "The city was beautiful, but": {
    "dirty": 20
  },
  "The car broke down": {
    "so": 20
  },
  "In the middle of the night": {
    "I": 20
  },
  "Provided that everyone agrees to": {
    "the": 16,
    "play": 1,
    "following": 1,
    "follow": 1,
    "that": 1
  },
  "As I walked through the forest, I heard": {
    "leaves": 11,
    "loud": 2,
    "rust": 7
  },
  "When the clock struck twelve": {
    "midnight": 20
  },
  "The email that arrived this morning contained news that": {
    "surprised": 20
  },
  "Even though it was late": {
    "night": 20
  },
  "Under the bright moonlight": {
    "sh": 20
  },
  "With a final glance": {
    "at": 20
  },
  "Inside the haunted house": {
    "lies": 15,
    "lur": 5
  },
  "If you believe in yourself": {
    "definitely": 20
  },
  "If you want to succeed, you must": {
    "follow": 20
  },
  "The old mansion had": {
    "stood": 16,
    "ghost": 4
  },
  "The bridge swayed as they": {
    "crossed": 20
  },
  "After the storm had finally passed": {
    "quietly": 19,
    "calm": 1
  },
  "The shadows growing longer": {
    "indicate": 20
  },
  "With tears in her eyes": {
    "she": 20
  },
  "Because she was": {
    "nervous": 12,
    "tired": 8
  },
  "If I could travel": {
    "anywhere": 18,
    "back": 2
  },
  "He traced the symbol on the": {
    "ground": 20
  },
  "The new course starts on": {
    "Monday": 20
  },
  "Before the sun rises": {
    "quickly": 20
  },
  "She found comfort in the thought that": {
    "eventually": 20
  },
  "Before the show starts": {
    "tomorrow": 6,
    "begins": 7,
    "house": 2,
    "Today": 5
  },
  "The most challenging part of my job is": {
    "managing": 19,
    "meeting": 1
  },
  "The silence broken": {
    "only": 20
  },
  "When I woke up": {
    "this": 19,
    "today": 1
  },
  "The best part about summer is": {
    "vacation": 20
  },
  "She felt a chill as the": {
    "mon": 20
  },
  "The exciting news was announced by": {
    "the": 20
  },
  "Hidden beneath the floorboards was a secret compartment containing": {
    "treasure": 20
  },
  "The clock struck midnight": {
    "then": 13,
    "suddenly": 7
  },
  "She promised herself that she would never again": {
    "lie": 12,
    "forget": 8
  },
  "If only I had known then what I know now": {
    "surely": 11,
    "sooner": 7,
    "...": 2
  },
  "The sound of laughter filled the air as": {
    "kids": 4,
    "children": 16
  },
  "Meanwhile, across town, the detective": {
    "investigated": 4,
    "arrived": 16
  },
  "If everything goes well": {
    "continue": 15,
    "successfully": 5
  },
  "While walking through the park": {
    "quietly": 11,
    "I": 3,
    "Qu": 6
  },
  "As I looked out the window, I saw": {
    "rain": 13,
    "Rain": 7
  },
  "After the meeting ended": {
    "suddenly": 18,
    "abruptly": 2
  },
  "The bridge that connected the two small towns had been": {
    "destroyed": 20
  },
  "Whenever you feel lonely, just remember": {
    "there": 17,
    "that": 3
  },
  "The music stopped, and the room": {
    "grew": 20
  },
  "The promise he made to his father before he died": {
    "was": 20
  },
  "If I had more time": {
    "I": 20
  },
  "He is an expert at": {
    "che": 20
  },
  "The clock struck midnight as": {
    "I": 20
  },
  "They decided to": {
    "go": 11,
    "camp": 9
  },
  "Until they found": {
    "a": 14,
    "another": 6
  },
  "The new policy affects": {
    "us": 3,
    "employees": 12,
    "only": 5
  },
  "Since moving to the new city, everything has been": {
    "wonderful": 18,
    "different": 2
  },
  "After finishing his homework": {
    "quickly": 20
  },
  "The sun is shining in the": {
    "sky": 14,
    "cloud": 5,
    "middle": 1
  },
  "Pride swelled in her chest as": {
    "she": 20
  },
  "It's a nice day": {
    "today": 20
  },
  "In the silence of night, the": {
    "cr": 20
  },
  "Although it was late": {
    "night": 20
  },
  "She was going to": {
    "market": 16,
    "school": 4
  },
  "In spite of the doctor's recommendations": {
    "carefully": 20
  },
  "Assembling the furniture": {
    "instructions": 17,
    "carefully": 3
  },
  "Meditation can bring inner": {
    "peace": 20
  },
  "He ran so fast that": {
    "quickly": 4,
    "he": 16
  },
  "Near the end of the movie": {
    "C": 7,
    "credits": 13
  },
  "We are waiting for the": {
    "rain": 20
  },
  "She whispered a secret": {
    "quietly": 5,
    "to": 15
  },
  "The storm, fierce and sudden, left behind": {
    "destruction": 17,
    "debris": 3
  },
  "To truly understand": {
    "the": 20
  },
  "Throughout the long winter months": {
    "I": 17,
    "we": 3
  },
  "Without any warning": {
    "user": 4,
    "sure": 5,
    "Sh": 11
  },
  "The old clock tower chimed the hour, its": {
    "b": 1,
    "sound": 6,
    "ch": 7,
    "sounds": 6
  },
  "Under the old oak tree": {
    "sat": 20
  },
  "As the fog lifted, a ghostly figure emerged": {
    "appeared": 14,
    "gradually": 4,
    "slowly": 2
  },
  "The city is famous for its": {
    "architecture": 11,
    "weather": 9
  },
  "Beneath the city streets, a hidden": {
    "world": 20
  },
  "In the marketplace, a strange vendor offered": {
    "me": 20
  },
  "Considering all the obstacles we faced": {
    "today": 20
  },
  "The old map revealed the location of": {
    "the": 6,
    "treasure": 14
  },
  "As soon as he opened the door, he saw": {
    "a": 16,
    "dinner": 2,
    "somebody": 2
  },
  "During the meeting": {
    "today": 9,
    "tomorrow": 11
  },
  "The key turned in the lock, and the door": {
    "opened": 20
  },
  "Despite the warnings": {
    "I": 20
  },
  "Shadows danced on": {
    "the": 20
  },
  "Despite his best efforts to": {
    "conce": 20
  },
  "The sound of laughter filled the": {
    "room": 20
  },
  "The dog is playing with a": {
    "ball": 20
  },
  "Walking home alone, I sensed someone following": {
    "me": 20
  },
  "The restaurant had a great selection of": {
    "wine": 20
  },
  "The footprints led": {
    "straight": 5,
    "away": 7,
    "across": 7,
    "me": 1
  },
  "The voice on the radio": {
    "announced": 17,
    "said": 3
  },
  "It could be": {
    "a": 20
  },
  "The child with the balloon": {
    "ran": 18,
    "is": 2
  },
  "Due to": {
    "limitations": 20
  },
  "If laughter could": {
    "be": 20
  },
  "The old photograph showed a young couple": {
    "smiling": 20
  },
  "She wore a red": {
    "dress": 20
  },
  "Without looking back": {
    "Sure": 11,
    "surely": 6,
    "at": 3
  },
  "While cooking dinner": {
    "I": 20
  },
  "The restaurant was closed, so": {
    "we": 20
  },
  "Every time he heard that particular song": {
    "started": 18,
    "playing": 2
  },
  "The lion's roar shook the": {
    "cage": 20
  },
  "The old locket contained a lock of hair": {
    "from": 20
  },
  "The shadow moved before the": {
    "wall": 19,
    "moon": 1
  },
  "The river flowing endlessly": {
    "through": 4,
    "is": 16
  },
  "The door slammed shut": {
    "behind": 17,
    "Behind": 3
  },
  "The movie was really good, but": {
    "interesting": 6,
    "disappoint": 4,
    "I": 10
  },
  "The scent of": {
    "rain": 20
  },
  "Even though it was cold": {
    "outside": 20
  },
  "The beautiful song was sung by": {
    "A": 3,
    "the": 11,
    "Maria": 4,
    "a": 2
  },
  "The flickering candlelight cast strange shadows on": {
    "the": 20
  },
  "The old watch had stopped at precisely": {
    "quarter": 7,
    "twelve": 13
  },
  "Underneath the surface": {
    "of": 20
  },
  "The restaurant was crowded, so": {
    "we": 20
  },
  "The movie starts at": {
    "seven": 20
  },
  "He reached into the dusty chest and found": {
    "an": 15,
    "An": 5
  },
  "Though he promised to help": {
    "finish": 11,
    "quickly": 3,
    "tomorrow": 6
  },
  "The rain is falling on the": {
    "u": 15,
    "sidewalk": 5
  },
  "The book is on the": {
    "table": 20
  },
  "The new employee was very nervous on his first day because": {
    "he": 6,
    "...": 2,
    "naturally": 1
  },
  "On her first day": {
    "school": 15,
    "morning": 5
  },
  "The journal\u2019s final entry described": {
    "morning": 10,
    "closure": 5,
    "rain": 5
  },
  "The feeling of being lost": {
    "Over": 13,
    "in": 7
  },
  "The beach was beautiful, but": {
    "crowded": 11,
    "dirty": 8,
    "sand": 1
  },
  "In the heart of the oasis, a": {
    "verd": 6,
    "\"": 9,
    "l": 5
  },
  "The big house on the hill was": {
    "quiet": 20
  },
  "The more she thought about it, the more she realized": {
    "complicated": 20
  },
  "The smell of fresh bread baking in the kitchen always": {
    "makes": 20
  },
  "While everyone else was celebrating": {
    "new": 10,
    "New": 10
  },
  "The flowers bloomed in": {
    "spring": 20
  },
  "He remembered": {
    "yesterday": 13,
    "clearly": 6,
    "his": 1
  },
  "The train vanished into": {
    "the": 11,
    "thin": 9
  },
  "The sun was setting": {
    "slowly": 18,
    "behind": 2
  },
  "The company will be closed on": {
    "Sunday": 20
  },
  "The plan failed": {
    "due": 12,
    "because": 8
  },
  "The bus is coming from the": {
    "direction": 3,
    "station": 17
  },
  "Because everyone had different opinions about": {
    "the": 18,
    "movies": 2
  },
  "The cave walls were covered in": {
    "drawings": 16,
    "hier": 4
  },
  "Despite having": {
    "no": 10,
    "context": 10
  },
  "Learning about different cultures": {
    "can": 20
  },
  "I was so tired that": {
    "I": 20
  },
  "Just as the clock struck midnight": {
    "midnight": 20
  },
  "He wondered if": {
    "perhaps": 1,
    "probably": 3,
    "she": 9,
    "it": 6,
    "he": 1
  },
  "The new hotel is": {
    "beautiful": 14,
    "lovely": 6
  },
  "The sky was": {
    "blue": 20
  },
  "The beach was crowded, so": {
    "we": 20
  },
  "It was a puzzle that defied all attempts at a solution, until": {
    "finally": 9,
    "suddenly": 11
  },
  "The smell of freshly": {
    "b": 20
  },
  "The city was so": {
    "beautiful": 13,
    "quiet": 7
  },
  "Beneath the cracked pavement": {
    "lies": 20
  },
  "The book on the shelf": {
    "is": 20
  },
  "In the stillness of the night": {
    "hear": 20
  },
  "The light went": {
    "out": 20
  },
  "The smell of freshly baked cookies made me": {
    "hungry": 20
  },
  "Even though the deadline was approaching": {
    "quickly": 19,
    "fast": 1
  },
  "Looking around the empty": {
    "room": 20
  },
  "Although he didn\u2019t win": {
    "the": 20
  },
  "She is cooking": {
    "dinner": 20
  },
  "The kids were playing outside, but": {
    "suddenly": 20
  },
  "The hotel staff was very helpful, and": {
    "friendly": 20
  },
  "The painting, vibrant and abstract, conveyed a sense of": {
    "joy": 20
  },
  "There's a strange noise": {
    "coming": 20
  },
  "The best way to get to the city is": {
    "highway": 16,
    "inter": 3,
    "through": 1
  },
  "Inside the old house": {
    "lived": 1,
    "lives": 10,
    "sits": 9
  },
  "The tree is growing in the": {
    "yard": 7,
    "garden": 8,
    "forest": 5
  },
  "The hotel staff was very friendly, and": {
    "helpful": 20
  },
  "They were": {
    "eating": 20
  },
  "The flowers wilted in": {
    "heat": 20
  },
  "The new policy requires": {
    "employees": 18,
    "compliance": 2
  },
  "Beneath the ancient tree": {
    "stands": 16,
    "sat": 4
  },
  "His hair was": {
    "mess": 18,
    "black": 2
  },
  "When I got home, I realized I had forgotten to": {
    "bring": 10,
    "lock": 7,
    "buy": 3
  },
  "The music, soft and haunting, made her feel": {
    "nost": 20
  },
  "The tour guide was very knowledgeable, and": {
    "helpful": 17,
    "inform": 3
  },
  "She walked to the": {
    "store": 20
  },
  "The old violin played a haunting melody": {
    "softly": 20
  },
  "The dog that followed her home from the park seemed": {
    "hungry": 10,
    "tired": 10
  },
  "The old photograph showed": {
    "a": 6,
    "clearly": 8,
    "my": 6
  },
  "They sent a": {
    "letter": 18,
    "message": 2
  },
  "The child who had been crying in the grocery store": {
    "suddenly": 20
  },
  "The sound of rain": {
    "pat": 20
  },
  "The door creaking open": {
    "slowly": 20
  },
  "The cat curled up on": {
    "the": 14,
    "sofa": 6
  },
  "The teacher asked": {
    "students": 20
  },
  "The man is working on the": {
    "roof": 20
  },
  "The fragrance of freshly brewed coffee": {
    "per": 8,
    "beans": 11,
    "is": 1
  },
  "Rather than accept defeat, the team": {
    "decided": 20
  },
  "He found a mysterious": {
    "envelope": 20
  },
  "Before the storm arrived": {
    "quickly": 16,
    "suddenly": 4
  },
  "The crash echoed": {
    "throughout": 13,
    "through": 6,
    "loudly": 1
  },
  "The sound of children": {
    "playing": 20
  },
  "Leaves rustled and whispered to each other": {
    "in": 18,
    "as": 1,
    "softly": 1
  },
  "Morning light sparkled across": {
    "de": 20
  },
  "The only thing standing between them was": {
    "a": 20
  },
  "The final page": {
    "of": 17,
    "Of": 3
  },
  "Wishing I could go back": {
    "to": 20
  },
  "To achieve": {
    "this": 15,
    "continu": 5
  },
  "It was a gamble, but the payoff could be enormous if": {
    "successful": 20
  },
  "The girl is jumping on the": {
    "tr": 20
  },
  "The park was very peaceful, and": {
    "quiet": 20
  },
  "Building a strong team requires": {
    "trust": 20
  },
  "The moonlight cast an eerie glow over": {
    "the": 20
  },
  "The room was": {
    "dark": 20
  },
  "The letter she never sent": {
    "to": 20
  },
  "When the old photograph fell from": {
    "frame": 9,
    "the": 11
  },
  "The city was filled": {
    "with": 20
  },
  "As soon as the sun set behind the hills": {
    "horizon": 18,
    "quickly": 1,
    "then": 1
  },
  "The restaurant was very busy, and": {
    "finally": 6,
    "suddenly": 6,
    "eventually": 8
  },
  "The girl's voice trembled": {
    "slightly": 13,
    "as": 7
  },
  "The new app requires": {
    "users": 20
  },
  "The car is parked in the": {
    "drive": 20
  },
  "Driven by curiosity": {
    "him": 6,
    "she": 14
  },
  "At the edge of the cliff, she saw": {
    "nothing": 20
  },
  "When I opened the door": {
    "to": 20
  },
  "As the sun set": {
    "horizon": 1,
    "slowly": 19
  },
  "The baby laughed at": {
    "me": 13,
    "sight": 1,
    "seeing": 6
  },
  "The code on the screen suddenly": {
    "displayed": 14,
    "crashed": 6
  },
  "She wanted to": {
    "cook": 20
  },
  "The best part of my day was": {
    "yesterday": 18,
    "definitely": 2
  },
  "Where the river meets the": {
    "sea": 20
  },
  "He dreamed of being": {
    "famous": 12,
    "astr": 8
  },
  "The stars seemed to hold the secrets of": {
    "the": 20
  },
  "Buying a new house": {
    "requires": 12,
    "is": 8
  },
  "The smell of cinnamon always reminds me": {
    "of": 20
  },
  "The old photograph album held memories of": {
    "family": 20
  },
  "The room was dark and": {
    "lit": 20
  },
  "The story was": {
    "fascinating": 20
  },
  "The ancient map led them to": {
    "une": 20
  },
  "The painting on the wall seemed to": {
    "dep": 20
  },
  "Running down the street": {
    "quickly": 20
  },
  "The surprise party was a": {
    "success": 20
  },
  "The best time to visit is": {
    "generally": 10,
    "week": 4
  },
  "The letter from her grandmother, which she had kept for years": {
    "since": 20
  },
  "The woman is talking on the": {
    "phone": 20
  },
  "The candle's flame danced in the breeze": {
    "wild": 5,
    "err": 4,
    "ir": 6,
    "gently": 5
  },
  "The sun setting slowly": {
    "behind": 17,
    "over": 3
  },
  "The recipe called for": {
    "'": 4,
    "\"": 2,
    "flour": 14
  },
  "The book that everyone had been talking about turned out to be": {
    "disappoint": 10,
    "fascinating": 10
  },
  "Snowflakes gently fell on her": {
    "out": 10,
    "ex": 5,
    "nose": 5
  },
  "The problem was": {
    "identified": 14,
    "further": 6
  },
  "The telescope revealed a distant": {
    "galaxy": 15,
    "object": 5
  },
  "Forgotten treasures lay hidden within": {
    "the": 20
  },
  "The house was": {
    "clean": 20
  },
  "The new course covers": {
    "programming": 1,
    "fundament": 8,
    "topics": 8,
    "introduction": 3
  },
  "If only I had remembered to bring my umbrella when": {
    "leaving": 20
  },
  "Before I could explain myself": {
    "clearly": 20
  },
  "A single drop of": {
    "rain": 20
  },
  "The kids were very excited, and": {
    "eager": 8,
    "went": 1,
    "mom": 11
  },
  "To start a new business": {
    "consider": 6,
    "Consider": 10,
    "generally": 3,
    "planning": 1
  },
  "After running through the forest for what seemed like hours": {
    "finally": 12,
    "hours": 8
  },
  "She walked into the room and saw": {
    "something": 20
  },
  "Depending on the weather": {
    "today": 20
  },
  "Until the test results came back": {
    "out": 18,
    "in": 2
  },
  "The beautiful sunset made me": {
    "feel": 20
  },
  "Marriage is an important": {
    "institution": 20
  },
  "Waking up at dawn": {
    "is": 20
  },
  "The sound of the violin echoed through the empty hallway, evoking feelings of": {
    "mel": 20
  },
  "If I could travel anywhere": {
    "anywhere": 20
  },
  "A voice from the darkness whispered": {
    "quietly": 20
  },
  "Through the foggy window": {
    "I": 20
  },
  "The stillness was broken by the": {
    "sound": 18,
    "sudden": 2
  },
  "The door was": {
    "open": 20
  },
  "The clocktower chimed, signaling": {
    "midnight": 20
  },
  "The new restaurant is located in": {
    "the": 20
  },
  "They say a picture is worth a thousand words; this one": {
    "speaks": 8,
    "is": 4,
    "dep": 3,
    "says": 5
  },
  "Unless you call first": {
    "Sure": 12,
    "sure": 8
  },
  "If they had known earlier": {
    "they": 20
  },
  "Lost at sea for days, we finally spotted": {
    "shore": 19,
    "land": 1
  },
  "Remembering the past": {
    "can": 12,
    "is": 8
  },
  "The old painting seemed to watch": {
    "me": 20
  },
  "Among the trees, there was": {
    "only": 16,
    "silence": 4
  },
  "She whispered softly": {
    "barely": 7,
    "quietly": 13
  },
  "What they said was": {
    "true": 9,
    "rain": 6,
    "un": 5
  },
  "If only I had known then what": {
    "I": 20
  },
  "The new movie is": {
    "premier": 12,
    "exciting": 8
  },
  "Running through the forest, I could hear": {
    "branches": 14,
    "suddenly": 3,
    "loudly": 3
  },
  "Because I was nervous": {
    "so": 6,
    "I": 14
  },
  "With a sigh of relief": {
    "exhaust": 20
  },
  "While everyone was distracted": {
    "suddenly": 1,
    "talking": 17,
    "watching": 2
  },
  "He left without saying goodbye": {
    "morning": 1,
    "...": 14,
    "suddenly": 5
  },
  "In the event that": {
    "your": 11,
    "you": 9
  },
  "As the storm raged on, a faint light appeared": {
    "in": 20
  },
  "The old man sat by the fire, remembering": {
    "yes": 8,
    "his": 12
  },
  "The old man\u2019s warning about the": {
    "forest": 8,
    "weather": 12
  },
  "The plan was": {
    "to": 20
  },
  "The teacher's patience": {
    "w": 6,
    "wore": 14
  },
  "After the rain stopped": {
    "finally": 2,
    "gently": 4,
    "suddenly": 6,
    "dri": 8
  },
  "The old tree's roots stretched deep into": {
    "ground": 19,
    "the": 1
  },
  "Despite the challenges": {
    "that": 1,
    "of": 19
  },
  "Quietly, she thought": {
    "to": 20
  },
  "The meeting will be held at": {
    "three": 20
  },
  "Even though I was late": {
    "again": 9,
    "to": 11
  },
  "The baby is crying in the": {
    "c": 20
  },
  "A large shadow loomed over": {
    "the": 18,
    "head": 1,
    "me": 1
  },
  "Unlike her sister who always": {
    "protests": 19,
    "speaks": 1
  },
  "He bought a new": {
    "car": 20
  },
  "The package contained": {
    "carefully": 11,
    "\"": 9
  },
  "Whether or not you believe in": {
    "Santa": 20
  },
  "The tasty ice cream was flavored with": {
    "straw": 20
  },
  "The taste of the homemade bread reminded him of": {
    "childhood": 17,
    "summer": 2,
    "grandmother": 1
  },
  "Once they got into": {
    "trouble": 20
  },
  "The computer is on the": {
    "desk": 20
  },
  "The best part of the day was when": {
    "finally": 4,
    "I": 16
  },
  "The peaceful atmosphere of the park made me feel": {
    "ser": 20
  },
  "The cat that had been missing for three days suddenly appeared": {
    "here": 5,
    "suddenly": 15
  },
  "In the depths of winter": {
    "night": 3,
    "lies": 15,
    "forest": 1,
    "snow": 1
  },
  "The last time I saw her, she was": {
    "happy": 2,
    "leaving": 18
  },
  "The flower bloomed": {
    "beautifully": 20
  },
  "Although many thought it": {
    "was": 15,
    "foolish": 5
  },
  "Laying the brick pathway": {
    "carefully": 20
  },
  "If you listen carefully": {
    "to": 20
  },
  "The hotel room was very clean, and": {
    "sp": 19,
    "quiet": 1
  },
  "The message written in": {
    "user": 12,
    "br": 8
  },
  "The painting hanging crooked": {
    "in": 20
  },
  "Over the rainbow": {
    "lies": 20
  },
  "The rumor mill was abuzz with speculation about": {
    "who": 15
  },
  "The moment I saw": {
    "you": 20
  },
  "The opportunity that she had been waiting for her entire life": {
    "finally": 20
  },
  "While the rain poured": {
    "down": 20
  },
  "When the lights suddenly went out in the theater": {
    "dark": 20
  },
  "Whenever they visited their grandmother's house": {
    "they": 14,
    "summer": 6
  },
  "Because nobody had lived in the house for decades": {
    "years": 20
  },
  "Before she could speak": {
    "quickly": 13,
    "clearly": 3,
    "\"": 4
  },
  "The best vacation I ever had was": {
    "when": 8,
    "Spain": 12
  },
  "The letter arrived with": {
    "no": 20
  },
  "The kite soared high into": {
    "the": 20
  },
  "The best souvenir to buy is": {
    "a": 7,
    "definitely": 3,
    "generally": 10
  },
  "The car sped down": {
    "the": 4
  },
  "As the train pulled out of the station, I realized": {
    "I": 20
  },
  "Although they had planned the trip for months": {
    "carefully": 20
  },
  "The woman wearing the red coat at the bus stop": {
    "was": 3,
    "looking": 17
  },
  "After the movie ended": {
    "quickly": 6,
    "We": 5,
    "we": 9
  },
  "The baby is sleeping in the": {
    "c": 20
  },
  "Across the river": {
    "There": 5,
    "lies": 15
  },
  "Without any fear": {
    "of": 6,
    "especially": 8,
    "humor": 1,
    "except": 5
  },
  "If only I had known about": {
    "yesterday": 20
  },
  "The key to the safe was hidden in": {
    "...": 8,
    "plain": 12
  },
  "The best gift I ever received was": {
    "a": 19,
    "my": 1
  },
  "Hidden deep within the cave was a treasure unlike any other, guarded by": {
    "a": 19,
    "dragon": 1
  },
  "He looked to": {
    "the": 20
  },
  "The tree that had stood in their backyard for fifty years": {
    "suddenly": 18,
    "finally": 2
  },
  "Small rocks crunched beneath": {
    "feet": 20
  },
  "Because the power went out during the thunderstorm": {
    "last": 20
  },
  "The reason I love this book is": {
    "because": 20
  },
  "Once they": {
    "receive": 8,
    "continue": 12
  },
  "The beach was very relaxing, and": {
    "crowded": 20
  },
  "The best part of the trip was": {
    "definitely": 20
  },
  "The new policy will be": {
    "implemented": 20
  },
  "When she opened the door to her childhood bedroom": {
    "she": 20
  },
  "They say a leopard can't change its spots, but what about": {
    "nature": 19,
    "its": 1
  },
  "Planning the perfect wedding": {
    "takes": 20
  },
  "The beautiful painting was created by": {
    "Pic": 20
  },
  "The girl's smile was": {
    "rad": 20
  },
  "No one expected": {
    "the": 16,
    "sudden": 4
  },
  "The door creaked open": {
    "slowly": 20
  },
  "He opened the letter": {
    "and": 20
  },
  "The room was filled": {
    "with": 20
  },
  "Inside the box": {
    "sure": 8,
    "Sure": 9,
    "next": 3
  },
  "The new software is compatible with": {
    "Windows": 20
  },
  "Since the accident last year, he had been afraid to": {
    "drive": 20
  },
  "A solitary sigh drifted through": {
    "the": 20
  },
  "It was a chance encounter that changed everything when": {
    "I": 20
  },
  "Including the": {
    "next": 17,
    "word": 3
  },
  "The hotel room was": {
    "clean": 20
  },
  "The smell of freshly baked": {
    "bread": 20
  },
  "Hoping for a miracle": {
    "soon": 7,
    "suddenly": 12,
    "morning": 1
  },
  "She is drawing a": {
    "picture": 20
  },
  "The moon cast shadows across the": {
    "lawn": 11,
    "ground": 9
  },
  "When the lights went out, we": {
    "screamed": 4,
    "g": 16
  },
  "The journey, though difficult, was ultimately": {
    "reward": 20
  },
  "Although the process seemed": {
    "straightforward": 19,
    "complicated": 1
  },
  "My favorite hobby is": {
    "swimming": 20
  },
  "Waiting patiently in the shadows, I watched as": {
    "carefully": 20
  },
  "Behind the waterfall": {
    "flows": 20
  },
  "When I asked her": {
    "next": 11,
    "if": 6,
    "about": 3
  },
  "The smell of fresh bread": {
    "baking": 20
  },
  "The sun was setting slowly over": {
    "the": 20
  },
  "The fireflies danced": {
    "throughout": 20
  },
  "Although it was freezing": {
    "outside": 20
  },
  "The smell of popcorn": {
    "filling": 16,
    "is": 4
  },
  "The new app is available on": {
    "Google": 20
  },
  "The old photograph, faded and torn, depicted a scene of": {
    "joy": 20
  },
  "The garden that had once been beautiful now looked": {
    "un": 20
  },
  "Because the sky was clear": {
    "today": 20
  },
  "Inside the book": {
    "is": 20
  },
  "As the sun rose over the horizon, a new day dawned, bringing with it": {
    "hope": 11,
    "light": 9
  },
  "When the music started": {
    "playing": 20
  },
  "The river flowed gently": {
    "through": 20
  },
  "If I were taller": {
    "I": 20
  },
  "The moon is rising in the": {
    "sky": 20
  },
  "He realized": {
    "quickly": 20
  },
  "It was a journey of self-discovery that began with": {
    "int": 20
  },
  "While walking through the abandoned house": {
    "carefully": 20
  },
  "The happy memory I have is of": {
    "swimming": 20
  },
  "The moment": {
    "you": 20
  },
  "I am excited for": {
    "tomorrow": 20
  },
  "At the top of the mountain": {
    "peak": 20
  },
  "It was a performance that brought the audience to their feet, and yet": {
    "still": 4,
    "silence": 12,
    "silently": 4
  },
  "The child pointed to the sky, where": {
    "stars": 11,
    "clouds": 9
  },
  "The teacher's words echoed": {
    "softly": 10,
    "through": 9,
    "\"": 1
  },
  "The children are playing in the": {
    "yard": 20
  },
  "The diary hidden beneath the floorboards contained secrets that": {
    "nobody": 20
  },
  "Understanding the language": {
    "context": 13,
    "Context": 7
  },
  "If time could bend": {
    "like": 5,
    "space": 7,
    "suddenly": 8
  },
  "He told her to calm down": {
    "gradually": 20
  },
  "The weather is": {
    "nice": 20
  },
  "The students are studying in the": {
    "library": 20
  },
  "When the clock struck midnight, a strange silence fell": {
    "abruptly": 20
  },
  "The tourists got lost because": {
    "of": 20
  },
  "She needed something": {
    "to": 15,
    "quickly": 5
  },
  "The ship sailed toward the horizon, where": {
    "...": 1,
    "horizon": 19
  },
  "He is running in the": {
    "park": 20
  },
  "While I was waiting": {
    "for": 16,
    "impat": 4
  },
  "Since the store was closed": {
    "yesterday": 6,
    "temporarily": 8,
    "today": 6
  },
  "With a plan in mind": {
    "to": 20
  },
  "Whereas the previous model could only": {
    "respond": 20
  },
  "The stars shining brightly": {
    "suddenly": 3,
    "silently": 14,
    "in": 3
  },
  "The old woman's eyes held a twinkle of": {
    "joy": 20
  },
  "Because the weather forecast predicted severe storms": {
    "tonight": 20
  },
  "Her favorite book was": {
    "Harry": 12,
    "\"": 8
  },
  "It started as a hobby, but soon became an obsession for": {
    "passion": 12,
    "him": 4,
    "ob": 4
  },
  "With a loud voice": {
    "Y": 14,
    "\"": 6
  },
  "The sun sets in the": {
    "west": 4,
    "horizon": 15,
    "sky": 1
  },
  "The birds chirping loudly": {
    "in": 16,
    "outside": 4
  },
  "The new employee is": {
    "responsible": 7,
    "nervous": 13
  },
  "It's been a strange": {
    "day": 20
  },
  "When the clock struck midnight": {
    "suddenly": 20
  },
  "The map led to": {
    "the": 20
  },
  "I have been learning to": {
    "play": 20
  },
  "Before sunrise on that fateful day": {
    "the": 20
  },
  "The new app is": {
    "launch": 19,
    "promising": 1
  },
  "She often wondered if": {
    "she": 20
  },
  "After searching through all the boxes in the attic": {
    "carefully": 20
  },
  "The delicious cake was made by": {
    "Mom": 20
  },
  "The restaurant had a great view, and": {
    "atmosphere": 10,
    "the": 10
  },
  "It all began with a simple mistake, which led to": {
    "a": 18,
    "another": 2
  },
  "When the lights went off": {
    "out": 20
  },
  "The old clock stopped ticking at exactly": {
    "midnight": 20
  },
  "Holding her breath": {
    "...": 7,
    "under": 13
  },
  "The last time I saw": {
    "him": 4,
    "her": 16
  },
  "Despite having studied for hours, she still felt": {
    "under": 20
  },
  "Carrying her books to school": {
    "became": 2,
    "him": 13,
    "home": 2,
    "carefully": 3
  },
  "Never in all my years": {
    "I": 17,
    "have": 3
  },
  "The old car made a loud": {
    "noise": 15,
    "grinding": 4,
    "Gr": 1
  },
  "I had to": {
    "hurry": 7,
    "rush": 6,
    "work": 7
  },
  "The baby's tiny hands": {
    "are": 20
  },
  "He stumbled upon an hidden": {
    "treasure": 20
  },
  "Despite her fear": {
    "of": 20
  },
  "His footsteps echoed through the": {
    "hallway": 20
  },
  "Suddenly, everything changed when": {
    "suddenly": 15,
    "the": 5
  },
  "Holding hands tightly": {
    "together": 13,
    "they": 6,
    "in": 1
  },
  "Since nobody volunteered to take responsibility": {
    "for": 18,
    "steps": 2
  },
  "To explain": {
    "I": 14,
    "Sure": 6
  },
  "I wish I could": {
    "afford": 16,
    "sk": 4
  },
  "The difficult journey was worth it because": {
    "finally": 20
  },
  "The lighthouse warned": {
    "ships": 20
  },
  "The city was very expensive, and": {
    "quiet": 20
  },
  "After a long day, all she wanted was": {
    "sleep": 4,
    "tea": 16
  },
  "Supposing we were to arrive early": {
    "tomorrow": 20
  },
  "Although we wanted": {
    "to": 20
  },
  "If we keep going this way": {
    "we": 14,
    "long": 6
  },
  "Having waited so long": {
    "patient": 20
  },
  "The wind blew through": {
    "the": 13,
    "trees": 7
  },
  "The difficult decision was": {
    "whether": 13,
    "made": 7
  },
  "Whenever I think about that summer": {
    "honestly": 17,
    "evening": 3
  },
  "The new restaurant in town serves": {
    "excellent": 8,
    "great": 7,
    "Italian": 5
  },
  "The photograph in the album showed": {
    "everyone": 20
  },
  "Regardless of what critics might say about": {
    "movie": 7,
    "me": 12,
    "your": 1
  },
  "Without hesitation": {
    "Sure": 20
  },
  "The food at the restaurant was": {
    "delicious": 20
  },
  "Buried beneath the snow": {
    "lay": 20
  },
  "The key fit perfectly into the": {
    "lock": 20
  },
  "The concert was very loud, and": {
    "therefore": 20
  },
  "The keys are on the": {
    "table": 20
  },
  "As soon as it stopped raining": {
    "abruptly": 11,
    "hard": 9
  },
  "We have to cross": {
    "the": 20
  },
  "Whenever he visits": {
    "place": 2,
    "his": 13,
    "him": 5
  },
  "Under the shadowy bridge": {
    "l": 6,
    "lur": 13,
    "L": 1
  },
  "In the attic, hidden": {
    "carefully": 20
  },
  "They wondered": {
    "al": 14,
    "why": 6
  },
  "She is wearing a blue": {
    "dress": 20
  },
  "The secret passage led to": {
    "a": 20
  },
  "The locket she wore began to": {
    "glow": 20
  },
  "The old man sat by the": {
    "fire": 20
  },
  "Locked away in the attic was a forgotten memory from": {
    "childhood": 20
  },
  "He was": {
    "tall": 20
  },
  "Although the rain poured down": {
    "outside": 20
  },
  "It was a friendship that transcended social boundaries, and together they": {
    "started": 14,
    "conqu": 6
  },
  "Wherever the trail might lead": {
    "ends": 20
  },
  "He knew deep down that he had to": {
    "accept": 2,
    "face": 18
  },
  "The new policy has been implemented to": {
    "ensure": 20
  },
  "He spent hours trying to figure out": {
    "why": 13,
    "the": 7
  },
  "Following the unexpected announcement that": {
    "tomorrow": 4,
    "morning": 16
  },
  "Beneath the surface of the water": {
    "lies": 20
  },
  "When I saw the headline": {
    "about": 20
  },
  "I am listening to": {
    "music": 20
  },
  "The new car has a": {
    "shiny": 20
  },
  "The news was so shocking that": {
    "suddenly": 19,
    "everyone": 1
  },
  "The scent of freshly baked bread filled": {
    "the": 20
  },
  "In the middle of the night, a": {
    "quiet": 20
  },
  "Voices echoed through the abandoned": {
    "hall": 13,
    "building": 6,
    "hallway": 1
  },
  "The dog that barked all night": {
    "stopped": 20
  },
  "The city was very crowded, and": {
    "so": 3,
    "quiet": 17
  },
  "While she was cooking": {
    "dinner": 20
  },
  "She played the piano all": {
    "day": 20
  },
  "For the past": {
    "year": 20
  },
  "After the last petal fell": {
    "silently": 20
  },
  "Until the train arrives": {
    "next": 13,
    "I": 4,
    "at": 3
  },
  "The old house, standing on the hill, was": {
    "dark": 20
  },
  "The hotel room had": {
    "been": 18,
    "carpet": 2
  },
  "The dog's tail wagged": {
    "joy": 19,
    "excited": 1
  },
  "The old house creaked as if": {
    "speaking": 11,
    "something": 9
  },
  "Because she forgot her keys": {
    "she": 20
  },
  "They are watching a": {
    "movie": 20
  },
  "He is reading a": {
    "book": 20
  },
  "While walking down the street": {
    "suddenly": 8,
    "Suddenly": 12
  },
  "The old locket held a tiny portrait of": {
    "my": 20
  },
  "The firelight flickered": {
    "dim": 20
  },
  "Until she returns": {
    "home": 20
  },
  "The amazing view from the top was": {
    "breat": 20
  },
  "He knew she was": {
    "lying": 20
  },
  "Floating down the river, we spotted": {
    "suddenly": 5,
    "A": 15
  },
  "We'll meet at the corner of": {
    "Fifth": 20
  },
  "The key to the mystery was hidden in": {
    "plain": 20
  },
  "Realizing the truth": {
    "can": 12,
    "is": 8
  },
  "The new phone has a": {
    "screen": 20
  },
  "She took a deep breath": {
    "and": 20
  },
  "The secret ingredient in her famous pie was": {
    "pump": 16,
    "nut": 4
  },
  "The stars are twinkling in the": {
    "sky": 20
  },
  "The room was silent except": {
    "for": 20
  },
  "The challenging puzzle was": {
    "in": 17,
    "impossible": 3
  },
  "Since you're already here": {
    "let": 19,
    "welcome": 1
  },
  "If I could change one thing, it would be": {
    "weather": 20
  },
  "After the storm, the city": {
    "rec": 19,
    "was": 1
  },
  "Cracks formed in the dry, cracked": {
    "earth": 14,
    "ground": 6
  },
  "The whole family agreed": {
    "whole": 20
  },
  "The stars shone brightly": {
    "in": 20
  },
  "The dog wagged its tail at": {
    "me": 20
  },
  "The rain stopped, and the world": {
    "dried": 13,
    "became": 7
  },
  "The forgotten letter in the attic revealed": {
    "the": 19,
    "a": 1
  },
  "In the shadow of the tower": {
    "lo": 20
  },
  "If only we had tried harder": {
    "surely": 19,
    "then": 1
  },
  "The mysterious stranger handed me": {
    "a": 20
  },
  "If you look closely": {
    "at": 20
  },
  "The baby cooed softly": {
    "...": 20
  },
  "The phone rang, startling": {
    "me": 20
  },
  "The smell of freshly cut": {
    "grass": 20
  },
  "The teacher is writing on the": {
    "board": 20
  },
  "The new policy will likely": {
    "impact": 20
  },
  "The argument started when": {
    "suddenly": 20
  },
  "The storm raged outside, while inside": {
    "we": 20
  },
  "In the silence, a single word echoed": {
    "softly": 20
  },
  "The stars twinkled in the night sky, like": {
    "stars": 20
  },
  "Before the storm hit": {
    "the": 5
  }
}