blue,green,dynamic,fragile,diverse,ancient,rotating,layered,beautiful,resilient.,vibrant,habitable,precious,teeming,beautiful.,precious.,"precious.



",bountiful,"resilient.
",watery,rocky,"beautiful.
","habitable.



",resilient,"beautiful.



",vibrant.,finite,"evolving.



",evolving.,gravitational,wondrous.,habitable.,"resilient.



",magnetic,mysterious,complex,resource-rich,"wondrous.
","wondrous.



",swirling,here'sadescriptionofearthintenadjectives,"comma-separated:

blue",here'sadescriptionofearthusingtenadjectives,"separatedbycommas:

blue",spinning,finite.,"teeming.



","finite.



",geological,mysterious.,mountainous,"breathtaking.



","vibrant.



",evolving,vulnerable,unique.,layered.,"layered.



",breathtaking,here'sadescriptionofearthusingonly10adjectives,"separatedbycommas:

fragile",breathtaking.,"mysterious.



",spherical,teeming.,wondrous,"luminous.



",rotating.,"precious.
",inhabited.,"interconnected.



",hopeful.,"teeming.
","inhabited.



",abundant,swirling.,luminous.,revolving,"hopeful.



",connected.,"connected.



",stunning,spinning.,"habitable.
",captivating,here'sadescriptionofearthusing10adjectives,resourceful,"scarred.



","complex.



",scarred,"finite.
",stunning.,"rotating.



","wounded.



","bountiful.



","comma-separated:

fragile","watery.



",tilted,"spinning.



","crowded.



",oceanic,bountiful.,turbulent,resonant,"vibrant.
",round,"unique.



",volcanic,"mesmerizing.



","home.



",tempestuous.,wounded,breathable,warming,"inhabited.
","stunning.



","threatened.



",hereare10adjectivestodescribeearth,"turbulent.



",luminous,"revolving.



",watery.,"green.



","mysterious.
","swirling.



",interconnected.,hereare10adjectivesdescribingearth,geological.
3061,930,4000,3898,3969,4000,3546,2666,598,211,3236,827,469,452,239,638,870,559,8,963,514,7,391,894,237,62,106,30,40,40,84,236,225,11,18,10,17,3,73,97,5,43,812,685,62,91,45,114,53,41,50,12,59,20,1,2,9,5,22,6,93,21,51,13,26,19,20,1,21,9,3,3,2,14,2,1,11,7,3,6,15,2,3,6,5,5,13,2,2,1,2,5,1,1,5,9,4,2,1,1,1,3,5,1,3,2,3,1,1,1,3,1,2,1,1,3,1,1,1,3,1,2,1,1,1,1,1,1
