{
	"vast": 3556,
	"diverse": 4000,
	"dynamic": 4000,
	"fragile": 4000,
	"vibrant": 3183,
	"ancient": 3961,
	"interconnected": 3995,
	"resilient": 3957,
	"beautiful": 1968,
	"precious.": 1108,
	"intricate": 16,
	"beautiful.": 1196,
	"mysterious": 1604,
	"evolving": 600,
	"mysterious.": 341,
	"evolving.": 493,
	"round": 313,
	"complex": 289,
	"living.": 48,
	"nurturing": 86,
	"vibrant.": 134,
	"abundant": 1,
	"breathtaking.": 52,
	"bountiful": 48,
	"majestic.": 5,
	"finite.": 108,
	"blue": 212,
	"nurturing.": 36,
	"alive.": 9,
	"resourceful": 104,
	"resilient.": 41,
	"life-sustaining.": 326,
	"essential.": 43,
	"living": 7,
	"breathtaking": 3,
	"spherical": 49,
	"immense.": 1,
	"vital.": 2,
	"teeming": 23,
	"fragile.": 1,
	"fertile": 10,
	"finite": 1,
	"bountiful.": 12,
	"habitable.": 5,
	"ever-changing": 1,
	"precious": 2,
	"thriving": 2,
	"intricate.": 1,
	"layered": 1,
	"inhabited.": 7,
	"thriving.": 4,
	"delicate.": 1,
	"complex.": 5,
	"wondrous.": 3,
	"hospitable.": 1,
	"unique.": 4,
	"life-filled": 1,
	"extraordinary.": 1,
	"vast.": 3,
	"interconnected.": 5,
	"majestic": 1,
	"life-sustaining": 3,
	"abundant.": 1,
	"mesmerizing.": 1,
	"massive": 1,
	"immense": 2,
	"sustaining.": 1,
	"magnificent.": 1
}