{
	"blue": 4000,
	"vibrant": 3999,
	"diverse": 4000,
	"dynamic": 4004,
	"ancient": 4000,
	"fragile": 4000,
	"precious": 3727,
	"interconnected": 3383,
	"wondrous": 209,
	"evolving": 773,
	"teeming": 3469,
	"awe-inspiring": 753,
	"remarkable": 15,
	"resilient": 62,
	"alive.": 259,
	"teeming.": 10,
	"evolving.": 964,
	"living": 146,
	"awe-inspiring.": 337,
	"mysterious": 49,
	"majestic": 7,
	"green": 515,
	"wondrous.": 224,
	"complex": 85,
	"spinning": 28,
	"interconnected.": 318,
	"precious.": 230,
	"changing": 163,
	"swirling": 27,
	"beautiful.": 2,
	"home.": 9,
	"unique.": 15,
	"changing.": 91,
	"alive": 45,
	"spherical": 14,
	"resilient.": 38,
	"humbling": 1,
	"living.": 4,
	"remarkable.": 2,
	"verdant": 1,
	"breathtaking": 2,
	"finite.": 5,
	"life-sustaining": 1,
	"mysterious.": 1,
	"round": 1,
	"habitable.": 1,
	"rotating": 2,
	"watery": 1,
	"spinning.": 2,
	"ever-changing": 1,
	"spherical.": 1,
	"abundant": 1,
	"unique": 2,
	"interdependent": 1
}