{
	"blue": 3986,
	"vibrant": 3529,
	"fragile": 4000,
	"dynamic": 4000,
	"ancient": 4000,
	"diverse": 3999,
	"rotating": 3983,
	"layered": 3592,
	"habitable": 1500,
	"precious.": 2383,
	"resilient": 326,
	"precious": 533,
	"habitable.": 591,
	"bountiful": 1039,
	"green": 489,
	"watery": 405,
	"rocky": 353,
	"beautiful.": 230,
	"teeming": 140,
	"vibrant.": 214,
	"wondrous.": 57,
	"resilient.": 430,
	"finite.": 30,
	"beautiful": 103,
	"inhabited.": 3,
	"here's": 306,
	"a": 306,
	"description": 306,
	"of": 306,
	"earth": 306,
	"using": 306,
	"ten": 306,
	"adjectives": 306,
	"separated": 304,
	"by": 304,
	"commas:": 304,
	"finite": 11,
	"mysterious.": 12,
	"teeming.": 19,
	"geological": 4,
	"luminous.": 18,
	"evolving.": 8,
	"swirling": 2,
	"stunning.": 2,
	"breathable": 1,
	"watery.": 2,
	"gravitational": 2,
	"comma-separated:": 2,
	"volcanic": 1,
	"breathtaking.": 1,
	"spinning": 1,
	"mountainous": 1
}