{
	"beautiful": 3690,
	"vast": 3185,
	"diverse": 4001,
	"dynamic": 3942,
	"fragile": 3759,
	"unique": 3283,
	"complex": 2469,
	"massive": 1144,
	"mysterious": 188,
	"breathtaking": 2795,
	"vibrant": 1298,
	"resilient": 2271,
	"precious": 207,
	"rugged": 42,
	"serene": 9,
	"majestic": 325,
	"fascinating": 222,
	"blue": 576,
	"green": 324,
	"wondrous": 1586,
	"spherical": 756,
	"terrestrial": 823,
	"aquatic": 139,
	"rocky": 589,
	"watery": 880,
	"atmospheric": 512,
	"magnificent": 46,
	"awe-inspiring": 12,
	"gaseous": 73,
	"stunning": 124,
	"temperate": 123,
	"spinning": 19,
	"fertile": 44,
	"rotating": 36,
	"volcanic": 23,
	"varied": 12,
	"ancient": 152,
	"mountainous": 124,
	"eclectic": 2,
	"captivating": 11,
	"large": 14,
	"volatile": 1,
	"geological": 9,
	"organic": 1,
	"celestial": 8,
	"ecological": 5,
	"luminous": 1,
	"round": 4,
	"intriguing": 42,
	"elliptical": 2,
	"habitable": 12,
	"lush": 8,
	"turbulent": 15,
	"evolving": 22,
	"hospitable": 1,
	"lively": 1,
	"enormous": 2,
	"intricate": 10,
	"chaotic": 2,
	"incredible": 4,
	"immense": 1,
	"changing": 3,
	"spectacular": 1,
	"icy": 1,
	"stormy": 1,
	"abundant": 2,
	"inhabited": 1
}