{
	"here": 3999,
	"is": 3533,
	"a": 3864,
	"description": 3510,
	"of": 3510,
	"the": 4117,
	"earth": 3999,
	"in": 2944,
	"10": 3977,
	"adjectives": 3988,
	"separated": 3965,
	"by": 3965,
	"commas:": 3642,
	"vast": 3004,
	"diverse": 3990,
	"terrestrial": 1926,
	"spherical": 761,
	"blue": 1708,
	"green": 950,
	"dynamic": 3967,
	"ancient": 1979,
	"fragile": 3417,
	"resilient": 2162,
	"vibrant": 1530,
	"beautiful": 2053,
	"complex": 757,
	"watery": 1550,
	"mountainous": 832,
	"atmospheric": 1128,
	"temperate": 1358,
	"wondrous": 1796,
	"massive": 780,
	"rocky": 190,
	"using": 626,
	"only": 626,
	"majestic": 570,
	"rugged": 213,
	"breathtaking.": 89,
	"lush": 226,
	"are": 466,
	"to": 466,
	"describe": 466,
	"round": 208,
	"breathtaking": 532,
	"fragile.": 10,
	"aquatic": 101,
	"turbulent": 1190,
	"fertile": 50,
	"oceanic": 50,
	"volcanic": 24,
	"rotating": 45,
	"varied": 46,
	"each": 323,
	"comma:": 323,
	"weathered": 3,
	"mysterious": 261,
	"evolving": 28,
	"verdant": 4,
	"described": 23,
	"ecological": 139,
	"imperfect": 5,
	"serene": 53,
	"ten": 23,
	"irregular": 1,
	"impermanent": 4,
	"interconnected": 4,
	"adjectives:": 11,
	"luminous": 25,
	"majestic.": 25,
	"resilient.": 30,
	"beautiful.": 14,
	"habitual": 1,
	"habitable": 16,
	"single": 35,
	"comma-separated": 16,
	"list:": 16,
	"aqueous": 22,
	"wondrous.": 7,
	"unpredictable": 3,
	"line": 13,
	"water-rich": 24,
	"eclectic": 5,
	"unique": 32,
	"awe-inspiring": 11,
	"heterogeneous": 1,
	"terrestrial.": 2,
	"barren": 18,
	"spinning": 7,
	"gigantic": 1,
	"harmonious": 1,
	"stormy": 6,
	"teeming.": 1,
	"imperiled": 1,
	"winding": 1,
	"orbital": 3,
	"warming": 1,
	"awe-inspiring.": 1,
	"bountiful": 2,
	"gaseous": 2,
	"unique.": 1,
	"line:": 7,
	"inhabited": 2,
	"hospitable": 5,
	"rounded": 4,
	"just": 1,
	"one": 1,
	"waterlogged": 1,
	"geological": 1,
	"hydrated": 2,
	"ever-changing": 1,
	"habitable.": 1,
	"intricate.": 1,
	"hydric": 1,
	"celestial": 2,
	"elliptical": 1,
	"intricate": 2,
	"habituated": 1,
	"oceans": 2,
	"words": 1,
	"mysterious.": 2,
	"stunning": 1,
	"hydrospheric": 1,
	"geologically-active": 1,
	"ecologically-fragile": 1,
	"enigmatic": 1,
	"forested": 1,
	"water-covered": 3,
	"sprawling": 1,
	"resourceful": 1,
	"ancient.": 1,
	"fascinating": 1
}