{
	"blue": 1694,
	"vast": 3272,
	"ancient": 2317,
	"rocky": 579,
	"watery": 1069,
	"diverse": 3995,
	"dynamic": 3863,
	"fragile": 3625,
	"beautiful": 3264,
	"mysterious": 1145,
	"green": 1231,
	"terrestrial": 1229,
	"spherical": 431,
	"resilient": 1704,
	"spinning": 130,
	"vibrant": 2288,
	"massive": 662,
	"complex": 1999,
	"wondrous": 1793,
	"majestic": 856,
	"breathtaking.": 41,
	"temperate": 633,
	"here": 2598,
	"are": 1031,
	"ten": 346,
	"adjectives": 1066,
	"to": 1031,
	"describe": 1031,
	"the": 2699,
	"earth:": 1031,
	"rugged": 114,
	"unique": 255,
	"10": 2252,
	"breathtaking": 355,
	"is": 1567,
	"a": 1575,
	"description": 1567,
	"of": 1567,
	"earth": 1567,
	"using": 1155,
	"only": 1152,
	"adjectives:": 1532,
	"in": 412,
	"atmospheric": 326,
	"mountainous": 395,
	"fertile": 104,
	"rotating": 142,
	"mysterious.": 5,
	"temperate.": 4,
	"fragile.": 45,
	"varied": 10,
	"resilient.": 35,
	"gaseous": 38,
	"majestic.": 15,
	"lush": 83,
	"awe-inspiring": 50,
	"volcanic": 22,
	"separated": 35,
	"by": 35,
	"commas:": 27,
	"oceanic": 6,
	"terrestrial.": 11,
	"stormy": 26,
	"aquatic": 28,
	"complex.": 3,
	"changing": 8,
	"wondrous.": 17,
	"precious": 11,
	"habitable": 9,
	"unique.": 5,
	"each": 8,
	"comma:": 8,
	"orbiting": 18,
	"turbulent": 13,
	"round": 1,
	"blue.": 9,
	"temperamental": 2,
	"intricate": 5,
	"fascinating": 5,
	"evolving": 1,
	"inhabited": 1,
	"tilted": 1,
	"ancient.": 1,
	"beautiful.": 1
}