{
	"beautiful": 3995,
	"vast": 3790,
	"diverse": 4000,
	"fragile": 3982,
	"dynamic": 3974,
	"complex": 3321,
	"unique": 3245,
	"resilient": 2523,
	"breathtaking": 2844,
	"majestic": 1076,
	"vibrant": 1005,
	"wondrous": 1186,
	"fascinating": 198,
	"magnificent": 236,
	"massive": 657,
	"spherical": 661,
	"rocky": 385,
	"watery": 422,
	"terrestrial": 555,
	"aquatic": 81,
	"ancient": 213,
	"mysterious": 221,
	"turbulent": 51,
	"rotating": 25,
	"gaseous": 4,
	"temperate": 26,
	"blue": 162,
	"green": 139,
	"stunning": 450,
	"intricate": 6,
	"celestial": 1,
	"atmospheric": 300,
	"rugged": 16,
	"serene": 11,
	"magnetic": 1,
	"precious": 146,
	"evolving": 12,
	"awe-inspiring": 14,
	"captivating": 3,
	"intriguing": 3,
	"varied": 2,
	"thriving": 2,
	"enormous": 2,
	"eclectic": 1,
	"spinning": 12,
	"geological": 1,
	"abundant": 1,
	"fertile": 7,
	"ever-changing": 2,
	"incredible": 4,
	"mountainous": 16,
	"immense": 1,
	"lush": 2,
	"habitable": 3,
	"astonishing": 3,
	"delicate": 1
}