{
	"blue": 1615,
	"vast": 3311,
	"spherical": 414,
	"rocky": 574,
	"watery": 970,
	"diverse": 3988,
	"dynamic": 3885,
	"fragile": 3728,
	"beautiful": 3369,
	"ancient": 2597,
	"green": 1316,
	"vibrant": 2069,
	"majestic": 732,
	"mysterious": 1533,
	"terrestrial": 1013,
	"wondrous": 1902,
	"complex": 2270,
	"resilient": 1421,
	"breathtaking": 227,
	"spinning": 129,
	"massive": 669,
	"temperate": 585,
	"rotating": 108,
	"orbiting": 17,
	"fragile.": 36,
	"resilient.": 38,
	"atmospheric": 265,
	"mountainous": 327,
	"oceanic": 5,
	"unique": 270,
	"wondrous.": 37,
	"intricate": 3,
	"gaseous": 22,
	"here": 2680,
	"are": 1193,
	"ten": 338,
	"adjectives": 1193,
	"to": 1220,
	"describe": 1192,
	"the": 3017,
	"earth:": 1192,
	"10": 2344,
	"rugged": 156,
	"is": 1488,
	"a": 1504,
	"description": 1486,
	"of": 1789,
	"earth": 1487,
	"in": 381,
	"adjectives:": 1486,
	"using": 1134,
	"only": 1134,
	"that": 76,
	"turbulent": 34,
	"lush": 44,
	"precious": 9,
	"awe-inspiring": 25,
	"aquatic": 10,
	"volcanic": 18,
	"fertile": 84,
	"stormy": 14,
	"fresh": 2,
	"stunning": 1,
	"magnificent": 2,
	"incredible": 1,
	"amazing": 1,
	"awesome": 1,
	"gorgeous": 1,
	"wonderful": 1,
	"lovely": 2,
	"attractive": 1,
	"appealing": 1,
	"terrestrial.": 9,
	"geological": 1,
	"majestic.": 7,
	"unique.": 7,
	"breathtaking.": 12,
	"varied": 14,
	"evolving": 7,
	"mysterious.": 6,
	"blue.": 8,
	"precious.": 1,
	"beautiful.": 6,
	"luminous": 1,
	"serene": 1,
	"azure": 1,
	"cerulean": 1,
	"verdant": 1,
	"limpid.": 1,
	"described": 1,
	"words": 1,
	"separated": 2,
	"by": 4,
	"commas:": 2,
	"brown": 2,
	"white": 2,
	"black": 2,
	"gray": 1,
	"red": 2,
	"yellow": 2,
	"orange": 2,
	"purple": 2,
	"pink": 2,
	"turquoise": 2,
	"silver": 2,
	"gold": 2,
	"copper": 2,
	"bronze": 2,
	"iron": 1,
	"steel": 1,
	"tin": 1,
	"aluminum": 1,
	"carbon": 1,
	"silicon": 1,
	"oxygen": 1,
	"nitrogen": 1,
	"neon": 2,
	"helium": 1,
	"hydrogen": 1,
	"lithium": 1,
	"beryllium": 1,
	"boron": 1,
	"fluorine": 1,
	"sodium": 1,
	"magnesium": 1,
	"potassium": 1,
	"calcium": 1,
	"strontium": 1,
	"barium": 1,
	"radon": 1,
	"francium": 1,
	"radium": 1,
	"actinium": 1,
	"thorium": 1,
	"protactinium": 1,
	"uranium": 1,
	"americium": 1,
	"habitable": 9,
	"ancient.": 3,
	"fascinating": 6,
	".": 84,
	"at": 77,
	"who...": 1,
	"that.....:.": 1,
	"...i..": 1,
	"that.": 38,
	"that.i.": 1,
	"..": 27,
	"at.": 29,
	"...": 6,
	"i.": 4,
	"that..i": 2,
	"at...": 6,
	"the...": 4,
	"at].": 4,
	"and": 252,
	"at.::": 1,
	"at.].....": 1,
	"and.": 11,
	"thati.]": 1,
	":": 7,
	"that]": 5,
	"the.": 10,
	"].": 5,
	"to.": 5,
	"and..": 5,
	".]..": 3,
	"at:": 5,
	"that.:.": 2,
	"the..": 3,
	"i": 6,
	"to..": 2,
	"andi": 1,
	"the......": 1,
	"i]": 1,
	".i": 2,
	".....": 1,
	"that..": 17,
	"}.": 1,
	"from": 12,
	"at..": 7,
	"to...]": 1,
	"to\\\\": 1,
	"that].]": 1,
	"was": 2,
	"at\\\\": 1,
	"the]": 2,
	"at.]..": 1,
	"thei].": 1,
	"thati": 4,
	"and].": 1,
	"and..]..": 1,
	"the.:]": 1,
	"]...i:]": 1,
	"that...].": 1,
	"that....": 1,
	"from.": 4,
	"that...\\\\]": 1,
	"that:]...": 1,
	"]": 31,
	"and]": 4,
	"that:..": 1,
	"a..]..].": 1,
	"].:": 1,
	"and...": 2,
	"that...]..": 1,
	"..]": 3,
	"].].": 1,
	"at.:]...": 1,
	"that.]": 5,
	"of:": 11,
	"that...": 4,
	":.::]": 1,
	"at.:.\\\\": 1,
	"....": 1,
	"a..": 2,
	"at]]": 2,
	"}": 6,
	"the_": 1,
	"who": 2,
	"that..]": 3,
	"at.:": 1,
	"ati.....].": 1,
	"they.": 2,
	".]": 10,
	".].": 3,
	"at:.": 2,
	"...]\\\\.": 1,
	"and..]": 1,
	"to\\": 2,
	"that:.": 2,
	".:": 2,
	".\\\\.": 1,
	"::]": 1,
	"that:": 2,
	"at.]": 2,
	"that..]]..": 1,
	"and.].:.]": 1,
	"the..i": 1,
	"with.": 2,
	":.": 1,
	"a\\\\.": 1,
	"at....]": 1,
	"\\": 5,
	"as].].": 1,
	"ati..": 2,
	"\\\\]": 3,
	"that]].": 1,
	"a.": 5,
	"].:.": 1,
	"and:": 10,
	"of.": 16,
	"....]": 1,
	"thei": 1,
	"that]..": 1,
	"in.": 2,
	"for": 17,
	"that.].": 3,
	"and...\\\\": 1,
	"a]..": 1,
	"\\.": 2,
	"]].": 1,
	"\\\\..:]": 1,
	"that.\\\\.": 1,
	".].]": 1,
	"]...": 1,
	"of...": 1,
	"]i": 2,
	"\\\\...": 1,
	"that].": 1,
	"ati.:": 1,
	"fromi..": 1,
	"toi...": 1,
	"to...": 1,
	"]]i": 1,
	"thati]..i.": 1,
	"at....": 1,
	".}i:": 1,
	"ati.": 2,
	"at:.\\\\:.": 1,
	":]": 1,
	"thati.": 1,
	"and.]": 2,
	"with": 1,
	".]]": 1,
	"of\\\\]..:.}].": 1,
	"at.].": 1,
	"a_": 1,
	"at]": 4,
	"(i]": 1,
	"]]": 3,
	"ati": 4,
	"]..": 2,
	":i": 1,
	"and\\\\": 3,
	"at...:.": 1,
	"i\\.": 1,
	"\\\\]]..]": 1,
	"at\\\\.": 1,
	"whoi]": 1,
	"at..i..": 1,
	"]\\]": 1,
	"that\\": 1,
	"a]": 2,
	"that.].].]..": 1,
	"ini..": 1,
	".}": 1,
	"that]:i": 1,
	"thei..]]]": 1,
	"at.]]": 1,
	"that]:": 1,
	"that]....]": 1,
	"in..": 1,
	"]]..": 1,
	"\\]": 1,
	"(]": 3,
	"at:]": 1,
	"\\\\": 5,
	"at.\\\\:": 1,
	"a..]": 1,
	"ati].]": 1,
	"to]].": 1,
	"that:.]": 1,
	"and]]]..": 1,
	"]i]]": 1,
	"\\\\.": 1,
	"a.]]]:": 1,
	"]:\\\\:i]\\\\": 1,
	"fromi.": 1,
	"]_i": 1,
	"i:": 1,
	"ati]..": 1,
	"i\\]": 1,
	"at]]]": 1,
	":i]]}": 1,
	"that]}:": 1,
	"and.i.i...": 1,
	"._\\\\i.": 1,
	":]]": 1,
	".\\\\]i.].": 1,
	"i]]..]].:": 1,
	"]::": 1,
	"at.:]": 1,
	"at:.]]": 1,
	"that\\\\.].": 1,
	"i\\\\]i:": 1,
	"ati].]..": 1,
	"a]i": 1,
	"at.}": 1,
	"and]..": 1,
	"the.].": 1,
	"that.].:\\\\": 1,
	"that.:": 1,
	"that.\\\\": 1,
	"..}.": 1,
	"].\\\\\\": 1,
	"at.\\\\:]": 1,
	"to:": 1,
	"complex.": 4,
	"weathered": 1,
	"or)\\\\\\\\": 1,
	"11": 2,
	"-ite)": 1,
	"as": 19,
	")": 21,
	"(": 156,
	"on": 39,
	"12:": 1,
	"-": 2,
	"9": 3,
	"()": 17,
	"\\\\\\\\\\\\:": 1,
	"and:\\\\\\\\": 1,
	"of6)": 1,
	"on)": 4,
	"or9": 1,
	"to_\\\\:": 1,
	"of19": 1,
	"of..": 1,
	"and8.": 2,
	")\\\\.": 1,
	"-8:": 1,
	"(2": 3,
	"and2": 1,
	"or": 13,
	"and).": 3,
	")\\5": 1,
	"10\\7": 1,
	"to/": 1,
	"of\\\\10": 1,
	"(6\\13": 1,
	"2\\8": 1,
	"of8": 4,
	"and_12": 1,
	"of\\\\": 4,
	"4": 1,
	"(\\.": 1,
	"8": 6,
	"17": 1,
	"of10": 1,
	"and10": 2,
	"and6": 3,
	"-.": 1,
	"and4": 2,
	"()\\\\": 2,
	"(_)": 1,
	"(.": 8,
	"a)": 1,
	"to10": 1,
	"(12": 3,
	"and\\)": 1,
	"and3": 1,
	"of)": 14,
	"of_6": 1,
	"().": 1,
	"and)).": 1,
	"of7.": 1,
	"13": 1,
	"of)]": 1,
	"of).": 1,
	"()\\.": 1,
	"16": 2,
	"of11": 1,
	"of._implify": 1,
	"for)": 1,
	"\\)": 2,
	"and\\\\.": 1,
	"or:": 1,
	"or)": 1,
	"more": 1,
	"_ot.": 1,
	"of]": 2,
	"at\\).": 1,
	"for6": 1,
	"of\\)\\10": 1,
	"(ot))": 1,
	"(implify": 1,
	"of))": 2,
	"(6": 2,
	"of2": 3,
	"of\\": 10,
	"12": 2,
	"6": 2,
	"and\\": 1,
	"aote": 1,
	"as)": 2,
	"(10": 4,
	"())": 1,
	"and)": 8,
	"(ekol": 1,
	"and]:": 1,
	"or.": 2,
	"of:9": 1,
	"on\\": 1,
	"of)\\\\\\\\": 2,
	"-\\\\": 1,
	"and8": 1,
	"(3": 1,
	"up": 1,
	"and:els": 1,
	"24": 2,
	"9:11": 1,
	"of\\\\\\\\)": 2,
	"(ital": 1,
	"\\\\\\\\": 4,
	"()6": 1,
	"the:)": 1,
	"10:": 1,
	"at)": 2,
	"()))": 1,
	"(4": 2,
	"(\\\\": 2,
	"of\\\\)": 1,
	"(].": 1,
	"the)": 1,
	"and_": 1,
	"in)": 2,
	"and\\\\\\\\": 2,
	"of_.": 1,
	"the\\": 1,
	"and\\10": 1,
	"the\\10": 1,
	"for:": 1,
	"2": 1,
	"/": 1,
	"(od": 1,
	"of\\\\\\\\": 3,
	")2": 1,
	"and:2": 1,
	"of:_": 1,
	"and))": 2,
	"7": 1,
	"(}": 1,
	"12\\\\": 1,
	"(8": 1,
	"as3.": 1,
	"of.)": 1,
	"ot": 1,
	"2:]": 1,
	"32": 1,
	"19": 1,
	"of3": 1,
	"or:10": 1,
	"to)": 1,
	"to\\10": 1,
	"(6)": 1,
	"(7": 1,
	"to\\20": 1,
	"and9": 2,
	"5": 1,
	")\\": 1,
	"8)": 1,
	"and)]": 1,
	"_": 2,
	").": 1,
	"the\\7\\": 1,
	"()2": 1,
	"and/": 1,
	"(11": 1,
	"and\\7": 1,
	"of\\)": 1,
	"of11]": 1,
	"on.": 2,
	"\\11": 1,
	"(0": 1,
	"and\\\\\\\\.": 1,
	"(9": 1,
	"2.": 1,
	"to-": 1,
	"as6)": 1,
	"(10\\14)": 1,
	"to:.": 1,
	"of\\\\\\\\\\\\": 2,
	"(20)": 1,
	"_10": 1,
	"(\\\\\\\\": 2,
	"(\\": 2,
	"(7)]": 1,
	"(12\\7": 1,
	"implify": 1,
	"(8_": 1,
	"(10)": 1,
	"\\\\)6": 1,
	"and/\\\\": 1,
	"as\\\\": 1,
	"of:10": 1,
	"the\\\\_9": 1,
	"and*": 1,
	"(19": 1,
	"of_implify": 1,
	"of\\9)": 1,
	"and)_": 1,
	"on\\\\": 1,
	"and\\2": 1,
	"\\16": 1,
	"on:3\\12": 1,
	"and:10": 1,
	"\\7": 1,
	"on_.": 1,
	"0\\11": 1,
	"of\\3:": 1,
	"(_9": 1,
	"(13\\": 1,
	":\\\\\\\\": 1,
	"of:2": 1,
	"of_16": 1,
	"(12\\": 1,
	"of\\27))": 1,
	"for:0": 1,
	"changing": 1,
	"temperamental": 2,
	"ever-changing": 1,
	"grey": 1,
	"beige": 1,
	"ivory": 1,
	"cream": 1,
	"peach": 1,
	"lavender": 1,
	"lilac": 1,
	"magenta": 1,
	"crimson": 1,
	"scarlet": 1,
	"coral": 2,
	"salmon": 2,
	"teal": 1,
	"aqua": 1,
	"navy": 1,
	"charcoal": 1,
	"khaki": 1,
	"tan": 1,
	"rust": 1,
	"sienna": 1,
	"amber": 1,
	"mahogany": 1,
	"onyx": 2,
	"jade": 1,
	"olive": 2,
	"sage": 2,
	"seafoam": 1,
	"mint": 1,
	"basil": 1,
	"rose": 1,
	"blush": 1,
	"powder": 1,
	"mauve": 1,
	"taupe": 1,
	"plum": 1,
	"cerise": 1,
	"carmine": 1,
	"garnet": 1,
	"vermilion": 1,
	"amethyst": 1,
	"peridot": 1,
	"beryl": 1,
	"topaz": 1,
	"opal": 1,
	"jadeite": 1,
	"periwinkle": 1,
	"caput": 1,
	"moss": 1,
	"lichen": 1,
	"fern": 1,
	"spruce": 9,
	"pine": 17,
	"cedar": 9,
	"cypress": 17,
	"redwood": 9,
	"sandalwood": 1,
	"birch": 9,
	"beech": 9,
	"walnut": 1,
	"pecan": 1,
	"hazel": 1,
	"chestnut": 1,
	"butternut": 1,
	"sycamore": 1,
	"ash": 9,
	"elm": 9,
	"oak": 9,
	"willow": 8,
	"poplar": 8,
	"aspen": 9,
	"birchbark": 1,
	"rowan": 1,
	"hawthorn": 1,
	"blackthorn": 1,
	"yew": 1,
	"arborvitae": 1,
	"eucalyptus": 1,
	"teak": 1,
	"ebony": 1,
	"rosewood": 1,
	"fir": 16,
	"larch": 16,
	"tamarack": 8,
	"arbor": 8,
	"sequoia": 8,
	"juniper": 8,
	"maple": 8,
	"cottonwood": 7,
	"tulip": 7,
	"magnolia": 7,
	"sassafras": 7,
	"willow-": 1,
	"\u8bca\u548c": 1,
	"round": 2
}