{
	"blue": 3955,
	"terrestrial": 2328,
	"rocky": 2221,
	"water-covered": 431,
	"diverse": 3478,
	"fragile": 3737,
	"rotating": 1548,
	"orbiting": 22,
	"ancient": 458,
	"majestic": 1341,
	"here": 2519,
	"are": 1723,
	"the": 3516,
	"10": 1811,
	"adjectives": 2146,
	"to": 444,
	"describe": 1718,
	"earth:": 1344,
	"beautiful": 3202,
	"vast": 1294,
	"dynamic": 3064,
	"spherical": 1356,
	"unique": 978,
	"precious": 1021,
	"massive": 29,
	"green": 1294,
	"mountainous": 371,
	"watery": 1424,
	"temperate": 459,
	"vibrant": 2467,
	"beautiful.": 106,
	"wondrous": 107,
	"ten": 706,
	"that": 1280,
	"terrestrial.": 176,
	"is": 796,
	"a": 783,
	"description": 794,
	"of": 799,
	"earth": 1174,
	"using": 794,
	"adjectives:": 376,
	"teeming": 244,
	"complex": 120,
	"mysterious": 176,
	"stunning": 87,
	"spinning": 565,
	"only": 22,
	"barren": 24,
	"lush": 163,
	"inhabited": 43,
	"fascinating": 71,
	"air-filled": 23,
	"breathtaking": 42,
	"gaseous": 159,
	"majestic.": 105,
	"separated": 799,
	"by": 799,
	"commas:": 795,
	"unique.": 113,
	"aquatic": 5,
	"molten": 14,
	"solid": 13,
	"metallic": 5,
	"delicate": 60,
	"aqueous": 16,
	"wonderful": 48,
	"magnificent": 23,
	"atmospheric": 83,
	"living": 83,
	"breathing": 3,
	"fragile.": 127,
	"resilient": 78,
	"finite": 25,
	"precious.": 78,
	"icy": 23,
	"round": 6,
	"awe-inspiring": 28,
	"turbulent": 7,
	"amazing": 39,
	"wounded": 4,
	"thriving": 18,
	"lush.": 1,
	"ever-changing": 11,
	"organic": 5,
	"planet": 6,
	"varied": 20,
	"mysterious.": 2,
	"habitable": 66,
	"let": 3,
	"me": 6,
	"know": 3,
	"if": 4,
	"you'd": 3,
	"like": 3,
	"explain": 1,
	"reasoning": 1,
	"behind": 1,
	"each": 5,
	"word!": 1,
	"wonderful.": 10,
	"dynamic.": 19,
	"possible": 6,
	"oceanic": 1,
	"i": 7,
	"hope": 4,
	"this": 5,
	"captures": 3,
	"essence": 5,
	"our": 4,
	"planet!": 3,
	"home": 4,
	"remarkable.": 4,
	"remarkable": 8,
	"magnetic": 1,
	"here's": 1,
	"celestial": 2,
	"intricate": 10,
	"vibrant.": 19,
	"wondrous.": 12,
	"watery.": 1,
	"warm": 10,
	"large": 2,
	"wet": 7,
	"thriving.": 2,
	"incredible.": 3,
	"comma:": 4,
	"lively": 2,
	"atmospherical": 1,
	"hostile": 2,
	"rounded": 2,
	"complex.": 2,
	"alive": 5,
	"diverse.": 3,
	"mobile": 1,
	"home.": 2,
	"ancient.": 5,
	"finite.": 1,
	"hilly": 6,
	"airy": 1,
	"fiery": 2,
	"spherical.": 10,
	"variable": 1,
	"water-rich": 5,
	"elliptical": 1,
	"spinning.": 1,
	"used": 6,
	"evolving": 1,
	"changing": 11,
	"radiant": 1,
	"verdant": 1,
	"breathable": 7,
	"living.": 5,
	"rotating.": 1,
	"porous": 1,
	"liquid": 14,
	"fertile": 12,
	"air-breathing": 2,
	"oxygen-rich": 4,
	"tried": 1,
	"capture": 2,
	"in": 6,
	"these": 2,
	"words!": 1,
	"expand": 2,
	"on": 2,
	"description!": 1,
	"attempt": 1,
	"encompassing": 1,
	"its": 6,
	"appearance": 1,
	"(blue": 1,
	"vibrant)": 1,
	"composition": 1,
	"(diverse)": 1,
	"movement": 1,
	"(spinning)": 1,
	"features": 1,
	"(terrestrial": 1,
	"watery)": 1,
	"climate": 1,
	"(temperate)": 1,
	"and": 4,
	"vulnerability": 1,
	"(fragile)": 1,
	"grandeur": 1,
	"(majestic).": 1,
	"fascinating.": 3,
	"humid": 1,
	"resilient.": 4,
	"revolving": 1,
	"incredible": 2,
	"vulnerable": 1,
	"serene": 5,
	"descriptive": 2,
	"phrase": 2,
	"about": 1,
	"but": 1,
	"had": 1,
	"choose": 1,
	"more": 1,
	"concise": 2,
	"distinct": 1,
	"would": 1,
	"use:": 1,
	"lively.": 1,
	"magnificent.": 4,
	"spinny": 1,
	"rephrase": 1,
	"or": 1,
	"this!": 1,
	"windy": 4,
	"volatile": 1,
	"amazing.": 3,
	"water": 2,
	"vital": 2,
	"life-filled.": 1,
	"populated": 1,
	"habitable.": 2,
	"sandy": 2,
	"cratered": 1,
	"life-filled": 1,
	"resplendent.": 1,
	"misty": 3,
	"valuable": 1,
	"dusty": 3,
	"describing": 3,
	"teeming.": 3,
	"atmosphere-rich": 3,
	"atmosphered": 1,
	"blue.": 1,
	"stunning.": 1,
	"i've": 3,
	"chosen": 3,
	"poetic": 1,
	"way:": 1,
	"planetary": 1,
	"extraordinary": 1,
	"waterlogged": 1,
	"glowing": 2,
	"described": 1,
	"inhabited.": 4,
	"warming": 1,
	"life-giving": 1,
	"life-sustaining": 1,
	"breathtaking.": 2,
	"awe-inspiring.": 2,
	"magnetized": 1,
	"giant": 1,
	"volcanic": 2,
	"enormous": 1,
	"irregular": 1,
	"words": 1,
	"natural": 1,
	"lonely": 1,
	"aqueous.": 1,
	"meets": 1,
	"your": 1,
	"requirements!": 1,
	"rich": 1,
	"rotational": 1,
	"water-filled": 1,
	"curved": 1,
	"stormy": 1,
	"tropical": 1,
	"curious": 1
}