{
	"vibrant": 4000,
	"diverse": 4000,
	"vast": 4000,
	"majestic": 3415,
	"fragile": 4000,
	"resilient": 3997,
	"dynamic": 4000,
	"beautiful": 3619,
	"complex": 1084,
	"unique.": 1892,
	"intricate": 2311,
	"ancient": 1336,
	"mysterious": 358,
	"beautiful.": 379,
	"majestic.": 426,
	"mysterious.": 196,
	"ever-changing": 17,
	"wondrous.": 88,
	"complex.": 201,
	"wonderful.": 20,
	"awe-inspiring": 14,
	"awe-inspiring.": 32,
	"wondrous": 37,
	"breathtaking.": 226,
	"precious.": 294,
	"evolving.": 33,
	"wonderful": 3,
	"unique": 6,
	"breathtaking": 6,
	"evolving": 4,
	"intricate.": 3,
	"resilient.": 3
}