{
	"vast": 3225,
	"blue": 1729,
	"green": 1261,
	"terrestrial": 1279,
	"rotating": 148,
	"spherical": 457,
	"diverse": 3994,
	"dynamic": 3837,
	"fragile": 3620,
	"beautiful": 3245,
	"spinning": 154,
	"rocky": 589,
	"watery": 1114,
	"temperate": 669,
	"ancient": 2229,
	"mysterious": 1077,
	"resilient": 1602,
	"wondrous": 1787,
	"terrestrial.": 11,
	"vibrant": 2322,
	"massive": 711,
	"majestic": 851,
	"atmospheric": 335,
	"mountainous": 457,
	"complex": 1948,
	"turbulent": 12,
	"unique": 255,
	"fertile": 101,
	"fragile.": 35,
	"rugged": 120,
	"orbiting": 27,
	"aquatic": 31,
	"breathtaking": 358,
	"resilient.": 27,
	"ancient.": 2,
	"habitable": 16,
	"stormy": 32,
	"here": 2584,
	"are": 982,
	"10": 2274,
	"adjectives": 1033,
	"to": 982,
	"describe": 982,
	"the": 2681,
	"earth:": 982,
	"is": 1602,
	"a": 1606,
	"description": 1602,
	"of": 1602,
	"earth": 1602,
	"using": 1209,
	"only": 1207,
	"adjectives:": 1551,
	"ten": 310,
	"in": 393,
	"varied": 13,
	"lush": 98,
	"awe-inspiring": 45,
	"volcanic": 29,
	"blue.": 10,
	"wondrous.": 22,
	"intricate": 8,
	"separated": 51,
	"by": 51,
	"commas:": 47,
	"gaseous": 34,
	"breathtaking.": 28,
	"each": 4,
	"comma:": 4,
	"unique.": 3,
	"changing": 7,
	"inhabited": 2,
	"evolving": 2,
	"oceanic": 4,
	"mysterious.": 4,
	"precious": 7,
	"majestic.": 5,
	"fascinating": 5,
	"temperate.": 2,
	"precious.": 1,
	"complex.": 3,
	"temperamental": 1
}