{
	"blue": 3963,
	"vast": 3976,
	"dynamic": 4034,
	"diverse": 3999,
	"resilient": 3747,
	"fragile": 3701,
	"ancient": 3195,
	"beautiful": 2314,
	"complex": 1262,
	"unique": 1137,
	"mysterious": 1989,
	"interconnected": 445,
	"vibrant": 732,
	"alive.": 1395,
	"alive": 393,
	"changing.": 217,
	"and": 313,
	"unique.": 348,
	"delicate": 4,
	"fragile.": 73,
	"watery": 340,
	"mountainous": 30,
	"volatile": 12,
	"breathtaking": 10,
	"living": 48,
	"spherical": 24,
	"mysterious.": 94,
	"magnificent": 22,
	"active": 85,
	"beautiful.": 247,
	"ever-changing": 194,
	"changing": 395,
	"complex.": 152,
	"rotating": 12,
	"layered": 11,
	"hospitable.": 3,
	"magnetic": 121,
	"evolving": 31,
	"dynamic.": 4,
	"rocky": 75,
	"ever-changing.": 177,
	"old": 105,
	"round": 21,
	"interdependent": 26,
	"powerful": 11,
	"water-rich": 33,
	"life-sustaining": 18,
	"lively": 25,
	"interconnected.": 120,
	"luminous": 30,
	"living.": 19,
	"resilient.": 106,
	"awe-inspiring.": 12,
	"green": 17,
	"home.": 8,
	"ancient.": 13,
	"life-sustaining.": 14,
	"lush": 24,
	"volcanic": 8,
	"intricate": 38,
	"evolving.": 11,
	"vibrant.": 31,
	"active.": 2,
	"charming": 16,
	"unpredictable.": 2,
	"teeming": 12,
	"amazing.": 1,
	"awe-inspiring": 5,
	"majestic": 7,
	"breathtaking.": 17,
	"colorful": 6,
	"extraordinary.": 6,
	"magnificent.": 18,
	"magnetic.": 7,
	"blue.": 13,
	"inhabited": 5,
	"water": 1,
	"rich": 2,
	"ever": 2,
	"chaotic": 5,
	"lively.": 8,
	"wondrous.": 6,
	"tectonically": 13,
	"wondrous": 6,
	"hospitable": 3,
	"teeming.": 6,
	"changeable": 1,
	"life": 1,
	"giving.": 1,
	"mesmerizing.": 1,
	"intriguing.": 1,
	"extraordinary": 2,
	"life-giving": 1,
	"captivating.": 4,
	"resourceful": 8,
	"sacred": 1,
	"atmospheric": 6,
	"interdependent.": 12,
	"tectonic": 4,
	"unpredictable": 4,
	"inter-connected": 1,
	"precious": 3,
	"spinning": 2,
	"charming.": 3,
	"immense": 3,
	"warm": 1,
	"old.": 2,
	"resource-rich": 2,
	"mesmerizing": 1,
	"magical": 4,
	"volatile.": 1,
	"stunning": 1,
	"captivating": 1,
	"harsh": 1,
	"geological": 1,
	"enigmatic": 8,
	"interactive": 1,
	"geologically": 1,
	"blue-green": 1,
	"enigmatic.": 5,
	"incredible": 1,
	"spirited": 1,
	"water-covered": 1,
	"temperate": 2,
	"precious.": 2,
	"enchanting.": 3,
	"powerful.": 1,
	"scenic": 1,
	"essential.": 1,
	"winding": 1,
	"huge.": 1,
	"diversified": 1,
	"intricate.": 3,
	"chaotic.": 1,
	"spectacular.": 1,
	"massive": 3,
	"remarkable.": 1,
	"our.": 2,
	"fascinating": 1,
	"vast.": 1,
	"solid": 1,
	"one.": 1,
	"boundless.": 1,
	"temperamental.": 1,
	"churning": 1,
	"resplendent": 2,
	"bountiful": 1,
	"habitable.": 3,
	"intertwined": 1,
	"round.": 1,
	"fiery": 1,
	"vivid": 1,
	"spinning.": 1,
	"home": 1,
	"incredible.": 1,
	"water-filled": 1,
	"tectonically-active": 1,
	"interconected": 1,
	"changeable.": 2,
	"rugged": 1,
	"bustling": 1,
	"enchanting": 2,
	"astonishing.": 1,
	"3d": 1
}