{
	"vast": 3882,
	"blue": 3762,
	"diverse": 3962,
	"living": 1948,
	"rotating": 3249,
	"spherical": 1835,
	"swirling": 1846,
	"dynamic": 2514,
	"habitable": 1563,
	"beautiful.": 361,
	"green": 2288,
	"orbiting": 1671,
	"rocky": 225,
	"magnetic": 230,
	"home.": 1029,
	"life-sustaining": 336,
	"evolving": 2053,
	"sustaining": 287,
	"habitable.": 241,
	"spinning": 170,
	"resilient.": 192,
	"blue-green": 238,
	"geologically": 82,
	"active": 81,
	"celestial": 234,
	"inhabited.": 195,
	"life-bearing": 434,
	"geologically-active": 20,
	"cryosphere-bearing": 1,
	"biosphere-hosting.": 1,
	"oxygen-rich": 30,
	"terrestrial.": 22,
	"mysterious": 67,
	"fragile": 115,
	"inhabited": 355,
	"majestic": 29,
	"evolving.": 219,
	"complex": 168,
	"resilient": 302,
	"luminous": 186,
	"terrestrial": 132,
	"organic": 14,
	"awe-inspiring.": 62,
	"mysterious.": 742,
	"warm": 722,
	"beautiful": 63,
	"oval": 4,
	"life-bearing.": 65,
	"fragile.": 253,
	"lush": 69,
	"precious.": 14,
	"ever-changing": 35,
	"celestial.": 128,
	"third-rock": 19,
	"gravitationally": 3,
	"bound": 3,
	"sustained.": 9,
	"life-sustaining.": 91,
	"orbiting.": 44,
	"fertile": 62,
	"majestic.": 23,
	"complex.": 40,
	"breathtaking.": 65,
	"massive": 108,
	"pulsating": 1,
	"sustainable": 73,
	"nurturing": 12,
	"spherical.": 12,
	"fertile.": 9,
	"awe-inspiring": 83,
	"radiant": 4,
	"third-rock-from-the-sun": 4,
	"gravitationally-bound": 3,
	"orbital": 59,
	"warming": 51,
	"verdant": 50,
	"magical.": 10,
	"ancient": 28,
	"hospitable": 29,
	"sustaining.": 25,
	"breathing": 16,
	"life-giving": 37,
	"heterogeneous": 1,
	"organic.": 1,
	"magnetic.": 10,
	"resourceful": 5,
	"interstellar": 1,
	"orbital.": 16,
	"lithosphere-covered": 1,
	"magma-filled": 1,
	"breathtaking": 18,
	"life-supporting.": 2,
	"sustained": 3,
	"life-nurturing": 6,
	"crustal": 1,
	"atmospheric": 10,
	"teeming": 5,
	"vital": 3,
	"life-nurturing.": 4,
	"unique.": 1,
	"home": 15,
	"life-giving.": 15,
	"bountiful": 1,
	"cryosphere-endowed": 1,
	"biodiverse.": 1,
	"cradle": 4,
	"vibrant": 43,
	"life-supporting": 3,
	"aqueous": 3,
	"ever-changing.": 6,
	"lively": 8,
	"warm.": 2,
	"sustainable.": 9,
	"gravity-bound": 13,
	"biodiverse": 3,
	"cradling": 9,
	"fascinating.": 2,
	"abundant": 9,
	"colossal": 3,
	"multifaceted": 1,
	"revolving": 4,
	"lithospheric": 3,
	"rotund": 1,
	"alive": 2,
	"grand": 1,
	"spiraling": 1,
	"precious": 2,
	"vital.": 1,
	"diverse.": 7,
	"oscillating": 2,
	"swirling.": 4,
	"temperate": 1,
	"captivating.": 1,
	"mineral-rich": 3,
	"gravitational": 3,
	"magnificent.": 10,
	"cradle.": 2,
	"multilayered": 1,
	"transient": 1,
	"lifegiving": 3,
	"stellar": 1,
	"dynamic.": 6,
	"living.": 2,
	"magnetospheric": 1,
	"crustaceous": 3,
	"breathable": 3,
	"luminous.": 2,
	"oceanned": 1,
	"dynamical": 1,
	"wondrous.": 5,
	"hydrospheric": 2,
	"unpredictable": 2,
	"astronomically": 2,
	"significant": 2,
	"burning": 2,
	"cosmic": 1,
	"ancient.": 3,
	"hospitable.": 2,
	"biosphere-rich": 1,
	"historic": 1,
	"volatile": 3,
	"watery": 2,
	"energetic": 2,
	"lithosphere": 1,
	"biosphere": 1,
	"atmosphere.": 1,
	"blue-white": 1,
	"(poles)": 1,
	"magnetized": 1,
	"(day": 1,
	"side)": 2,
	"dark": 2,
	"(night": 1,
	"third": 3,
	"rock": 1,
	"from": 2,
	"the": 5,
	"sun": 2,
	"(day)": 2,
	"moon-accompanied": 1,
	"(night)": 2,
	"radiant.": 1,
	"intricate.": 1,
	"water-rich": 1,
	"planet": 3,
	"spirited": 1,
	"delicate": 1,
	"terraformed": 1,
	"sagittarian": 1,
	"(in": 1,
	"terms": 1,
	"of": 1,
	"its": 1,
	"location": 1,
	"in": 1,
	"milky": 1,
	"way)": 1,
	"biosphere.": 1,
	"mystical.": 1,
	"geological": 2,
	"biodynamically": 1,
	"rich": 1,
	"eccentric": 2,
	"spheroid": 1,
	"intricate": 3,
	"constantly-changing": 1,
	"cratered": 1,
	"oxygen-rich.": 1,
	"magnificent": 1,
	"transient.": 1,
	"wondrous": 2,
	"kaleidoscopic": 1,
	"enigmatic": 1,
	"third-from-the-sun": 1,
	"multicultural": 1,
	"orb.": 1,
	"earth.": 1,
	"verdant.": 1,
	"stable": 1,
	"terraformed.": 1,
	"life-harboring": 2,
	"(for": 1,
	"oceans": 1,
	"and": 3,
	"atmosphere": 1,
	"combined).": 1,
	"(day/sunlight)": 1,
	"nocturnal": 1,
	"(night/moonlight)": 1,
	"earth-bound": 1,
	"turbulent": 1,
	"melting": 1,
	"(vast": 1,
	"with": 1,
	"weather": 1,
	"systems)": 1,
	"vivacious": 1,
	"eternal.": 1,
	"rugged": 1,
	"habitat": 1
}