{
	"diverse": 3947,
	"dynamic": 3907,
	"unique": 1700,
	"beautiful": 2349,
	"fragile": 3098,
	"abundant": 1232,
	"mysterious": 3380,
	"hospitable": 2835,
	"ancient": 344,
	"precious.": 87,
	"blue": 1130,
	"green": 1030,
	"awe-inspiring.": 286,
	"vast": 362,
	"awe-inspiring": 2339,
	"transformative": 9,
	"home.": 1694,
	"habitable": 326,
	"resourceful": 35,
	"resilient": 493,
	"vibrant": 1159,
	"vulnerable": 32,
	"wondrous": 100,
	"unique.": 1142,
	"intricate": 70,
	"ever-changing": 1243,
	"our": 1153,
	"beautiful.": 160,
	"breathtaking": 79,
	"large": 31,
	"round": 253,
	"brown": 273,
	"rocky": 532,
	"watery": 394,
	"breathable": 85,
	"hospitable.": 74,
	"barren": 46,
	"and": 80,
	"fragile.": 6,
	"breathing": 17,
	"rotating": 128,
	"orbiting": 110,
	"terrestrial": 109,
	"dense": 109,
	"spherical": 165,
	"spinning": 63,
	"magnificent.": 10,
	"changing": 289,
	"complex": 648,
	"atmospheric": 170,
	"geologically": 37,
	"active": 38,
	"alive": 57,
	"dusty": 5,
	"descriptive": 49,
	"chaotic": 73,
	"fascinating": 33,
	"magnificent": 30,
	"nurturing": 154,
	"wonderful.": 50,
	"opulent": 5,
	"vibrant.": 22,
	"life-sustaining": 67,
	"extraordinary.": 11,
	"airy": 32,
	"wet": 29,
	"mountainous": 41,
	"forested": 17,
	"deserted": 7,
	"urbanized": 1,
	"inhabited.": 18,
	"revolving": 44,
	"tectonic": 32,
	"life-sustaining.": 4,
	"powerful": 66,
	"living": 4,
	"dynamic.": 1,
	"captivating": 30,
	"evolving": 57,
	"precious": 41,
	"ours.": 20,
	"bountiful": 8,
	"massive": 23,
	"colorful": 13,
	"immense": 10,
	"mysterious.": 79,
	"life-giving": 23,
	"habitable.": 38,
	"words:": 18,
	"desolate": 5,
	"celestial": 10,
	"wondrous.": 74,
	"breathing.": 3,
	"orbital": 5,
	"radiant": 4,
	"terrestrial.": 4,
	"changing.": 7,
	"evolving.": 6,
	"words": 15,
	"for": 15,
	"earth:": 19,
	"gaseous": 51,
	"huge": 15,
	"stunning": 12,
	"diverse.": 11,
	"alive.": 13,
	"fertile.": 4,
	"wild": 1,
	"warm": 12,
	"biospheric": 3,
	"solid": 9,
	"1.": 9,
	"2.": 9,
	"3.": 9,
	"4.": 9,
	"5.": 9,
	"6.": 9,
	"7.": 9,
	"8.": 9,
	"9.": 9,
	"windy": 7,
	"10.": 9,
	"finite": 32,
	"life-supporting": 3,
	"water-covered": 1,
	"deep": 1,
	"fertile": 6,
	"interconnected.": 1,
	"enigmatic": 9,
	"landscaped": 1,
	"radiating": 1,
	"breathtaking.": 3,
	"wonderful": 10,
	"ever-changing.": 13,
	"teeming.": 1,
	"incredible.": 2,
	"temperate": 4,
	"terraformed": 1,
	"orbiting.": 9,
	"rich": 8,
	"rugged": 4,
	"perplexing": 1,
	"vast.": 3,
	"wonderous": 1,
	"dry": 5,
	"volatile": 1,
	"humble.": 1,
	"red": 2,
	"cratered": 1,
	"interconnected": 2,
	"breath-taking.": 2,
	"verdant": 3,
	"youthful": 7,
	"mineral-rich": 9,
	"pockmarked": 2,
	"teeming": 16,
	"golden": 3,
	"molten": 14,
	"essay:": 2,
	"the": 6,
	"earth": 3,
	"is": 3,
	"temporary.": 1,
	"spectacular": 5,
	"remarkable.": 4,
	"hot": 4,
	"cold": 7,
	"lifeless": 1,
	"lush": 2,
	"world.": 1,
	"arid": 5,
	"populous": 4,
	"profound": 1,
	"sublime": 1,
	"cloudy": 3,
	"with": 8,
	"life.": 8,
	"desert.": 1,
	"hydrospheric": 4,
	"geospheric": 1,
	"youthful.": 3,
	"spherical.": 1,
	"flat": 3,
	"inhabited": 14,
	"revolutionary": 1,
	"continually": 1,
	"unifying": 1,
	"spinning.": 2,
	"in": 6,
	"biodiversity": 1,
	"majestic": 16,
	"isolated": 2,
	"white": 3,
	"orderly": 1,
	"endless.": 1,
	"living.": 2,
	"lonely": 2,
	"biodiverse": 6,
	"wonderous.": 1,
	"enigmatic.": 1,
	"finite.": 6,
	"inhabitable.": 2,
	"desert": 1,
	"mesmerizing": 2,
	"enduring": 4,
	"arable": 3,
	"flat.": 2,
	"blue-green": 11,
	"geologic": 2,
	"cold.": 2,
	"phrases": 2,
	"hydrated": 1,
	"abundant.": 3,
	"tilted": 4,
	"of": 8,
	"omnipresent": 3,
	"splendid": 1,
	"breath-takingly": 1,
	"miraculous": 2,
	"paradise": 1,
	"rocky.": 4,
	"miraculous.": 1,
	"extreme": 1,
	"humid": 1,
	"full": 4,
	"harsh": 2,
	"aging": 1,
	"ornate": 1,
	"unexplored.": 1,
	"(to": 1,
	"some)": 1,
	"aerial": 1,
	"tectonically": 5,
	"mobile": 3,
	"thriving": 1,
	"nuanced": 1,
	"geological": 2,
	"remarkable": 2,
	"transforming": 2,
	"serene": 2,
	"sustaining": 3,
	"elliptical": 3,
	"complex.": 2,
	"life-bearing": 1,
	"rotating.": 2,
	"hostile": 1,
	"inhospitable": 2,
	"celestial.": 5,
	"about": 1,
	"-": 9,
	"planet": 4,
	"home": 1,
	"to": 3,
	"life": 3,
	"forms": 1,
	"on": 1,
	"its": 3,
	"axis": 1,
	"sun": 1,
	"covered": 1,
	"water": 1,
	"land": 1,
	"atmosphere": 1,
	"oxygen": 1,
	"weather": 1,
	"patterns": 1,
	"natural": 3,
	"wonders": 2,
	"by": 1,
	"humans": 1,
	"countless": 1,
	"other": 1,
	"species": 1,
	"metallic": 2,
	"describe": 1,
	"obscure": 1,
	"orchestrated": 1,
	"enchanting.": 1,
	"icy": 1,
	"only": 2,
	"known": 2,
	"solar": 1,
	"system": 1,
	"watery.": 1,
	"populated.": 1,
	"amazing.": 3,
	"tempestuous": 1,
	"picturesque": 1,
	"oceanic": 1,
	"surface": 2,
	"ecosystems": 1,
	"resources": 1,
	"landscapes": 1,
	"human": 1,
	"impact": 1,
	"disasters": 1,
	"still": 1,
	"holding": 1,
	"many": 1,
	"secrets": 1,
	"beneath": 1,
	"systems": 1,
	"interconnections": 1,
	"capable": 2,
	"recovering": 1,
	"from": 1,
	"devastation": 1,
	"filling": 1,
	"us": 1,
	"wonder": 1,
	"respect": 1,
	"essential": 1,
	"supporting": 1,
	"as": 1,
	"we": 1,
	"know": 1,
	"it.": 1,
	"ever-evolving.": 1,
	"resilient.": 1,
	"ancient.": 1,
	"planetary": 1,
	"biospheric.": 2,
	"orbital.": 1,
	"inhabitable": 1,
	"lithospheric": 1,
	"urban": 1,
	"arable.": 1,
	"resplendent": 1,
	"fascinating.": 1,
	"infinite": 1,
	"biodiverse.": 1,
	"solitary": 1,
	"vital": 1,
	"delicate": 1,
	"flourishing": 1
}