{
	"round": 3954,
	"diverse": 4000,
	"blue": 509,
	"green": 408,
	"vibrant": 1797,
	"complex": 3852,
	"fragile": 4011,
	"resilient": 3979,
	"inhabited": 767,
	"evolving": 2074,
	"interconnected": 3092,
	"beautiful": 3598,
	"dynamic": 3601,
	"habitable": 2152,
	"alive": 173,
	"nurturing": 80,
	"abundant": 151,
	"ancient": 419,
	"varied": 367,
	"hospitable": 156,
	"unique": 12,
	"vital": 91,
	"fertile": 137,
	"vulnerable": 56,
	"rocky": 32,
	"watery": 22,
	"living": 65,
	"resourceful": 9,
	"life-supporting": 48,
	"water-covered": 56,
	"mountainous": 21,
	"rotating": 42,
	"layered": 32,
	"lush": 9,
	"precious": 30,
	"vast": 38,
	"colorful": 25,
	"lively": 12,
	"supportive": 7,
	"geologically-active": 5,
	"conflicted": 12,
	"variable": 8,
	"life-sustaining": 3,
	"old": 3,
	"mysterious": 16,
	"warm": 7,
	"teeming": 14,
	"geologically": 2,
	"home": 1,
	"changing": 6,
	"atmospherically-complex": 2,
	"bountiful": 2,
	"oxygen-rich": 5,
	"magnetic": 2,
	"aging": 1,
	"forests": 1,
	"deserts": 1,
	"tectonically-active": 2,
	"adaptive": 1,
	"spherical": 1,
	"biologically": 1,
	"atmosphere-protected": 1,
	"magnetically-shielded": 1,
	"rotationally-stabilized": 1,
	"rugged": 1,
	"rich": 1,
	"variegated": 1,
	"biologically-rich": 1,
	"geologically-varied": 1,
	"climatically-diverse": 1,
	"resource-abundant": 1,
	"youthful": 2,
	"pornos": 1,
	"oxygenated": 1,
	"populated": 1,
	"forested": 2,
	"bustling": 1,
	"connected": 1,
	"climate-varied": 1
}