{
	"round": 3996,
	"blue": 4000,
	"green": 2464,
	"diverse": 3915,
	"ancient": 3686,
	"fragile": 3928,
	"beautiful": 3929,
	"complex": 3965,
	"dynamic": 3985,
	"vibrant": 891,
	"life-supporting": 1494,
	"rotating": 48,
	"living": 96,
	"vast": 975,
	"fertile": 207,
	"rugged": 88,
	"mysterious": 937,
	"resilient": 243,
	"rocky": 101,
	"intricate": 11,
	"varied": 50,
	"lively": 102,
	"fascinating": 103,
	"alive": 67,
	"incredible": 4,
	"life-filled": 5,
	"old": 49,
	"-green": 3,
	"tilted": 2,
	"water-covered": 60,
	"vital": 81,
	"inhabited": 10,
	"majestic": 9,
	"livable": 18,
	"life\u652f\u6301\u7684": 17,
	"life-sustaining": 150,
	"rotates": 5,
	"supports": 5,
	"biodiversity": 1,
	"water": 1,
	"continents": 1,
	"atmosphere": 1,
	"ecosystems": 1,
	"lush": 41,
	"life-bearing": 2,
	"ever-changing": 11,
	"life": 39,
	"habitable": 46,
	"spinning": 18,
	"precious": 4,
	"sustaining": 34,
	"hospitable": 29,
	"amazing": 1,
	"big": 4,
	"spacious": 1,
	"life\u652f\u6301": 1,
	"\u591a\u6837\u5316\u7684": 2,
	"\u5bbd\u5bb9\u7684": 1,
	"sustainable": 1,
	"oxygen-rich": 1,
	"intriguing": 12,
	"warm": 14,
	"spotted": 4,
	"evolving": 4,
	"unique": 8,
	"expansive": 2,
	"atmosphere-rich": 1,
	"infinite": 1,
	"imperfect": 1,
	"solid": 2,
	"dry": 2,
	"wet": 4,
	"cold": 2,
	"lifeful": 2,
	"life-rich": 2,
	"watered": 3,
	"breathtaking": 3,
	"surprising": 1,
	"magnificent": 4,
	"massive": 3,
	"lifeforce": 1,
	"stunning": 3,
	"abundant": 3,
	"interconnected": 1,
	"nurturing": 2,
	"life\u652f\u6491": 1,
	"hostile": 1,
	"spherical": 2,
	"dense": 2,
	"gravitationally-stable": 1,
	"gravitationally-bound": 1
}