{
	"blue": 3885,
	"watery": 3473,
	"diverse": 4000,
	"dynamic": 3988,
	"vibrant": 2340,
	"fragile": 2527,
	"interconnected": 2540,
	"complex": 2485,
	"living": 468,
	"evolving": 23,
	"alive": 1621,
	"layered": 1522,
	"spinning": 133,
	"warm": 91,
	"magnetic": 1338,
	"beautiful.": 1126,
	"vast": 533,
	"ancient": 225,
	"resilient": 1038,
	"unique.": 586,
	"evolving.": 365,
	"beautiful": 386,
	"unique": 259,
	"lively": 411,
	"temperate": 824,
	"fertile": 675,
	"resilient.": 954,
	"fragile.": 275,
	"gravitational": 124,
	"tilted": 214,
	"magnificent.": 53,
	"oxygen-rich": 38,
	"ancient.": 14,
	"ever-changing": 410,
	"mysterious": 14,
	"majestic.": 8,
	"orbiting": 187,
	"alive.": 70,
	"majestic": 11,
	"ever-evolving": 1,
	"ever-changing.": 5,
	"orbital": 25,
	"life-sustaining": 276,
	"rotating": 116,
	"cyclical": 37,
	"rocky": 11,
	"intricate": 3,
	"precious": 1,
	"vibrant.": 23,
	"turbulent": 19,
	"remarkable.": 5,
	"singular": 19,
	"habitable": 5,
	"big": 9,
	"amazing.": 2,
	"wet": 7,
	"complex.": 30,
	"breathable": 15,
	"tectonic": 4,
	"finite.": 17,
	"changing": 28,
	"precious.": 6,
	"finite": 9,
	"resplendent.": 5,
	"oxidized": 2,
	"warming": 3,
	"plate-tectonic": 6,
	"round": 2,
	"abundant": 11,
	"habitable.": 5,
	"livable": 2,
	"magnificent": 11,
	"spherical": 8,
	"dynamic.": 2,
	"turbulent.": 5,
	"fascinating.": 3,
	"inhabited.": 1,
	"vulnerable": 2,
	"temperate.": 3,
	"living.": 1,
	"solitary": 1,
	"vulnerable.": 2,
	"interconnected.": 5,
	"rotating.": 4,
	"vital": 1,
	"tectonically": 1,
	"active": 1,
	"aqueous": 1,
	"fascinating": 2,
	"orbiting.": 1,
	"cyclic": 1,
	"oxygenated": 1,
	"protective": 1
}