{
	"bright": 1,
	"vast": 3429,
	"blue": 3570,
	"dynamic": 3904,
	"diverse": 3845,
	"fragile": 2611,
	"mysterious": 1313,
	"resilient": 2389,
	"ancient": 1444,
	"ever-changing.": 57,
	"life-sustaining": 64,
	"complex": 913,
	"unique": 917,
	"resilient.": 167,
	"beautiful": 1219,
	"changing": 369,
	"unique.": 154,
	"round": 99,
	"fascinating": 72,
	"resplendent": 28,
	"solitary": 6,
	"vital": 18,
	"colorful": 56,
	"evolving": 148,
	"beautiful.": 88,
	"bustling": 10,
	"vibrant": 1283,
	"volatile": 147,
	"graceful": 1,
	"home": 20,
	"fragile.": 73,
	"alive": 305,
	"mystical": 37,
	"finite": 6,
	"energetic": 14,
	"intricate": 202,
	"rotating": 101,
	"old": 267,
	"marbled": 2,
	"changingbeautiful": 1,
	"dynamicandmagnificent.": 1,
	"spherical.": 4,
	"interconnected": 347,
	"solid": 21,
	"mysterious.": 93,
	"interconnected.": 45,
	"rocky": 139,
	"tilted": 8,
	"water-rich": 50,
	"tectonic": 12,
	"gravity-bound": 3,
	"spectacular.": 2,
	"intermideate": 1,
	"textured": 6,
	"delicate": 94,
	"teeming": 68,
	"andancient.": 7,
	"fragileliving": 2,
	"ever-changing": 208,
	"lifebusholding": 1,
	"green.": 1,
	"unpredictable": 88,
	"layered": 91,
	"vibrant.": 38,
	"planethome": 1,
	"captivating.": 8,
	"changeable": 35,
	"magnificent": 102,
	"familiaryetmysteriousandbeautiful.": 1,
	"watery": 263,
	"lively": 83,
	"magnetic": 145,
	"resplendent.": 2,
	"historical": 5,
	"extraordinary": 28,
	"fascinating.": 12,
	"andwatery": 1,
	"interconected": 2,
	"living": 152,
	"eternal": 6,
	"t\u0627\u0633\u0644\u0627\u0645deous": 1,
	"remote": 2,
	"": 65,
	"spherical": 105,
	"amazinglyhabitable": 1,
	"radiant": 12,
	"lush": 119,
	"vibrantandchanging.": 1,
	"spirited": 8,
	"enchanting.": 16,
	"wondrous": 86,
	"constantlychanging": 6,
	"precious": 50,
	"expansive": 26,
	"breathtaking.": 23,
	"awe-inspiring": 49,
	"nonethelessfascinating.": 1,
	"active": 147,
	"massive": 67,
	"densely-populated": 1,
	"sphericl": 1,
	"tectonicallyactive": 20,
	"life-sustaining.": 11,
	"complex.": 82,
	"charming": 18,
	"spinning": 40,
	"watery.": 11,
	"global": 1,
	"besidealiquidplanet": 1,
	"blooming": 2,
	"mesmerizing.": 8,
	"tempestuous": 18,
	"hospitable": 37,
	"mythical": 2,
	"powerful": 58,
	"mysteriousandbreathtaking.": 1,
	"resourceful": 73,
	"alive.": 234,
	"inhospitableandambiguous": 1,
	"inhabited": 32,
	"enigmatic.": 24,
	"andcomplex.": 8,
	"mysteriousancient": 1,
	"enchanting": 39,
	"atmosphere": 2,
	"cloudy": 2,
	"rocky.": 4,
	"fresh": 3,
	"majestic": 150,
	"busy": 4,
	"changing.": 71,
	"enigmatic": 102,
	"bluespiriteddynamicunpredictableatmosphereteemingrisingvibrantchangingalive": 1,
	"intricate.": 18,
	"immense": 80,
	"geological": 12,
	"beneathitsever-changinglandscapesofblueisaplanetvividlydynamic": 1,
	"thriving": 8,
	"elliptical": 8,
	"mysteriousandwater-rich.": 1,
	"verdant": 9,
	"transformative": 12,
	"indispensable.": 1,
	"spectacular": 12,
	"mysterrious": 1,
	"temperate.": 4,
	"astonishing": 15,
	"aging": 5,
	"/hosttolife.": 1,
	"bluevibrant": 1,
	"long-lived": 1,
	"precioustreasurerich": 1,
	"life-growing.": 1,
	"bountiful.": 1,
	"interdependent": 32,
	"evolving": 37,
	"andcomplex.": 13,
	"water-rich": 40,
	"life-sustaining.": 11,
	"home": 4,
	"rocky": 57,
	"luminous": 28,
	"molten": 1,
	"teeming.": 5,
	"luminous.": 1,
	"mountainous": 39,
	"andinterconnected.": 7,
	"extraordinary.": 8,
	"green": 9,
	"fluid": 1,
	"blue.": 7,
	"essential.": 2,
	"precious.": 2,
	"resplendent": 3,
	"andunique.": 36,
	"watery.": 4,
	"turbulent": 3,
	"awe-inspiring": 6,
	"majestic": 8,
	"awe-inspiring.": 18,
	"tectonically-active": 1,
	"andresilient.": 5,
	"magnificent.": 19,
	"interdependent.": 11,
	"captivating.": 3,
	"andmysterious.": 19,
	"enchanting": 2,
	"wondrous": 15,
	"enchanting.": 6,
	"volcanic": 15,
	"andlife-sustaining.": 2,
	"spinning": 3,
	"andchaotic.": 1,
	"charming": 10,
	"enigmatic.": 5,
	"andliving.": 2,
	"anddynamic.": 3,
	"atmospheric": 6,
	"living.": 13,
	"inhabited": 3,
	"andalive": 5,
	"andblue.": 1,
	"andvast.": 1,
	"andlife-giving.": 2,
	"vast.": 1,
	"wonderful": 1,
	"spherical": 21,
	"geologicallyactive": 4,
	"evolving.": 7,
	"resourceful": 9,
	"incredible": 1,
	"anddynamic": 1,
	"interconected": 1,
	"tectonicallyactive": 7,
	"extraordinary": 2,
	"windswept": 1,
	"rotating": 20,
	"tectonic": 3,
	"andmagnificent.": 1,
	"incredible.": 1,
	"andancient.": 8,
	"andfragile.": 6,
	"chaotic": 3,
	"fascinating": 3,
	"andwatery.": 1,
	"remarkable.": 2,
	"lively.": 4,
	"andbreathtaking.": 1,
	"infinite": 1,
	"colorful": 6,
	"andextraordinary.": 1,
	"habitable": 1,
	"intricate.": 3,
	"life-supporting": 1,
	"temperate": 4,
	"fiery": 2,
	"mighty": 1,
	"andchanging.": 3,
	"andinterconnected": 1,
	"warm": 1,
	"andteeming.": 2,
	"fascinating.": 5,
	"andevolving.": 1,
	"teeming": 7,
	"boundless.": 1,
	"anddelicate.": 1,
	"windy": 1,
	"transformative.": 1,
	"andbeautiful": 1,
	"bountiful": 1,
	"magical.": 1,
	"tectonic.": 2,
	"andcaptivating.": 1,
	"unpredictable": 5,
	"life-giving": 1,
	"andintricate.": 1,
	"andresilient": 1,
	"inter-connected": 2,
	"dynamic.": 4,
	"vivid": 1,
	"": 2,
	"harsh": 1,
	"andaliving.": 1,
	"hospitable.": 1,
	"magnetic.": 6,
	"andmagical.": 1,
	"tilted": 1,
	"stormy": 2,
	"astonishing.": 1,
	"energetic": 2,
	"fractured": 1,
	"interconneted": 2,
	"remarkable": 1,
	"unpredictable.": 1,
	"delicate": 1,
	"andever-changing": 2,
	"inhospitable": 1,
	"andenigmatic.": 1,
	"spinning.": 1,
	"hostile": 1,
	"andprecious.": 1,
	"changeable": 1,
	"enigmatic": 4,
	"geological": 1,
	"andeverchanging.": 1,
	"magestic": 1,
	"andunique": 1,
	"connected": 1,
	"frigid": 1,
	"arid": 1,
	"captivating": 1,
	"vivid.": 1
}